shift_id,department_id,shift_date,shift_type,doctors_on_shift,nurses_on_shift,support_staff_on_shift
1,1,2024-01-01,Morning,4,9,6
2,1,2024-01-01,Afternoon,3,11,5
3,1,2024-01-01,Night,2,5,3
4,1,2024-01-02,Morning,4,9,6
5,1,2024-01-02,Afternoon,4,10,6
6,1,2024-01-02,Night,3,5,3
7,1,2024-01-03,Morning,4,11,6
8,1,2024-01-03,Afternoon,4,10,6
9,1,2024-01-03,Night,2,5,3
10,1,2024-01-04,Morning,4,10,6
11,1,2024-01-04,Afternoon,4,11,6
12,1,2024-01-04,Night,3,5,4
13,1,2024-01-05,Morning,4,10,5
14,1,2024-01-05,Afternoon,4,10,6
15,1,2024-01-05,Night,2,5,3
16,1,2024-01-06,Morning,4,11,6
17,1,2024-01-06,Afternoon,4,11,6
18,1,2024-01-06,Night,2,6,3
19,1,2024-01-07,Morning,4,10,5
20,1,2024-01-07,Afternoon,4,11,6
21,1,2024-01-07,Night,2,4,2
22,1,2024-01-08,Morning,4,9,6
23,1,2024-01-08,Afternoon,4,10,6
24,1,2024-01-08,Night,2,5,2
25,1,2024-01-09,Morning,4,9,5
26,1,2024-01-09,Afternoon,4,10,6
27,1,2024-01-09,Night,2,6,3
28,1,2024-01-10,Morning,4,10,5
29,1,2024-01-10,Afternoon,4,9,5
30,1,2024-01-10,Night,3,5,3
31,1,2024-01-11,Morning,4,10,5
32,1,2024-01-11,Afternoon,3,10,4
33,1,2024-01-11,Night,2,4,3
34,1,2024-01-12,Morning,4,9,6
35,1,2024-01-12,Afternoon,4,10,5
36,1,2024-01-12,Night,2,5,3
37,1,2024-01-13,Morning,3,11,6
38,1,2024-01-13,Afternoon,4,11,5
39,1,2024-01-13,Night,2,6,3
40,1,2024-01-14,Morning,5,11,6
41,1,2024-01-14,Afternoon,4,10,6
42,1,2024-01-14,Night,3,6,4
43,1,2024-01-15,Morning,4,9,5
44,1,2024-01-15,Afternoon,4,9,5
45,1,2024-01-15,Night,2,6,2
46,1,2024-01-16,Morning,4,9,6
47,1,2024-01-16,Afternoon,5,11,7
48,1,2024-01-16,Night,2,5,3
49,1,2024-01-17,Morning,4,10,5
50,1,2024-01-17,Afternoon,4,10,6
51,1,2024-01-17,Night,2,5,2
52,1,2024-01-18,Morning,4,10,6
53,1,2024-01-18,Afternoon,4,10,5
54,1,2024-01-18,Night,2,4,2
55,1,2024-01-19,Morning,4,11,6
56,1,2024-01-19,Afternoon,4,9,5
57,1,2024-01-19,Night,2,5,2
58,1,2024-01-20,Morning,4,11,5
59,1,2024-01-20,Afternoon,4,10,6
60,1,2024-01-20,Night,2,6,3
61,1,2024-01-21,Morning,4,11,6
62,1,2024-01-21,Afternoon,4,11,7
63,1,2024-01-21,Night,2,6,3
64,1,2024-01-22,Morning,5,9,6
65,1,2024-01-22,Afternoon,5,10,5
66,1,2024-01-22,Night,3,5,3
67,1,2024-01-23,Morning,4,10,6
68,1,2024-01-23,Afternoon,4,11,6
69,1,2024-01-23,Night,2,4,2
70,1,2024-01-24,Morning,4,9,5
71,1,2024-01-24,Afternoon,3,11,6
72,1,2024-01-24,Night,2,5,3
73,1,2024-01-25,Morning,5,10,6
74,1,2024-01-25,Afternoon,4,10,6
75,1,2024-01-25,Night,2,5,3
76,1,2024-01-26,Morning,5,10,7
77,1,2024-01-26,Afternoon,4,9,4
78,1,2024-01-26,Night,3,5,4
79,1,2024-01-27,Morning,4,10,5
80,1,2024-01-27,Afternoon,4,10,5
81,1,2024-01-27,Night,2,5,2
82,1,2024-01-28,Morning,5,10,5
83,1,2024-01-28,Afternoon,5,10,7
84,1,2024-01-28,Night,2,5,3
85,1,2024-01-29,Morning,4,10,5
86,1,2024-01-29,Afternoon,4,10,5
87,1,2024-01-29,Night,2,5,3
88,1,2024-01-30,Morning,4,10,5
89,1,2024-01-30,Afternoon,4,10,6
90,1,2024-01-30,Night,2,5,3
91,1,2024-01-31,Morning,4,10,6
92,1,2024-01-31,Afternoon,5,11,7
93,1,2024-01-31,Night,2,5,3
94,1,2024-02-01,Morning,4,10,5
95,1,2024-02-01,Afternoon,4,11,5
96,1,2024-02-01,Night,3,5,3
97,1,2024-02-02,Morning,4,10,5
98,1,2024-02-02,Afternoon,5,10,5
99,1,2024-02-02,Night,2,5,3
100,1,2024-02-03,Morning,3,10,5
101,1,2024-02-03,Afternoon,3,12,6
102,1,2024-02-03,Night,2,5,2
103,1,2024-02-04,Morning,5,10,6
104,1,2024-02-04,Afternoon,4,12,7
105,1,2024-02-04,Night,3,7,4
106,1,2024-02-05,Morning,4,8,4
107,1,2024-02-05,Afternoon,4,11,6
108,1,2024-02-05,Night,3,5,4
109,1,2024-02-06,Morning,4,11,5
110,1,2024-02-06,Afternoon,4,10,5
111,1,2024-02-06,Night,3,6,3
112,1,2024-02-07,Morning,4,9,5
113,1,2024-02-07,Afternoon,4,10,6
114,1,2024-02-07,Night,1,6,3
115,1,2024-02-08,Morning,4,10,6
116,1,2024-02-08,Afternoon,4,9,5
117,1,2024-02-08,Night,3,4,3
118,1,2024-02-09,Morning,4,11,6
119,1,2024-02-09,Afternoon,4,11,6
120,1,2024-02-09,Night,2,5,3
121,1,2024-02-10,Morning,4,10,6
122,1,2024-02-10,Afternoon,4,10,6
123,1,2024-02-10,Night,2,5,3
124,1,2024-02-11,Morning,4,11,7
125,1,2024-02-11,Afternoon,4,11,6
126,1,2024-02-11,Night,2,7,3
127,1,2024-02-12,Morning,4,9,5
128,1,2024-02-12,Afternoon,3,11,5
129,1,2024-02-12,Night,2,4,3
130,1,2024-02-13,Morning,4,10,5
131,1,2024-02-13,Afternoon,4,9,5
132,1,2024-02-13,Night,3,5,3
133,1,2024-02-14,Morning,4,10,6
134,1,2024-02-14,Afternoon,4,10,6
135,1,2024-02-14,Night,2,6,3
136,1,2024-02-15,Morning,4,10,6
137,1,2024-02-15,Afternoon,3,9,4
138,1,2024-02-15,Night,2,4,3
139,1,2024-02-16,Morning,4,10,6
140,1,2024-02-16,Afternoon,4,11,7
141,1,2024-02-16,Night,2,5,3
142,1,2024-02-17,Morning,4,10,5
143,1,2024-02-17,Afternoon,5,11,6
144,1,2024-02-17,Night,2,6,3
145,1,2024-02-18,Morning,3,10,6
146,1,2024-02-18,Afternoon,4,10,5
147,1,2024-02-18,Night,3,5,3
148,1,2024-02-19,Morning,4,9,6
149,1,2024-02-19,Afternoon,3,10,6
150,1,2024-02-19,Night,3,5,3
151,1,2024-02-20,Morning,4,10,7
152,1,2024-02-20,Afternoon,4,11,6
153,1,2024-02-20,Night,2,6,3
154,1,2024-02-21,Morning,4,10,5
155,1,2024-02-21,Afternoon,3,9,4
156,1,2024-02-21,Night,2,5,4
157,1,2024-02-22,Morning,4,11,6
158,1,2024-02-22,Afternoon,4,10,6
159,1,2024-02-22,Night,2,6,4
160,1,2024-02-23,Morning,4,9,6
161,1,2024-02-23,Afternoon,5,10,6
162,1,2024-02-23,Night,2,6,3
163,1,2024-02-24,Morning,4,10,5
164,1,2024-02-24,Afternoon,4,11,6
165,1,2024-02-24,Night,3,5,3
166,1,2024-02-25,Morning,3,11,5
167,1,2024-02-25,Afternoon,3,9,5
168,1,2024-02-25,Night,2,6,2
169,1,2024-02-26,Morning,4,7,6
170,1,2024-02-26,Afternoon,4,10,6
171,1,2024-02-26,Night,2,4,2
172,1,2024-02-27,Morning,4,10,6
173,1,2024-02-27,Afternoon,4,10,6
174,1,2024-02-27,Night,2,6,3
175,1,2024-02-28,Morning,4,11,7
176,1,2024-02-28,Afternoon,5,10,6
177,1,2024-02-28,Night,3,5,3
178,1,2024-02-29,Morning,4,9,5
179,1,2024-02-29,Afternoon,4,9,5
180,1,2024-02-29,Night,1,6,2
181,1,2024-03-01,Morning,4,9,5
182,1,2024-03-01,Afternoon,4,10,6
183,1,2024-03-01,Night,2,5,3
184,1,2024-03-02,Morning,4,11,6
185,1,2024-03-02,Afternoon,5,11,6
186,1,2024-03-02,Night,2,5,2
187,1,2024-03-03,Morning,4,10,6
188,1,2024-03-03,Afternoon,4,11,6
189,1,2024-03-03,Night,3,6,4
190,1,2024-03-04,Morning,4,8,5
191,1,2024-03-04,Afternoon,4,9,5
192,1,2024-03-04,Night,2,5,2
193,1,2024-03-05,Morning,4,11,6
194,1,2024-03-05,Afternoon,3,10,5
195,1,2024-03-05,Night,2,5,3
196,1,2024-03-06,Morning,4,11,6
197,1,2024-03-06,Afternoon,5,10,5
198,1,2024-03-06,Night,3,5,2
199,1,2024-03-07,Morning,4,9,5
200,1,2024-03-07,Afternoon,4,10,5
201,1,2024-03-07,Night,2,6,4
202,1,2024-03-08,Morning,4,10,6
203,1,2024-03-08,Afternoon,4,10,5
204,1,2024-03-08,Night,2,6,3
205,1,2024-03-09,Morning,4,10,5
206,1,2024-03-09,Afternoon,4,10,6
207,1,2024-03-09,Night,3,5,3
208,1,2024-03-10,Morning,4,11,6
209,1,2024-03-10,Afternoon,4,11,6
210,1,2024-03-10,Night,2,6,2
211,1,2024-03-11,Morning,5,9,5
212,1,2024-03-11,Afternoon,4,9,5
213,1,2024-03-11,Night,2,5,3
214,1,2024-03-12,Morning,3,10,6
215,1,2024-03-12,Afternoon,4,11,6
216,1,2024-03-12,Night,3,5,2
217,1,2024-03-13,Morning,4,10,7
218,1,2024-03-13,Afternoon,5,10,5
219,1,2024-03-13,Night,3,6,3
220,1,2024-03-14,Morning,4,10,5
221,1,2024-03-14,Afternoon,4,9,5
222,1,2024-03-14,Night,2,5,2
223,1,2024-03-15,Morning,4,9,5
224,1,2024-03-15,Afternoon,4,8,5
225,1,2024-03-15,Night,2,5,3
226,1,2024-03-16,Morning,5,11,7
227,1,2024-03-16,Afternoon,4,11,6
228,1,2024-03-16,Night,3,6,3
229,1,2024-03-17,Morning,4,10,6
230,1,2024-03-17,Afternoon,4,11,6
231,1,2024-03-17,Night,2,6,4
232,1,2024-03-18,Morning,4,7,4
233,1,2024-03-18,Afternoon,4,9,5
234,1,2024-03-18,Night,3,5,3
235,1,2024-03-19,Morning,4,9,6
236,1,2024-03-19,Afternoon,4,9,5
237,1,2024-03-19,Night,3,5,3
238,1,2024-03-20,Morning,4,10,6
239,1,2024-03-20,Afternoon,4,10,5
240,1,2024-03-20,Night,2,6,3
241,1,2024-03-21,Morning,4,10,4
242,1,2024-03-21,Afternoon,4,9,6
243,1,2024-03-21,Night,3,5,3
244,1,2024-03-22,Morning,4,9,5
245,1,2024-03-22,Afternoon,4,10,6
246,1,2024-03-22,Night,3,5,4
247,1,2024-03-23,Morning,3,10,6
248,1,2024-03-23,Afternoon,4,11,5
249,1,2024-03-23,Night,3,6,4
250,1,2024-03-24,Morning,4,11,6
251,1,2024-03-24,Afternoon,4,11,5
252,1,2024-03-24,Night,3,7,5
253,1,2024-03-25,Morning,4,8,5
254,1,2024-03-25,Afternoon,4,10,6
255,1,2024-03-25,Night,3,6,4
256,1,2024-03-26,Morning,4,9,5
257,1,2024-03-26,Afternoon,5,9,6
258,1,2024-03-26,Night,3,6,4
259,1,2024-03-27,Morning,4,10,5
260,1,2024-03-27,Afternoon,4,10,5
261,1,2024-03-27,Night,2,5,4
262,1,2024-03-28,Morning,4,11,6
263,1,2024-03-28,Afternoon,4,10,5
264,1,2024-03-28,Night,2,5,2
265,1,2024-03-29,Morning,4,10,5
266,1,2024-03-29,Afternoon,4,10,6
267,1,2024-03-29,Night,2,6,3
268,1,2024-03-30,Morning,4,10,6
269,1,2024-03-30,Afternoon,4,11,6
270,1,2024-03-30,Night,2,5,3
271,1,2024-03-31,Morning,4,10,6
272,1,2024-03-31,Afternoon,4,10,6
273,1,2024-03-31,Night,2,5,3
274,1,2024-04-01,Morning,4,8,6
275,1,2024-04-01,Afternoon,3,9,4
276,1,2024-04-01,Night,2,5,3
277,1,2024-04-02,Morning,3,11,6
278,1,2024-04-02,Afternoon,4,11,6
279,1,2024-04-02,Night,2,5,3
280,1,2024-04-03,Morning,5,11,6
281,1,2024-04-03,Afternoon,4,11,7
282,1,2024-04-03,Night,2,5,3
283,1,2024-04-04,Morning,4,12,6
284,1,2024-04-04,Afternoon,4,11,6
285,1,2024-04-04,Night,2,6,3
286,1,2024-04-05,Morning,4,10,6
287,1,2024-04-05,Afternoon,4,9,5
288,1,2024-04-05,Night,2,4,2
289,1,2024-04-06,Morning,4,10,5
290,1,2024-04-06,Afternoon,4,10,6
291,1,2024-04-06,Night,2,6,4
292,1,2024-04-07,Morning,3,11,5
293,1,2024-04-07,Afternoon,4,10,6
294,1,2024-04-07,Night,2,5,3
295,1,2024-04-08,Morning,4,8,4
296,1,2024-04-08,Afternoon,4,10,5
297,1,2024-04-08,Night,2,4,2
298,1,2024-04-09,Morning,4,10,6
299,1,2024-04-09,Afternoon,4,10,5
300,1,2024-04-09,Night,3,5,2
301,1,2024-04-10,Morning,4,10,6
302,1,2024-04-10,Afternoon,4,11,7
303,1,2024-04-10,Night,2,5,3
304,1,2024-04-11,Morning,4,9,5
305,1,2024-04-11,Afternoon,4,10,6
306,1,2024-04-11,Night,3,6,4
307,1,2024-04-12,Morning,3,11,5
308,1,2024-04-12,Afternoon,4,9,5
309,1,2024-04-12,Night,3,5,3
310,1,2024-04-13,Morning,4,11,6
311,1,2024-04-13,Afternoon,4,11,7
312,1,2024-04-13,Night,3,6,4
313,1,2024-04-14,Morning,4,10,6
314,1,2024-04-14,Afternoon,4,11,6
315,1,2024-04-14,Night,3,6,4
316,1,2024-04-15,Morning,4,8,3
317,1,2024-04-15,Afternoon,3,10,4
318,1,2024-04-15,Night,3,5,3
319,1,2024-04-16,Morning,5,10,6
320,1,2024-04-16,Afternoon,4,11,6
321,1,2024-04-16,Night,2,6,3
322,1,2024-04-17,Morning,4,10,5
323,1,2024-04-17,Afternoon,4,10,6
324,1,2024-04-17,Night,2,5,3
325,1,2024-04-18,Morning,4,10,5
326,1,2024-04-18,Afternoon,4,9,5
327,1,2024-04-18,Night,3,4,3
328,1,2024-04-19,Morning,4,9,6
329,1,2024-04-19,Afternoon,4,10,5
330,1,2024-04-19,Night,2,5,3
331,1,2024-04-20,Morning,5,11,7
332,1,2024-04-20,Afternoon,4,11,6
333,1,2024-04-20,Night,2,6,3
334,1,2024-04-21,Morning,4,11,6
335,1,2024-04-21,Afternoon,4,10,6
336,1,2024-04-21,Night,3,6,3
337,1,2024-04-22,Morning,4,9,5
338,1,2024-04-22,Afternoon,4,11,5
339,1,2024-04-22,Night,2,5,3
340,1,2024-04-23,Morning,4,10,6
341,1,2024-04-23,Afternoon,4,10,6
342,1,2024-04-23,Night,2,6,3
343,1,2024-04-24,Morning,4,9,5
344,1,2024-04-24,Afternoon,4,11,6
345,1,2024-04-24,Night,3,5,3
346,1,2024-04-25,Morning,4,10,5
347,1,2024-04-25,Afternoon,4,10,5
348,1,2024-04-25,Night,3,6,4
349,1,2024-04-26,Morning,4,10,5
350,1,2024-04-26,Afternoon,4,10,6
351,1,2024-04-26,Night,2,4,2
352,1,2024-04-27,Morning,3,12,7
353,1,2024-04-27,Afternoon,4,11,6
354,1,2024-04-27,Night,2,6,4
355,1,2024-04-28,Morning,4,10,5
356,1,2024-04-28,Afternoon,4,10,6
357,1,2024-04-28,Night,2,6,3
358,1,2024-04-29,Morning,4,8,4
359,1,2024-04-29,Afternoon,4,9,6
360,1,2024-04-29,Night,2,7,4
361,1,2024-04-30,Morning,4,10,6
362,1,2024-04-30,Afternoon,4,10,5
363,1,2024-04-30,Night,2,4,3
364,1,2024-05-01,Morning,4,10,6
365,1,2024-05-01,Afternoon,4,10,5
366,1,2024-05-01,Night,3,6,4
367,1,2024-05-02,Morning,4,11,7
368,1,2024-05-02,Afternoon,4,10,6
369,1,2024-05-02,Night,3,5,3
370,1,2024-05-03,Morning,5,10,6
371,1,2024-05-03,Afternoon,4,11,5
372,1,2024-05-03,Night,2,5,3
373,1,2024-05-04,Morning,4,11,6
374,1,2024-05-04,Afternoon,4,10,6
375,1,2024-05-04,Night,2,5,3
376,1,2024-05-05,Morning,5,10,6
377,1,2024-05-05,Afternoon,3,10,5
378,1,2024-05-05,Night,2,5,3
379,1,2024-05-06,Morning,5,8,5
380,1,2024-05-06,Afternoon,4,10,6
381,1,2024-05-06,Night,1,6,2
382,1,2024-05-07,Morning,4,10,6
383,1,2024-05-07,Afternoon,4,10,6
384,1,2024-05-07,Night,2,6,4
385,1,2024-05-08,Morning,4,10,6
386,1,2024-05-08,Afternoon,4,10,6
387,1,2024-05-08,Night,2,4,2
388,1,2024-05-09,Morning,4,10,5
389,1,2024-05-09,Afternoon,4,9,6
390,1,2024-05-09,Night,2,6,3
391,1,2024-05-10,Morning,3,9,5
392,1,2024-05-10,Afternoon,4,9,4
393,1,2024-05-10,Night,2,5,3
394,1,2024-05-11,Morning,3,11,6
395,1,2024-05-11,Afternoon,4,10,6
396,1,2024-05-11,Night,2,5,3
397,1,2024-05-12,Morning,4,11,7
398,1,2024-05-12,Afternoon,4,11,6
399,1,2024-05-12,Night,3,7,3
400,1,2024-05-13,Morning,5,8,5
401,1,2024-05-13,Afternoon,4,9,5
402,1,2024-05-13,Night,2,5,2
403,1,2024-05-14,Morning,4,10,7
404,1,2024-05-14,Afternoon,4,10,5
405,1,2024-05-14,Night,2,5,1
406,1,2024-05-15,Morning,3,9,4
407,1,2024-05-15,Afternoon,5,9,6
408,1,2024-05-15,Night,3,6,4
409,1,2024-05-16,Morning,4,9,6
410,1,2024-05-16,Afternoon,4,10,6
411,1,2024-05-16,Night,2,5,2
412,1,2024-05-17,Morning,4,10,5
413,1,2024-05-17,Afternoon,4,10,6
414,1,2024-05-17,Night,3,6,3
415,1,2024-05-18,Morning,4,12,7
416,1,2024-05-18,Afternoon,4,11,5
417,1,2024-05-18,Night,2,5,3
418,1,2024-05-19,Morning,4,11,6
419,1,2024-05-19,Afternoon,4,10,6
420,1,2024-05-19,Night,3,5,3
421,1,2024-05-20,Morning,4,9,6
422,1,2024-05-20,Afternoon,4,10,6
423,1,2024-05-20,Night,3,5,4
424,1,2024-05-21,Morning,5,10,7
425,1,2024-05-21,Afternoon,4,10,5
426,1,2024-05-21,Night,2,5,4
427,1,2024-05-22,Morning,4,10,6
428,1,2024-05-22,Afternoon,3,9,5
429,1,2024-05-22,Night,3,5,3
430,1,2024-05-23,Morning,5,10,6
431,1,2024-05-23,Afternoon,4,10,5
432,1,2024-05-23,Night,3,4,3
433,1,2024-05-24,Morning,4,9,5
434,1,2024-05-24,Afternoon,4,9,4
435,1,2024-05-24,Night,3,6,3
436,1,2024-05-25,Morning,4,9,6
437,1,2024-05-25,Afternoon,4,9,5
438,1,2024-05-25,Night,2,6,3
439,1,2024-05-26,Morning,5,11,6
440,1,2024-05-26,Afternoon,3,11,6
441,1,2024-05-26,Night,2,5,3
442,1,2024-05-27,Morning,4,8,5
443,1,2024-05-27,Afternoon,3,10,5
444,1,2024-05-27,Night,2,6,3
445,1,2024-05-28,Morning,4,11,6
446,1,2024-05-28,Afternoon,4,11,6
447,1,2024-05-28,Night,2,7,3
448,1,2024-05-29,Morning,4,10,5
449,1,2024-05-29,Afternoon,5,9,6
450,1,2024-05-29,Night,3,5,3
451,1,2024-05-30,Morning,4,10,5
452,1,2024-05-30,Afternoon,5,10,6
453,1,2024-05-30,Night,2,5,3
454,1,2024-05-31,Morning,4,10,6
455,1,2024-05-31,Afternoon,4,9,5
456,1,2024-05-31,Night,2,5,3
457,1,2024-06-01,Morning,4,11,5
458,1,2024-06-01,Afternoon,4,11,5
459,1,2024-06-01,Night,3,5,3
460,1,2024-06-02,Morning,4,11,7
461,1,2024-06-02,Afternoon,3,11,5
462,1,2024-06-02,Night,2,5,3
463,1,2024-06-03,Morning,4,9,5
464,1,2024-06-03,Afternoon,4,9,6
465,1,2024-06-03,Night,3,5,2
466,1,2024-06-04,Morning,4,11,6
467,1,2024-06-04,Afternoon,3,10,6
468,1,2024-06-04,Night,2,5,3
469,1,2024-06-05,Morning,4,10,6
470,1,2024-06-05,Afternoon,4,10,6
471,1,2024-06-05,Night,3,5,2
472,1,2024-06-06,Morning,5,11,6
473,1,2024-06-06,Afternoon,4,11,6
474,1,2024-06-06,Night,2,5,3
475,1,2024-06-07,Morning,5,10,6
476,1,2024-06-07,Afternoon,4,9,6
477,1,2024-06-07,Night,3,6,3
478,1,2024-06-08,Morning,4,10,5
479,1,2024-06-08,Afternoon,4,11,6
480,1,2024-06-08,Night,2,4,3
481,1,2024-06-09,Morning,4,10,5
482,1,2024-06-09,Afternoon,4,11,6
483,1,2024-06-09,Night,3,7,4
484,1,2024-06-10,Morning,4,8,5
485,1,2024-06-10,Afternoon,4,10,6
486,1,2024-06-10,Night,3,5,3
487,1,2024-06-11,Morning,4,11,6
488,1,2024-06-11,Afternoon,4,10,6
489,1,2024-06-11,Night,2,6,3
490,1,2024-06-12,Morning,3,9,4
491,1,2024-06-12,Afternoon,4,10,6
492,1,2024-06-12,Night,2,4,2
493,1,2024-06-13,Morning,3,11,5
494,1,2024-06-13,Afternoon,4,11,6
495,1,2024-06-13,Night,3,5,4
496,1,2024-06-14,Morning,4,10,5
497,1,2024-06-14,Afternoon,4,10,5
498,1,2024-06-14,Night,2,5,2
499,1,2024-06-15,Morning,4,10,6
500,1,2024-06-15,Afternoon,4,10,5
501,1,2024-06-15,Night,2,5,3
502,1,2024-06-16,Morning,4,11,6
503,1,2024-06-16,Afternoon,4,9,6
504,1,2024-06-16,Night,2,6,3
505,1,2024-06-17,Morning,3,9,4
506,1,2024-06-17,Afternoon,4,10,6
507,1,2024-06-17,Night,2,5,2
508,1,2024-06-18,Morning,4,8,5
509,1,2024-06-18,Afternoon,4,10,6
510,1,2024-06-18,Night,2,5,3
511,1,2024-06-19,Morning,4,10,6
512,1,2024-06-19,Afternoon,5,9,5
513,1,2024-06-19,Night,2,6,3
514,1,2024-06-20,Morning,4,11,6
515,1,2024-06-20,Afternoon,4,10,6
516,1,2024-06-20,Night,2,5,2
517,1,2024-06-21,Morning,4,10,5
518,1,2024-06-21,Afternoon,4,10,5
519,1,2024-06-21,Night,2,4,2
520,1,2024-06-22,Morning,4,11,6
521,1,2024-06-22,Afternoon,4,10,5
522,1,2024-06-22,Night,2,5,2
523,1,2024-06-23,Morning,4,10,6
524,1,2024-06-23,Afternoon,4,10,5
525,1,2024-06-23,Night,2,6,2
526,1,2024-06-24,Morning,4,8,5
527,1,2024-06-24,Afternoon,4,9,6
528,1,2024-06-24,Night,3,5,3
529,1,2024-06-25,Morning,3,10,4
530,1,2024-06-25,Afternoon,4,11,6
531,1,2024-06-25,Night,2,4,2
532,1,2024-06-26,Morning,4,10,6
533,1,2024-06-26,Afternoon,4,10,6
534,1,2024-06-26,Night,2,5,3
535,1,2024-06-27,Morning,3,11,5
536,1,2024-06-27,Afternoon,4,11,6
537,1,2024-06-27,Night,2,5,3
538,1,2024-06-28,Morning,4,10,6
539,1,2024-06-28,Afternoon,4,10,7
540,1,2024-06-28,Night,3,4,2
541,1,2024-06-29,Morning,4,11,6
542,1,2024-06-29,Afternoon,4,11,7
543,1,2024-06-29,Night,3,4,3
544,1,2024-06-30,Morning,4,11,6
545,1,2024-06-30,Afternoon,4,11,6
546,1,2024-06-30,Night,2,6,4
547,1,2024-07-01,Morning,4,9,4
548,1,2024-07-01,Afternoon,3,10,6
549,1,2024-07-01,Night,2,4,2
550,1,2024-07-02,Morning,4,11,6
551,1,2024-07-02,Afternoon,5,10,6
552,1,2024-07-02,Night,2,5,2
553,1,2024-07-03,Morning,3,10,6
554,1,2024-07-03,Afternoon,5,10,5
555,1,2024-07-03,Night,3,5,4
556,1,2024-07-04,Morning,4,10,6
557,1,2024-07-04,Afternoon,4,10,6
558,1,2024-07-04,Night,2,4,3
559,1,2024-07-05,Morning,3,10,6
560,1,2024-07-05,Afternoon,4,10,5
561,1,2024-07-05,Night,2,4,2
562,1,2024-07-06,Morning,4,11,6
563,1,2024-07-06,Afternoon,4,10,6
564,1,2024-07-06,Night,2,6,2
565,1,2024-07-07,Morning,4,10,5
566,1,2024-07-07,Afternoon,4,11,7
567,1,2024-07-07,Night,2,4,2
568,1,2024-07-08,Morning,4,8,4
569,1,2024-07-08,Afternoon,5,10,6
570,1,2024-07-08,Night,3,5,3
571,1,2024-07-09,Morning,3,10,6
572,1,2024-07-09,Afternoon,4,10,6
573,1,2024-07-09,Night,2,5,3
574,1,2024-07-10,Morning,4,9,5
575,1,2024-07-10,Afternoon,5,10,7
576,1,2024-07-10,Night,2,5,3
577,1,2024-07-11,Morning,4,10,6
578,1,2024-07-11,Afternoon,4,10,5
579,1,2024-07-11,Night,3,5,3
580,1,2024-07-12,Morning,4,10,6
581,1,2024-07-12,Afternoon,5,10,6
582,1,2024-07-12,Night,3,4,2
583,1,2024-07-13,Morning,4,10,5
584,1,2024-07-13,Afternoon,4,11,6
585,1,2024-07-13,Night,2,5,3
586,1,2024-07-14,Morning,5,11,8
587,1,2024-07-14,Afternoon,4,10,5
588,1,2024-07-14,Night,2,5,2
589,1,2024-07-15,Morning,4,8,4
590,1,2024-07-15,Afternoon,4,11,7
591,1,2024-07-15,Night,2,5,2
592,1,2024-07-16,Morning,4,11,6
593,1,2024-07-16,Afternoon,4,9,5
594,1,2024-07-16,Night,3,6,4
595,1,2024-07-17,Morning,4,9,6
596,1,2024-07-17,Afternoon,4,11,5
597,1,2024-07-17,Night,3,5,2
598,1,2024-07-18,Morning,4,10,5
599,1,2024-07-18,Afternoon,4,9,5
600,1,2024-07-18,Night,2,5,3
601,1,2024-07-19,Morning,4,10,5
602,1,2024-07-19,Afternoon,4,10,5
603,1,2024-07-19,Night,2,5,3
604,1,2024-07-20,Morning,3,11,5
605,1,2024-07-20,Afternoon,4,11,6
606,1,2024-07-20,Night,3,5,4
607,1,2024-07-21,Morning,4,11,5
608,1,2024-07-21,Afternoon,4,11,6
609,1,2024-07-21,Night,3,5,4
610,1,2024-07-22,Morning,4,9,5
611,1,2024-07-22,Afternoon,4,10,5
612,1,2024-07-22,Night,3,5,3
613,1,2024-07-23,Morning,4,10,6
614,1,2024-07-23,Afternoon,4,9,5
615,1,2024-07-23,Night,2,6,3
616,1,2024-07-24,Morning,4,9,5
617,1,2024-07-24,Afternoon,4,10,5
618,1,2024-07-24,Night,2,5,3
619,1,2024-07-25,Morning,4,10,6
620,1,2024-07-25,Afternoon,4,11,5
621,1,2024-07-25,Night,2,6,4
622,1,2024-07-26,Morning,4,11,6
623,1,2024-07-26,Afternoon,4,10,5
624,1,2024-07-26,Night,3,5,3
625,1,2024-07-27,Morning,4,10,5
626,1,2024-07-27,Afternoon,4,9,6
627,1,2024-07-27,Night,2,6,4
628,1,2024-07-28,Morning,4,11,6
629,1,2024-07-28,Afternoon,4,9,5
630,1,2024-07-28,Night,2,6,3
631,1,2024-07-29,Morning,4,9,5
632,1,2024-07-29,Afternoon,4,9,5
633,1,2024-07-29,Night,3,4,3
634,1,2024-07-30,Morning,4,9,6
635,1,2024-07-30,Afternoon,4,10,6
636,1,2024-07-30,Night,2,5,3
637,1,2024-07-31,Morning,4,10,5
638,1,2024-07-31,Afternoon,4,10,4
639,1,2024-07-31,Night,1,6,2
640,1,2024-08-01,Morning,4,11,5
641,1,2024-08-01,Afternoon,4,9,4
642,1,2024-08-01,Night,2,6,3
643,1,2024-08-02,Morning,4,10,6
644,1,2024-08-02,Afternoon,3,10,5
645,1,2024-08-02,Night,3,5,3
646,1,2024-08-03,Morning,4,11,5
647,1,2024-08-03,Afternoon,4,10,5
648,1,2024-08-03,Night,2,6,2
649,1,2024-08-04,Morning,3,10,5
650,1,2024-08-04,Afternoon,4,10,7
651,1,2024-08-04,Night,2,5,2
652,1,2024-08-05,Morning,4,8,4
653,1,2024-08-05,Afternoon,4,11,6
654,1,2024-08-05,Night,2,5,2
655,1,2024-08-06,Morning,4,10,5
656,1,2024-08-06,Afternoon,4,10,6
657,1,2024-08-06,Night,3,5,3
658,1,2024-08-07,Morning,4,10,6
659,1,2024-08-07,Afternoon,4,9,4
660,1,2024-08-07,Night,3,5,3
661,1,2024-08-08,Morning,4,10,6
662,1,2024-08-08,Afternoon,4,10,5
663,1,2024-08-08,Night,2,5,2
664,1,2024-08-09,Morning,4,9,5
665,1,2024-08-09,Afternoon,4,10,6
666,1,2024-08-09,Night,3,5,3
667,1,2024-08-10,Morning,5,10,6
668,1,2024-08-10,Afternoon,4,10,6
669,1,2024-08-10,Night,3,5,3
670,1,2024-08-11,Morning,4,10,6
671,1,2024-08-11,Afternoon,5,10,6
672,1,2024-08-11,Night,3,5,3
673,1,2024-08-12,Morning,4,8,5
674,1,2024-08-12,Afternoon,4,10,5
675,1,2024-08-12,Night,2,5,2
676,1,2024-08-13,Morning,4,9,4
677,1,2024-08-13,Afternoon,4,10,6
678,1,2024-08-13,Night,3,5,3
679,1,2024-08-14,Morning,4,10,5
680,1,2024-08-14,Afternoon,4,11,6
681,1,2024-08-14,Night,3,6,5
682,1,2024-08-15,Morning,3,10,5
683,1,2024-08-15,Afternoon,4,10,6
684,1,2024-08-15,Night,3,5,3
685,1,2024-08-16,Morning,5,11,7
686,1,2024-08-16,Afternoon,4,10,5
687,1,2024-08-16,Night,2,5,2
688,1,2024-08-17,Morning,4,12,7
689,1,2024-08-17,Afternoon,4,10,6
690,1,2024-08-17,Night,3,5,3
691,1,2024-08-18,Morning,3,10,4
692,1,2024-08-18,Afternoon,4,10,5
693,1,2024-08-18,Night,2,5,2
694,1,2024-08-19,Morning,4,8,5
695,1,2024-08-19,Afternoon,4,9,6
696,1,2024-08-19,Night,2,6,3
697,1,2024-08-20,Morning,4,10,6
698,1,2024-08-20,Afternoon,4,10,6
699,1,2024-08-20,Night,3,5,4
700,1,2024-08-21,Morning,3,10,6
701,1,2024-08-21,Afternoon,3,10,5
702,1,2024-08-21,Night,2,6,3
703,1,2024-08-22,Morning,4,11,6
704,1,2024-08-22,Afternoon,4,10,6
705,1,2024-08-22,Night,2,6,3
706,1,2024-08-23,Morning,4,10,6
707,1,2024-08-23,Afternoon,4,10,6
708,1,2024-08-23,Night,2,5,3
709,1,2024-08-24,Morning,4,10,7
710,1,2024-08-24,Afternoon,4,10,6
711,1,2024-08-24,Night,3,6,3
712,1,2024-08-25,Morning,4,11,6
713,1,2024-08-25,Afternoon,4,11,6
714,1,2024-08-25,Night,2,6,3
715,1,2024-08-26,Morning,4,10,5
716,1,2024-08-26,Afternoon,4,10,6
717,1,2024-08-26,Night,2,5,3
718,1,2024-08-27,Morning,4,10,5
719,1,2024-08-27,Afternoon,4,10,6
720,1,2024-08-27,Night,3,5,3
721,1,2024-08-28,Morning,4,10,6
722,1,2024-08-28,Afternoon,4,10,6
723,1,2024-08-28,Night,2,7,3
724,1,2024-08-29,Morning,4,10,5
725,1,2024-08-29,Afternoon,4,10,6
726,1,2024-08-29,Night,3,5,3
727,1,2024-08-30,Morning,4,10,7
728,1,2024-08-30,Afternoon,3,10,5
729,1,2024-08-30,Night,2,4,2
730,1,2024-08-31,Morning,5,10,6
731,1,2024-08-31,Afternoon,4,11,6
732,1,2024-08-31,Night,2,5,2
733,1,2024-09-01,Morning,4,10,5
734,1,2024-09-01,Afternoon,4,10,6
735,1,2024-09-01,Night,3,6,4
736,1,2024-09-02,Morning,4,8,5
737,1,2024-09-02,Afternoon,4,10,6
738,1,2024-09-02,Night,3,6,4
739,1,2024-09-03,Morning,4,9,5
740,1,2024-09-03,Afternoon,4,10,5
741,1,2024-09-03,Night,2,5,3
742,1,2024-09-04,Morning,4,10,6
743,1,2024-09-04,Afternoon,4,10,7
744,1,2024-09-04,Night,3,5,3
745,1,2024-09-05,Morning,5,9,5
746,1,2024-09-05,Afternoon,4,9,5
747,1,2024-09-05,Night,2,5,3
748,1,2024-09-06,Morning,3,10,6
749,1,2024-09-06,Afternoon,4,10,5
750,1,2024-09-06,Night,2,5,3
751,1,2024-09-07,Morning,4,10,6
752,1,2024-09-07,Afternoon,4,9,5
753,1,2024-09-07,Night,2,6,4
754,1,2024-09-08,Morning,3,11,5
755,1,2024-09-08,Afternoon,4,11,6
756,1,2024-09-08,Night,3,6,3
757,1,2024-09-09,Morning,4,7,5
758,1,2024-09-09,Afternoon,4,9,6
759,1,2024-09-09,Night,1,5,2
760,1,2024-09-10,Morning,4,11,5
761,1,2024-09-10,Afternoon,4,11,7
762,1,2024-09-10,Night,3,5,3
763,1,2024-09-11,Morning,5,10,6
764,1,2024-09-11,Afternoon,4,9,6
765,1,2024-09-11,Night,2,6,4
766,1,2024-09-12,Morning,5,11,6
767,1,2024-09-12,Afternoon,4,10,5
768,1,2024-09-12,Night,1,5,2
769,1,2024-09-13,Morning,4,10,7
770,1,2024-09-13,Afternoon,5,10,6
771,1,2024-09-13,Night,3,6,4
772,1,2024-09-14,Morning,4,11,6
773,1,2024-09-14,Afternoon,4,10,7
774,1,2024-09-14,Night,3,5,4
775,1,2024-09-15,Morning,4,11,5
776,1,2024-09-15,Afternoon,3,11,6
777,1,2024-09-15,Night,3,6,3
778,1,2024-09-16,Morning,4,8,5
779,1,2024-09-16,Afternoon,4,10,7
780,1,2024-09-16,Night,3,6,4
781,1,2024-09-17,Morning,4,11,5
782,1,2024-09-17,Afternoon,4,10,5
783,1,2024-09-17,Night,2,5,4
784,1,2024-09-18,Morning,4,10,6
785,1,2024-09-18,Afternoon,4,10,5
786,1,2024-09-18,Night,2,4,3
787,1,2024-09-19,Morning,5,11,7
788,1,2024-09-19,Afternoon,4,9,5
789,1,2024-09-19,Night,3,7,5
790,1,2024-09-20,Morning,4,10,6
791,1,2024-09-20,Afternoon,4,9,5
792,1,2024-09-20,Night,2,6,2
793,1,2024-09-21,Morning,4,11,6
794,1,2024-09-21,Afternoon,4,10,6
795,1,2024-09-21,Night,2,5,3
796,1,2024-09-22,Morning,3,10,6
797,1,2024-09-22,Afternoon,4,11,5
798,1,2024-09-22,Night,2,6,3
799,1,2024-09-23,Morning,4,8,5
800,1,2024-09-23,Afternoon,4,10,6
801,1,2024-09-23,Night,3,5,3
802,1,2024-09-24,Morning,4,10,5
803,1,2024-09-24,Afternoon,4,10,4
804,1,2024-09-24,Night,2,5,4
805,1,2024-09-25,Morning,3,9,5
806,1,2024-09-25,Afternoon,4,11,6
807,1,2024-09-25,Night,1,6,2
808,1,2024-09-26,Morning,5,10,6
809,1,2024-09-26,Afternoon,4,10,7
810,1,2024-09-26,Night,2,5,4
811,1,2024-09-27,Morning,4,9,5
812,1,2024-09-27,Afternoon,4,10,5
813,1,2024-09-27,Night,3,5,4
814,1,2024-09-28,Morning,4,10,6
815,1,2024-09-28,Afternoon,4,10,6
816,1,2024-09-28,Night,2,7,3
817,1,2024-09-29,Morning,4,11,6
818,1,2024-09-29,Afternoon,4,10,5
819,1,2024-09-29,Night,2,5,3
820,1,2024-09-30,Morning,3,8,3
821,1,2024-09-30,Afternoon,3,9,5
822,1,2024-09-30,Night,2,4,2
823,1,2024-10-01,Morning,5,10,6
824,1,2024-10-01,Afternoon,4,10,5
825,1,2024-10-01,Night,3,5,3
826,1,2024-10-02,Morning,3,10,5
827,1,2024-10-02,Afternoon,4,10,7
828,1,2024-10-02,Night,2,5,3
829,1,2024-10-03,Morning,4,10,6
830,1,2024-10-03,Afternoon,5,11,6
831,1,2024-10-03,Night,2,6,4
832,1,2024-10-04,Morning,4,10,7
833,1,2024-10-04,Afternoon,3,10,5
834,1,2024-10-04,Night,3,6,4
835,1,2024-10-05,Morning,4,11,7
836,1,2024-10-05,Afternoon,5,11,7
837,1,2024-10-05,Night,2,6,3
838,1,2024-10-06,Morning,4,12,7
839,1,2024-10-06,Afternoon,4,11,6
840,1,2024-10-06,Night,3,6,3
841,1,2024-10-07,Morning,5,8,5
842,1,2024-10-07,Afternoon,5,9,6
843,1,2024-10-07,Night,2,5,3
844,1,2024-10-08,Morning,4,10,6
845,1,2024-10-08,Afternoon,4,10,6
846,1,2024-10-08,Night,2,6,2
847,1,2024-10-09,Morning,4,10,6
848,1,2024-10-09,Afternoon,4,10,6
849,1,2024-10-09,Night,2,5,3
850,1,2024-10-10,Morning,3,11,6
851,1,2024-10-10,Afternoon,4,9,5
852,1,2024-10-10,Night,3,4,3
853,1,2024-10-11,Morning,4,9,6
854,1,2024-10-11,Afternoon,4,11,6
855,1,2024-10-11,Night,3,6,4
856,1,2024-10-12,Morning,4,10,6
857,1,2024-10-12,Afternoon,4,9,6
858,1,2024-10-12,Night,3,6,4
859,1,2024-10-13,Morning,4,10,5
860,1,2024-10-13,Afternoon,5,10,7
861,1,2024-10-13,Night,3,5,3
862,1,2024-10-14,Morning,4,9,6
863,1,2024-10-14,Afternoon,5,10,6
864,1,2024-10-14,Night,2,6,4
865,1,2024-10-15,Morning,4,10,5
866,1,2024-10-15,Afternoon,4,10,6
867,1,2024-10-15,Night,3,4,3
868,1,2024-10-16,Morning,4,11,6
869,1,2024-10-16,Afternoon,4,11,6
870,1,2024-10-16,Night,3,5,3
871,1,2024-10-17,Morning,4,9,5
872,1,2024-10-17,Afternoon,3,10,5
873,1,2024-10-17,Night,3,5,3
874,1,2024-10-18,Morning,4,11,6
875,1,2024-10-18,Afternoon,4,11,6
876,1,2024-10-18,Night,3,5,4
877,1,2024-10-19,Morning,4,10,6
878,1,2024-10-19,Afternoon,4,10,6
879,1,2024-10-19,Night,3,6,3
880,1,2024-10-20,Morning,4,10,5
881,1,2024-10-20,Afternoon,4,11,6
882,1,2024-10-20,Night,3,5,3
883,1,2024-10-21,Morning,4,9,5
884,1,2024-10-21,Afternoon,4,11,5
885,1,2024-10-21,Night,2,6,3
886,1,2024-10-22,Morning,4,10,5
887,1,2024-10-22,Afternoon,4,10,5
888,1,2024-10-22,Night,2,5,2
889,1,2024-10-23,Morning,4,10,5
890,1,2024-10-23,Afternoon,4,10,5
891,1,2024-10-23,Night,3,6,3
892,1,2024-10-24,Morning,4,10,6
893,1,2024-10-24,Afternoon,4,11,5
894,1,2024-10-24,Night,3,5,3
895,1,2024-10-25,Morning,4,11,5
896,1,2024-10-25,Afternoon,3,10,5
897,1,2024-10-25,Night,2,6,3
898,1,2024-10-26,Morning,4,10,5
899,1,2024-10-26,Afternoon,4,11,6
900,1,2024-10-26,Night,3,6,3
901,1,2024-10-27,Morning,4,11,6
902,1,2024-10-27,Afternoon,4,11,6
903,1,2024-10-27,Night,1,6,3
904,1,2024-10-28,Morning,4,8,5
905,1,2024-10-28,Afternoon,4,10,6
906,1,2024-10-28,Night,2,5,3
907,1,2024-10-29,Morning,4,11,6
908,1,2024-10-29,Afternoon,3,11,6
909,1,2024-10-29,Night,2,5,2
910,1,2024-10-30,Morning,5,10,5
911,1,2024-10-30,Afternoon,3,9,6
912,1,2024-10-30,Night,2,5,3
913,1,2024-10-31,Morning,4,9,6
914,1,2024-10-31,Afternoon,4,11,6
915,1,2024-10-31,Night,2,5,3
916,1,2024-11-01,Morning,4,11,6
917,1,2024-11-01,Afternoon,4,10,6
918,1,2024-11-01,Night,2,5,3
919,1,2024-11-02,Morning,4,11,6
920,1,2024-11-02,Afternoon,4,11,6
921,1,2024-11-02,Night,2,5,3
922,1,2024-11-03,Morning,4,11,6
923,1,2024-11-03,Afternoon,5,9,6
924,1,2024-11-03,Night,3,6,4
925,1,2024-11-04,Morning,4,8,5
926,1,2024-11-04,Afternoon,4,12,6
927,1,2024-11-04,Night,2,5,4
928,1,2024-11-05,Morning,4,10,6
929,1,2024-11-05,Afternoon,4,10,6
930,1,2024-11-05,Night,2,5,3
931,1,2024-11-06,Morning,4,11,6
932,1,2024-11-06,Afternoon,4,10,6
933,1,2024-11-06,Night,2,6,3
934,1,2024-11-07,Morning,4,10,6
935,1,2024-11-07,Afternoon,4,11,6
936,1,2024-11-07,Night,3,5,2
937,1,2024-11-08,Morning,3,10,5
938,1,2024-11-08,Afternoon,4,10,5
939,1,2024-11-08,Night,2,5,2
940,1,2024-11-09,Morning,4,11,6
941,1,2024-11-09,Afternoon,4,10,6
942,1,2024-11-09,Night,2,5,3
943,1,2024-11-10,Morning,5,12,6
944,1,2024-11-10,Afternoon,4,12,7
945,1,2024-11-10,Night,2,6,3
946,1,2024-11-11,Morning,4,8,5
947,1,2024-11-11,Afternoon,4,11,6
948,1,2024-11-11,Night,3,6,4
949,1,2024-11-12,Morning,4,10,5
950,1,2024-11-12,Afternoon,4,10,6
951,1,2024-11-12,Night,3,5,4
952,1,2024-11-13,Morning,4,10,6
953,1,2024-11-13,Afternoon,4,10,5
954,1,2024-11-13,Night,2,5,3
955,1,2024-11-14,Morning,5,10,5
956,1,2024-11-14,Afternoon,4,9,6
957,1,2024-11-14,Night,3,5,2
958,1,2024-11-15,Morning,4,10,5
959,1,2024-11-15,Afternoon,3,10,5
960,1,2024-11-15,Night,2,5,3
961,1,2024-11-16,Morning,4,11,6
962,1,2024-11-16,Afternoon,4,11,6
963,1,2024-11-16,Night,2,6,3
964,1,2024-11-17,Morning,4,10,6
965,1,2024-11-17,Afternoon,4,10,5
966,1,2024-11-17,Night,3,5,3
967,1,2024-11-18,Morning,4,8,5
968,1,2024-11-18,Afternoon,4,9,5
969,1,2024-11-18,Night,2,5,3
970,1,2024-11-19,Morning,4,10,6
971,1,2024-11-19,Afternoon,5,10,6
972,1,2024-11-19,Night,3,4,4
973,1,2024-11-20,Morning,5,11,6
974,1,2024-11-20,Afternoon,4,11,6
975,1,2024-11-20,Night,2,4,2
976,1,2024-11-21,Morning,4,11,6
977,1,2024-11-21,Afternoon,4,9,5
978,1,2024-11-21,Night,3,6,4
979,1,2024-11-22,Morning,3,10,4
980,1,2024-11-22,Afternoon,4,11,6
981,1,2024-11-22,Night,3,6,4
982,1,2024-11-23,Morning,4,10,6
983,1,2024-11-23,Afternoon,4,11,6
984,1,2024-11-23,Night,2,6,4
985,1,2024-11-24,Morning,3,10,4
986,1,2024-11-24,Afternoon,4,10,6
987,1,2024-11-24,Night,3,6,3
988,1,2024-11-25,Morning,4,8,4
989,1,2024-11-25,Afternoon,3,10,6
990,1,2024-11-25,Night,3,5,3
991,1,2024-11-26,Morning,4,11,6
992,1,2024-11-26,Afternoon,4,10,6
993,1,2024-11-26,Night,2,5,2
994,1,2024-11-27,Morning,4,11,7
995,1,2024-11-27,Afternoon,4,10,5
996,1,2024-11-27,Night,2,5,4
997,1,2024-11-28,Morning,5,10,6
998,1,2024-11-28,Afternoon,4,11,7
999,1,2024-11-28,Night,2,5,2
1000,1,2024-11-29,Morning,4,11,6
1001,1,2024-11-29,Afternoon,4,11,7
1002,1,2024-11-29,Night,2,4,2
1003,1,2024-11-30,Morning,4,9,5
1004,1,2024-11-30,Afternoon,5,11,6
1005,1,2024-11-30,Night,2,5,3
1006,1,2024-12-01,Morning,4,10,6
1007,1,2024-12-01,Afternoon,3,11,5
1008,1,2024-12-01,Night,3,6,3
1009,1,2024-12-02,Morning,4,8,5
1010,1,2024-12-02,Afternoon,4,9,5
1011,1,2024-12-02,Night,3,5,3
1012,1,2024-12-03,Morning,4,10,6
1013,1,2024-12-03,Afternoon,4,10,5
1014,1,2024-12-03,Night,3,5,3
1015,1,2024-12-04,Morning,4,9,5
1016,1,2024-12-04,Afternoon,4,10,6
1017,1,2024-12-04,Night,3,6,4
1018,1,2024-12-05,Morning,4,9,5
1019,1,2024-12-05,Afternoon,4,10,5
1020,1,2024-12-05,Night,2,5,3
1021,1,2024-12-06,Morning,4,11,7
1022,1,2024-12-06,Afternoon,4,10,6
1023,1,2024-12-06,Night,3,5,4
1024,1,2024-12-07,Morning,4,10,6
1025,1,2024-12-07,Afternoon,4,10,6
1026,1,2024-12-07,Night,2,5,2
1027,1,2024-12-08,Morning,4,10,5
1028,1,2024-12-08,Afternoon,4,10,5
1029,1,2024-12-08,Night,3,5,3
1030,1,2024-12-09,Morning,4,8,5
1031,1,2024-12-09,Afternoon,4,11,6
1032,1,2024-12-09,Night,3,5,3
1033,1,2024-12-10,Morning,4,11,7
1034,1,2024-12-10,Afternoon,4,10,5
1035,1,2024-12-10,Night,3,6,4
1036,1,2024-12-11,Morning,4,10,6
1037,1,2024-12-11,Afternoon,4,9,5
1038,1,2024-12-11,Night,3,6,4
1039,1,2024-12-12,Morning,4,10,5
1040,1,2024-12-12,Afternoon,4,10,5
1041,1,2024-12-12,Night,2,5,3
1042,1,2024-12-13,Morning,4,10,6
1043,1,2024-12-13,Afternoon,4,10,5
1044,1,2024-12-13,Night,3,5,3
1045,1,2024-12-14,Morning,4,11,6
1046,1,2024-12-14,Afternoon,5,10,7
1047,1,2024-12-14,Night,3,6,4
1048,1,2024-12-15,Morning,4,12,7
1049,1,2024-12-15,Afternoon,4,10,6
1050,1,2024-12-15,Night,3,5,3
1051,1,2024-12-16,Morning,4,9,5
1052,1,2024-12-16,Afternoon,4,10,5
1053,1,2024-12-16,Night,2,7,3
1054,1,2024-12-17,Morning,4,10,6
1055,1,2024-12-17,Afternoon,4,10,5
1056,1,2024-12-17,Night,2,5,2
1057,1,2024-12-18,Morning,4,9,6
1058,1,2024-12-18,Afternoon,4,10,6
1059,1,2024-12-18,Night,2,6,4
1060,1,2024-12-19,Morning,4,10,6
1061,1,2024-12-19,Afternoon,3,9,4
1062,1,2024-12-19,Night,3,6,3
1063,1,2024-12-20,Morning,4,9,5
1064,1,2024-12-20,Afternoon,3,9,4
1065,1,2024-12-20,Night,2,5,3
1066,1,2024-12-21,Morning,3,11,5
1067,1,2024-12-21,Afternoon,4,11,6
1068,1,2024-12-21,Night,2,6,4
1069,1,2024-12-22,Morning,4,11,6
1070,1,2024-12-22,Afternoon,4,11,6
1071,1,2024-12-22,Night,2,5,3
1072,1,2024-12-23,Morning,4,8,5
1073,1,2024-12-23,Afternoon,4,9,6
1074,1,2024-12-23,Night,3,6,4
1075,1,2024-12-24,Morning,3,9,5
1076,1,2024-12-24,Afternoon,4,10,6
1077,1,2024-12-24,Night,2,6,3
1078,1,2024-12-25,Morning,4,11,6
1079,1,2024-12-25,Afternoon,4,10,6
1080,1,2024-12-25,Night,3,6,3
1081,1,2024-12-26,Morning,4,11,6
1082,1,2024-12-26,Afternoon,4,10,6
1083,1,2024-12-26,Night,2,5,3
1084,1,2024-12-27,Morning,4,10,6
1085,1,2024-12-27,Afternoon,4,9,5
1086,1,2024-12-27,Night,2,5,4
1087,1,2024-12-28,Morning,4,10,6
1088,1,2024-12-28,Afternoon,4,10,6
1089,1,2024-12-28,Night,3,5,2
1090,1,2024-12-29,Morning,4,10,5
1091,1,2024-12-29,Afternoon,4,11,6
1092,1,2024-12-29,Night,2,5,2
1093,1,2024-12-30,Morning,3,9,4
1094,1,2024-12-30,Afternoon,5,10,6
1095,1,2024-12-30,Night,3,5,3
1096,1,2024-12-31,Morning,3,11,6
1097,1,2024-12-31,Afternoon,4,10,5
1098,1,2024-12-31,Night,2,5,3
1099,2,2024-01-01,Morning,2,4,3
1100,2,2024-01-01,Afternoon,2,5,3
1101,2,2024-01-01,Night,2,4,3
1102,2,2024-01-02,Morning,3,6,4
1103,2,2024-01-02,Afternoon,2,5,2
1104,2,2024-01-02,Night,1,3,2
1105,2,2024-01-03,Morning,2,5,3
1106,2,2024-01-03,Afternoon,2,6,3
1107,2,2024-01-03,Night,2,4,2
1108,2,2024-01-04,Morning,2,5,3
1109,2,2024-01-04,Afternoon,2,6,3
1110,2,2024-01-04,Night,1,3,1
1111,2,2024-01-05,Morning,2,5,2
1112,2,2024-01-05,Afternoon,2,5,3
1113,2,2024-01-05,Night,1,3,1
1114,2,2024-01-06,Morning,2,4,3
1115,2,2024-01-06,Afternoon,2,6,2
1116,2,2024-01-06,Night,1,3,2
1117,2,2024-01-07,Morning,2,6,3
1118,2,2024-01-07,Afternoon,2,6,3
1119,2,2024-01-07,Night,1,3,1
1120,2,2024-01-08,Morning,2,4,2
1121,2,2024-01-08,Afternoon,1,5,3
1122,2,2024-01-08,Night,1,3,1
1123,2,2024-01-09,Morning,2,5,3
1124,2,2024-01-09,Afternoon,2,5,2
1125,2,2024-01-09,Night,1,2,1
1126,2,2024-01-10,Morning,2,5,3
1127,2,2024-01-10,Afternoon,2,4,3
1128,2,2024-01-10,Night,2,3,2
1129,2,2024-01-11,Morning,2,5,3
1130,2,2024-01-11,Afternoon,1,5,2
1131,2,2024-01-11,Night,1,3,1
1132,2,2024-01-12,Morning,2,4,3
1133,2,2024-01-12,Afternoon,2,4,1
1134,2,2024-01-12,Night,1,3,2
1135,2,2024-01-13,Morning,2,5,2
1136,2,2024-01-13,Afternoon,2,5,4
1137,2,2024-01-13,Night,1,4,1
1138,2,2024-01-14,Morning,2,4,2
1139,2,2024-01-14,Afternoon,2,5,3
1140,2,2024-01-14,Night,1,4,3
1141,2,2024-01-15,Morning,2,4,3
1142,2,2024-01-15,Afternoon,3,4,3
1143,2,2024-01-15,Night,1,3,3
1144,2,2024-01-16,Morning,1,5,3
1145,2,2024-01-16,Afternoon,2,5,2
1146,2,2024-01-16,Night,1,4,2
1147,2,2024-01-17,Morning,3,5,4
1148,2,2024-01-17,Afternoon,2,5,3
1149,2,2024-01-17,Night,1,4,2
1150,2,2024-01-18,Morning,2,6,3
1151,2,2024-01-18,Afternoon,2,4,3
1152,2,2024-01-18,Night,2,4,2
1153,2,2024-01-19,Morning,2,5,3
1154,2,2024-01-19,Afternoon,2,5,2
1155,2,2024-01-19,Night,1,2,1
1156,2,2024-01-20,Morning,3,6,3
1157,2,2024-01-20,Afternoon,2,6,2
1158,2,2024-01-20,Night,2,3,2
1159,2,2024-01-21,Morning,2,4,1
1160,2,2024-01-21,Afternoon,2,5,3
1161,2,2024-01-21,Night,2,3,2
1162,2,2024-01-22,Morning,2,5,3
1163,2,2024-01-22,Afternoon,2,5,3
1164,2,2024-01-22,Night,1,3,1
1165,2,2024-01-23,Morning,2,5,4
1166,2,2024-01-23,Afternoon,2,5,3
1167,2,2024-01-23,Night,1,3,1
1168,2,2024-01-24,Morning,2,6,3
1169,2,2024-01-24,Afternoon,3,5,3
1170,2,2024-01-24,Night,1,4,1
1171,2,2024-01-25,Morning,1,5,2
1172,2,2024-01-25,Afternoon,2,6,3
1173,2,2024-01-25,Night,1,4,2
1174,2,2024-01-26,Morning,2,5,3
1175,2,2024-01-26,Afternoon,1,5,2
1176,2,2024-01-26,Night,1,4,1
1177,2,2024-01-27,Morning,2,4,3
1178,2,2024-01-27,Afternoon,3,5,3
1179,2,2024-01-27,Night,1,4,2
1180,2,2024-01-28,Morning,2,5,2
1181,2,2024-01-28,Afternoon,2,5,3
1182,2,2024-01-28,Night,1,4,2
1183,2,2024-01-29,Morning,2,5,2
1184,2,2024-01-29,Afternoon,2,5,2
1185,2,2024-01-29,Night,1,4,2
1186,2,2024-01-30,Morning,2,5,3
1187,2,2024-01-30,Afternoon,2,5,3
1188,2,2024-01-30,Night,1,3,2
1189,2,2024-01-31,Morning,3,6,4
1190,2,2024-01-31,Afternoon,2,4,3
1191,2,2024-01-31,Night,2,4,3
1192,2,2024-02-01,Morning,2,5,2
1193,2,2024-02-01,Afternoon,2,5,3
1194,2,2024-02-01,Night,1,2,2
1195,2,2024-02-02,Morning,2,5,3
1196,2,2024-02-02,Afternoon,2,6,3
1197,2,2024-02-02,Night,1,3,2
1198,2,2024-02-03,Morning,3,6,4
1199,2,2024-02-03,Afternoon,3,5,3
1200,2,2024-02-03,Night,1,3,2
1201,2,2024-02-04,Morning,3,6,3
1202,2,2024-02-04,Afternoon,2,6,4
1203,2,2024-02-04,Night,2,2,2
1204,2,2024-02-05,Morning,2,4,2
1205,2,2024-02-05,Afternoon,2,5,2
1206,2,2024-02-05,Night,2,4,2
1207,2,2024-02-06,Morning,2,5,3
1208,2,2024-02-06,Afternoon,2,5,3
1209,2,2024-02-06,Night,2,3,2
1210,2,2024-02-07,Morning,2,4,3
1211,2,2024-02-07,Afternoon,2,5,2
1212,2,2024-02-07,Night,1,3,1
1213,2,2024-02-08,Morning,3,5,3
1214,2,2024-02-08,Afternoon,1,4,3
1215,2,2024-02-08,Night,1,3,1
1216,2,2024-02-09,Morning,3,4,3
1217,2,2024-02-09,Afternoon,2,6,4
1218,2,2024-02-09,Night,2,3,2
1219,2,2024-02-10,Morning,2,6,3
1220,2,2024-02-10,Afternoon,2,6,3
1221,2,2024-02-10,Night,1,3,1
1222,2,2024-02-11,Morning,2,5,2
1223,2,2024-02-11,Afternoon,2,5,2
1224,2,2024-02-11,Night,1,3,2
1225,2,2024-02-12,Morning,1,5,2
1226,2,2024-02-12,Afternoon,2,6,4
1227,2,2024-02-12,Night,1,3,1
1228,2,2024-02-13,Morning,2,5,3
1229,2,2024-02-13,Afternoon,2,4,2
1230,2,2024-02-13,Night,2,4,3
1231,2,2024-02-14,Morning,2,5,2
1232,2,2024-02-14,Afternoon,3,4,2
1233,2,2024-02-14,Night,1,3,1
1234,2,2024-02-15,Morning,2,4,2
1235,2,2024-02-15,Afternoon,2,5,3
1236,2,2024-02-15,Night,1,3,2
1237,2,2024-02-16,Morning,2,5,3
1238,2,2024-02-16,Afternoon,2,5,3
1239,2,2024-02-16,Night,1,3,2
1240,2,2024-02-17,Morning,2,6,3
1241,2,2024-02-17,Afternoon,2,5,3
1242,2,2024-02-17,Night,1,4,3
1243,2,2024-02-18,Morning,2,5,3
1244,2,2024-02-18,Afternoon,2,5,3
1245,2,2024-02-18,Night,1,5,2
1246,2,2024-02-19,Morning,2,4,3
1247,2,2024-02-19,Afternoon,2,5,2
1248,2,2024-02-19,Night,1,3,2
1249,2,2024-02-20,Morning,2,7,3
1250,2,2024-02-20,Afternoon,2,6,4
1251,2,2024-02-20,Night,1,3,2
1252,2,2024-02-21,Morning,2,5,3
1253,2,2024-02-21,Afternoon,1,5,3
1254,2,2024-02-21,Night,1,2,2
1255,2,2024-02-22,Morning,2,5,3
1256,2,2024-02-22,Afternoon,2,6,3
1257,2,2024-02-22,Night,2,4,2
1258,2,2024-02-23,Morning,2,4,3
1259,2,2024-02-23,Afternoon,2,6,3
1260,2,2024-02-23,Night,1,4,1
1261,2,2024-02-24,Morning,1,5,2
1262,2,2024-02-24,Afternoon,3,6,3
1263,2,2024-02-24,Night,1,3,2
1264,2,2024-02-25,Morning,2,5,4
1265,2,2024-02-25,Afternoon,2,5,2
1266,2,2024-02-25,Night,1,3,1
1267,2,2024-02-26,Morning,2,5,3
1268,2,2024-02-26,Afternoon,2,5,3
1269,2,2024-02-26,Night,1,4,2
1270,2,2024-02-27,Morning,2,5,3
1271,2,2024-02-27,Afternoon,2,5,3
1272,2,2024-02-27,Night,2,3,2
1273,2,2024-02-28,Morning,2,5,4
1274,2,2024-02-28,Afternoon,2,5,3
1275,2,2024-02-28,Night,1,3,1
1276,2,2024-02-29,Morning,2,5,3
1277,2,2024-02-29,Afternoon,2,5,2
1278,2,2024-02-29,Night,1,5,2
1279,2,2024-03-01,Morning,2,6,3
1280,2,2024-03-01,Afternoon,2,5,3
1281,2,2024-03-01,Night,1,2,1
1282,2,2024-03-02,Morning,2,6,2
1283,2,2024-03-02,Afternoon,3,5,4
1284,2,2024-03-02,Night,1,3,1
1285,2,2024-03-03,Morning,2,4,2
1286,2,2024-03-03,Afternoon,2,4,2
1287,2,2024-03-03,Night,1,3,1
1288,2,2024-03-04,Morning,2,5,4
1289,2,2024-03-04,Afternoon,2,4,3
1290,2,2024-03-04,Night,1,4,2
1291,2,2024-03-05,Morning,2,5,3
1292,2,2024-03-05,Afternoon,1,4,2
1293,2,2024-03-05,Night,1,3,1
1294,2,2024-03-06,Morning,2,5,4
1295,2,2024-03-06,Afternoon,2,5,2
1296,2,2024-03-06,Night,1,3,1
1297,2,2024-03-07,Morning,2,5,2
1298,2,2024-03-07,Afternoon,1,4,1
1299,2,2024-03-07,Night,1,4,1
1300,2,2024-03-08,Morning,2,6,3
1301,2,2024-03-08,Afternoon,2,5,2
1302,2,2024-03-08,Night,1,3,3
1303,2,2024-03-09,Morning,2,4,2
1304,2,2024-03-09,Afternoon,3,4,4
1305,2,2024-03-09,Night,1,3,1
1306,2,2024-03-10,Morning,2,5,2
1307,2,2024-03-10,Afternoon,2,5,3
1308,2,2024-03-10,Night,1,3,2
1309,2,2024-03-11,Morning,2,4,3
1310,2,2024-03-11,Afternoon,1,4,2
1311,2,2024-03-11,Night,2,3,2
1312,2,2024-03-12,Morning,2,6,3
1313,2,2024-03-12,Afternoon,2,6,3
1314,2,2024-03-12,Night,1,4,2
1315,2,2024-03-13,Morning,2,4,3
1316,2,2024-03-13,Afternoon,3,5,2
1317,2,2024-03-13,Night,1,3,1
1318,2,2024-03-14,Morning,2,6,3
1319,2,2024-03-14,Afternoon,1,5,2
1320,2,2024-03-14,Night,1,4,2
1321,2,2024-03-15,Morning,3,6,4
1322,2,2024-03-15,Afternoon,2,5,2
1323,2,2024-03-15,Night,1,3,1
1324,2,2024-03-16,Morning,1,5,3
1325,2,2024-03-16,Afternoon,3,5,3
1326,2,2024-03-16,Night,1,4,2
1327,2,2024-03-17,Morning,2,6,3
1328,2,2024-03-17,Afternoon,2,5,2
1329,2,2024-03-17,Night,1,3,1
1330,2,2024-03-18,Morning,2,5,2
1331,2,2024-03-18,Afternoon,2,5,3
1332,2,2024-03-18,Night,1,3,1
1333,2,2024-03-19,Morning,2,6,3
1334,2,2024-03-19,Afternoon,2,4,3
1335,2,2024-03-19,Night,2,3,3
1336,2,2024-03-20,Morning,2,5,3
1337,2,2024-03-20,Afternoon,2,4,3
1338,2,2024-03-20,Night,1,3,2
1339,2,2024-03-21,Morning,2,5,4
1340,2,2024-03-21,Afternoon,2,6,3
1341,2,2024-03-21,Night,1,3,1
1342,2,2024-03-22,Morning,2,4,2
1343,2,2024-03-22,Afternoon,2,5,3
1344,2,2024-03-22,Night,1,3,1
1345,2,2024-03-23,Morning,2,6,3
1346,2,2024-03-23,Afternoon,3,5,3
1347,2,2024-03-23,Night,1,3,2
1348,2,2024-03-24,Morning,2,5,2
1349,2,2024-03-24,Afternoon,2,5,3
1350,2,2024-03-24,Night,1,3,2
1351,2,2024-03-25,Morning,2,5,3
1352,2,2024-03-25,Afternoon,2,5,3
1353,2,2024-03-25,Night,1,4,2
1354,2,2024-03-26,Morning,2,5,3
1355,2,2024-03-26,Afternoon,2,5,3
1356,2,2024-03-26,Night,1,3,2
1357,2,2024-03-27,Morning,1,5,2
1358,2,2024-03-27,Afternoon,2,5,4
1359,2,2024-03-27,Night,1,3,1
1360,2,2024-03-28,Morning,2,5,3
1361,2,2024-03-28,Afternoon,2,6,3
1362,2,2024-03-28,Night,2,3,2
1363,2,2024-03-29,Morning,1,5,2
1364,2,2024-03-29,Afternoon,3,5,3
1365,2,2024-03-29,Night,1,3,2
1366,2,2024-03-30,Morning,2,4,3
1367,2,2024-03-30,Afternoon,2,6,3
1368,2,2024-03-30,Night,1,4,3
1369,2,2024-03-31,Morning,2,5,2
1370,2,2024-03-31,Afternoon,3,6,4
1371,2,2024-03-31,Night,1,4,2
1372,2,2024-04-01,Morning,2,5,2
1373,2,2024-04-01,Afternoon,2,6,3
1374,2,2024-04-01,Night,1,3,2
1375,2,2024-04-02,Morning,2,4,3
1376,2,2024-04-02,Afternoon,2,5,3
1377,2,2024-04-02,Night,1,3,2
1378,2,2024-04-03,Morning,2,5,3
1379,2,2024-04-03,Afternoon,2,4,3
1380,2,2024-04-03,Night,1,3,2
1381,2,2024-04-04,Morning,3,5,3
1382,2,2024-04-04,Afternoon,3,5,2
1383,2,2024-04-04,Night,2,3,2
1384,2,2024-04-05,Morning,2,4,3
1385,2,2024-04-05,Afternoon,2,5,2
1386,2,2024-04-05,Night,1,3,2
1387,2,2024-04-06,Morning,2,6,3
1388,2,2024-04-06,Afternoon,2,4,2
1389,2,2024-04-06,Night,1,3,1
1390,2,2024-04-07,Morning,2,5,3
1391,2,2024-04-07,Afternoon,2,6,3
1392,2,2024-04-07,Night,1,3,1
1393,2,2024-04-08,Morning,2,4,1
1394,2,2024-04-08,Afternoon,2,5,3
1395,2,2024-04-08,Night,2,2,2
1396,2,2024-04-09,Morning,2,5,3
1397,2,2024-04-09,Afternoon,3,5,4
1398,2,2024-04-09,Night,1,4,1
1399,2,2024-04-10,Morning,2,6,3
1400,2,2024-04-10,Afternoon,1,4,2
1401,2,2024-04-10,Night,1,3,2
1402,2,2024-04-11,Morning,3,6,3
1403,2,2024-04-11,Afternoon,2,5,3
1404,2,2024-04-11,Night,1,3,2
1405,2,2024-04-12,Morning,2,5,3
1406,2,2024-04-12,Afternoon,2,6,3
1407,2,2024-04-12,Night,1,4,3
1408,2,2024-04-13,Morning,3,6,3
1409,2,2024-04-13,Afternoon,2,5,3
1410,2,2024-04-13,Night,1,5,3
1411,2,2024-04-14,Morning,2,6,3
1412,2,2024-04-14,Afternoon,2,6,3
1413,2,2024-04-14,Night,1,4,2
1414,2,2024-04-15,Morning,2,5,2
1415,2,2024-04-15,Afternoon,2,4,3
1416,2,2024-04-15,Night,1,3,2
1417,2,2024-04-16,Morning,3,5,3
1418,2,2024-04-16,Afternoon,2,5,2
1419,2,2024-04-16,Night,2,3,1
1420,2,2024-04-17,Morning,3,6,3
1421,2,2024-04-17,Afternoon,2,5,3
1422,2,2024-04-17,Night,1,4,2
1423,2,2024-04-18,Morning,2,5,3
1424,2,2024-04-18,Afternoon,1,5,2
1425,2,2024-04-18,Night,2,3,2
1426,2,2024-04-19,Morning,2,5,3
1427,2,2024-04-19,Afternoon,2,5,4
1428,2,2024-04-19,Night,2,2,1
1429,2,2024-04-20,Morning,3,5,3
1430,2,2024-04-20,Afternoon,2,5,3
1431,2,2024-04-20,Night,1,3,1
1432,2,2024-04-21,Morning,2,6,3
1433,2,2024-04-21,Afternoon,2,5,4
1434,2,2024-04-21,Night,1,3,2
1435,2,2024-04-22,Morning,2,4,2
1436,2,2024-04-22,Afternoon,2,5,4
1437,2,2024-04-22,Night,1,3,2
1438,2,2024-04-23,Morning,2,5,3
1439,2,2024-04-23,Afternoon,2,5,3
1440,2,2024-04-23,Night,1,3,3
1441,2,2024-04-24,Morning,2,5,2
1442,2,2024-04-24,Afternoon,2,5,3
1443,2,2024-04-24,Night,1,4,2
1444,2,2024-04-25,Morning,3,4,2
1445,2,2024-04-25,Afternoon,2,6,3
1446,2,2024-04-25,Night,1,3,1
1447,2,2024-04-26,Morning,2,5,2
1448,2,2024-04-26,Afternoon,2,6,3
1449,2,2024-04-26,Night,1,3,1
1450,2,2024-04-27,Morning,2,4,3
1451,2,2024-04-27,Afternoon,2,5,3
1452,2,2024-04-27,Night,1,3,1
1453,2,2024-04-28,Morning,2,6,3
1454,2,2024-04-28,Afternoon,2,6,3
1455,2,2024-04-28,Night,1,3,1
1456,2,2024-04-29,Morning,2,5,3
1457,2,2024-04-29,Afternoon,2,5,2
1458,2,2024-04-29,Night,1,3,2
1459,2,2024-04-30,Morning,1,6,2
1460,2,2024-04-30,Afternoon,2,5,2
1461,2,2024-04-30,Night,1,4,2
1462,2,2024-05-01,Morning,2,5,3
1463,2,2024-05-01,Afternoon,2,5,2
1464,2,2024-05-01,Night,1,4,3
1465,2,2024-05-02,Morning,2,4,2
1466,2,2024-05-02,Afternoon,2,5,3
1467,2,2024-05-02,Night,1,3,2
1468,2,2024-05-03,Morning,2,5,4
1469,2,2024-05-03,Afternoon,3,5,3
1470,2,2024-05-03,Night,1,3,1
1471,2,2024-05-04,Morning,2,6,4
1472,2,2024-05-04,Afternoon,2,5,2
1473,2,2024-05-04,Night,1,4,2
1474,2,2024-05-05,Morning,2,6,4
1475,2,2024-05-05,Afternoon,2,4,2
1476,2,2024-05-05,Night,1,4,1
1477,2,2024-05-06,Morning,1,4,2
1478,2,2024-05-06,Afternoon,2,4,3
1479,2,2024-05-06,Night,2,4,2
1480,2,2024-05-07,Morning,1,5,2
1481,2,2024-05-07,Afternoon,1,5,2
1482,2,2024-05-07,Night,1,3,1
1483,2,2024-05-08,Morning,2,5,4
1484,2,2024-05-08,Afternoon,2,5,3
1485,2,2024-05-08,Night,1,2,1
1486,2,2024-05-09,Morning,2,6,3
1487,2,2024-05-09,Afternoon,2,5,3
1488,2,2024-05-09,Night,2,3,2
1489,2,2024-05-10,Morning,2,6,3
1490,2,2024-05-10,Afternoon,3,5,3
1491,2,2024-05-10,Night,1,3,2
1492,2,2024-05-11,Morning,2,6,3
1493,2,2024-05-11,Afternoon,2,5,3
1494,2,2024-05-11,Night,1,4,2
1495,2,2024-05-12,Morning,2,6,3
1496,2,2024-05-12,Afternoon,3,5,3
1497,2,2024-05-12,Night,1,4,3
1498,2,2024-05-13,Morning,2,4,2
1499,2,2024-05-13,Afternoon,1,5,2
1500,2,2024-05-13,Night,1,2,1
1501,2,2024-05-14,Morning,2,4,2
1502,2,2024-05-14,Afternoon,2,5,4
1503,2,2024-05-14,Night,1,4,2
1504,2,2024-05-15,Morning,2,5,3
1505,2,2024-05-15,Afternoon,2,6,3
1506,2,2024-05-15,Night,2,4,2
1507,2,2024-05-16,Morning,1,5,2
1508,2,2024-05-16,Afternoon,2,5,3
1509,2,2024-05-16,Night,1,4,2
1510,2,2024-05-17,Morning,2,5,4
1511,2,2024-05-17,Afternoon,2,6,4
1512,2,2024-05-17,Night,1,2,1
1513,2,2024-05-18,Morning,2,5,2
1514,2,2024-05-18,Afternoon,2,6,3
1515,2,2024-05-18,Night,1,2,1
1516,2,2024-05-19,Morning,1,5,3
1517,2,2024-05-19,Afternoon,2,5,3
1518,2,2024-05-19,Night,1,3,2
1519,2,2024-05-20,Morning,3,5,3
1520,2,2024-05-20,Afternoon,2,5,2
1521,2,2024-05-20,Night,1,4,2
1522,2,2024-05-21,Morning,2,5,3
1523,2,2024-05-21,Afternoon,2,3,2
1524,2,2024-05-21,Night,1,4,3
1525,2,2024-05-22,Morning,2,5,3
1526,2,2024-05-22,Afternoon,2,5,2
1527,2,2024-05-22,Night,2,3,2
1528,2,2024-05-23,Morning,2,5,3
1529,2,2024-05-23,Afternoon,2,5,3
1530,2,2024-05-23,Night,1,4,2
1531,2,2024-05-24,Morning,3,6,4
1532,2,2024-05-24,Afternoon,2,5,3
1533,2,2024-05-24,Night,1,3,2
1534,2,2024-05-25,Morning,2,6,3
1535,2,2024-05-25,Afternoon,2,5,3
1536,2,2024-05-25,Night,1,4,3
1537,2,2024-05-26,Morning,2,5,3
1538,2,2024-05-26,Afternoon,2,6,3
1539,2,2024-05-26,Night,2,3,1
1540,2,2024-05-27,Morning,3,4,3
1541,2,2024-05-27,Afternoon,2,4,2
1542,2,2024-05-27,Night,2,4,3
1543,2,2024-05-28,Morning,2,5,2
1544,2,2024-05-28,Afternoon,1,4,1
1545,2,2024-05-28,Night,1,3,2
1546,2,2024-05-29,Morning,1,4,1
1547,2,2024-05-29,Afternoon,2,5,4
1548,2,2024-05-29,Night,2,3,2
1549,2,2024-05-30,Morning,2,5,3
1550,2,2024-05-30,Afternoon,2,5,3
1551,2,2024-05-30,Night,2,3,2
1552,2,2024-05-31,Morning,2,5,3
1553,2,2024-05-31,Afternoon,2,4,2
1554,2,2024-05-31,Night,1,3,1
1555,2,2024-06-01,Morning,2,6,4
1556,2,2024-06-01,Afternoon,3,6,4
1557,2,2024-06-01,Night,1,5,1
1558,2,2024-06-02,Morning,2,5,3
1559,2,2024-06-02,Afternoon,3,5,3
1560,2,2024-06-02,Night,1,4,1
1561,2,2024-06-03,Morning,2,5,2
1562,2,2024-06-03,Afternoon,2,5,2
1563,2,2024-06-03,Night,1,2,1
1564,2,2024-06-04,Morning,2,5,3
1565,2,2024-06-04,Afternoon,2,5,3
1566,2,2024-06-04,Night,1,3,2
1567,2,2024-06-05,Morning,2,6,4
1568,2,2024-06-05,Afternoon,1,5,3
1569,2,2024-06-05,Night,1,4,2
1570,2,2024-06-06,Morning,2,5,3
1571,2,2024-06-06,Afternoon,2,5,3
1572,2,2024-06-06,Night,1,3,2
1573,2,2024-06-07,Morning,2,6,3
1574,2,2024-06-07,Afternoon,1,5,2
1575,2,2024-06-07,Night,1,3,2
1576,2,2024-06-08,Morning,2,6,3
1577,2,2024-06-08,Afternoon,2,5,3
1578,2,2024-06-08,Night,2,3,1
1579,2,2024-06-09,Morning,2,5,2
1580,2,2024-06-09,Afternoon,2,6,3
1581,2,2024-06-09,Night,1,3,2
1582,2,2024-06-10,Morning,2,4,3
1583,2,2024-06-10,Afternoon,2,5,2
1584,2,2024-06-10,Night,2,2,2
1585,2,2024-06-11,Morning,1,5,3
1586,2,2024-06-11,Afternoon,2,5,3
1587,2,2024-06-11,Night,1,3,2
1588,2,2024-06-12,Morning,2,7,4
1589,2,2024-06-12,Afternoon,2,6,3
1590,2,2024-06-12,Night,1,4,3
1591,2,2024-06-13,Morning,1,5,2
1592,2,2024-06-13,Afternoon,2,5,3
1593,2,2024-06-13,Night,1,3,2
1594,2,2024-06-14,Morning,2,5,3
1595,2,2024-06-14,Afternoon,2,4,2
1596,2,2024-06-14,Night,1,2,1
1597,2,2024-06-15,Morning,2,6,2
1598,2,2024-06-15,Afternoon,2,3,2
1599,2,2024-06-15,Night,1,4,2
1600,2,2024-06-16,Morning,2,6,3
1601,2,2024-06-16,Afternoon,2,5,3
1602,2,2024-06-16,Night,1,4,1
1603,2,2024-06-17,Morning,2,5,3
1604,2,2024-06-17,Afternoon,2,5,3
1605,2,2024-06-17,Night,1,3,2
1606,2,2024-06-18,Morning,3,4,3
1607,2,2024-06-18,Afternoon,1,5,2
1608,2,2024-06-18,Night,2,3,2
1609,2,2024-06-19,Morning,2,5,3
1610,2,2024-06-19,Afternoon,3,5,2
1611,2,2024-06-19,Night,1,2,1
1612,2,2024-06-20,Morning,1,5,2
1613,2,2024-06-20,Afternoon,2,4,3
1614,2,2024-06-20,Night,1,3,1
1615,2,2024-06-21,Morning,2,4,2
1616,2,2024-06-21,Afternoon,2,6,4
1617,2,2024-06-21,Night,1,3,1
1618,2,2024-06-22,Morning,3,5,2
1619,2,2024-06-22,Afternoon,2,5,2
1620,2,2024-06-22,Night,1,3,1
1621,2,2024-06-23,Morning,2,4,3
1622,2,2024-06-23,Afternoon,2,6,3
1623,2,2024-06-23,Night,1,3,3
1624,2,2024-06-24,Morning,2,4,2
1625,2,2024-06-24,Afternoon,2,4,2
1626,2,2024-06-24,Night,2,3,2
1627,2,2024-06-25,Morning,2,5,3
1628,2,2024-06-25,Afternoon,2,5,3
1629,2,2024-06-25,Night,1,4,2
1630,2,2024-06-26,Morning,2,6,4
1631,2,2024-06-26,Afternoon,1,5,2
1632,2,2024-06-26,Night,1,3,2
1633,2,2024-06-27,Morning,3,5,3
1634,2,2024-06-27,Afternoon,1,5,2
1635,2,2024-06-27,Night,1,3,3
1636,2,2024-06-28,Morning,2,6,3
1637,2,2024-06-28,Afternoon,2,5,2
1638,2,2024-06-28,Night,1,4,1
1639,2,2024-06-29,Morning,2,6,2
1640,2,2024-06-29,Afternoon,2,5,3
1641,2,2024-06-29,Night,2,3,2
1642,2,2024-06-30,Morning,1,4,3
1643,2,2024-06-30,Afternoon,2,6,4
1644,2,2024-06-30,Night,1,4,2
1645,2,2024-07-01,Morning,2,5,3
1646,2,2024-07-01,Afternoon,2,5,2
1647,2,2024-07-01,Night,1,4,2
1648,2,2024-07-02,Morning,2,5,2
1649,2,2024-07-02,Afternoon,3,5,4
1650,2,2024-07-02,Night,1,3,2
1651,2,2024-07-03,Morning,2,6,3
1652,2,2024-07-03,Afternoon,2,4,3
1653,2,2024-07-03,Night,1,3,2
1654,2,2024-07-04,Morning,2,4,3
1655,2,2024-07-04,Afternoon,2,5,2
1656,2,2024-07-04,Night,1,3,1
1657,2,2024-07-05,Morning,2,5,3
1658,2,2024-07-05,Afternoon,2,4,1
1659,2,2024-07-05,Night,1,3,2
1660,2,2024-07-06,Morning,2,6,3
1661,2,2024-07-06,Afternoon,2,6,2
1662,2,2024-07-06,Night,1,5,3
1663,2,2024-07-07,Morning,2,5,3
1664,2,2024-07-07,Afternoon,1,6,3
1665,2,2024-07-07,Night,1,3,2
1666,2,2024-07-08,Morning,2,5,3
1667,2,2024-07-08,Afternoon,2,5,3
1668,2,2024-07-08,Night,1,3,2
1669,2,2024-07-09,Morning,1,5,2
1670,2,2024-07-09,Afternoon,2,5,3
1671,2,2024-07-09,Night,1,4,1
1672,2,2024-07-10,Morning,2,6,3
1673,2,2024-07-10,Afternoon,2,4,2
1674,2,2024-07-10,Night,1,4,3
1675,2,2024-07-11,Morning,2,5,3
1676,2,2024-07-11,Afternoon,2,3,2
1677,2,2024-07-11,Night,1,4,3
1678,2,2024-07-12,Morning,3,5,3
1679,2,2024-07-12,Afternoon,1,6,3
1680,2,2024-07-12,Night,1,3,1
1681,2,2024-07-13,Morning,2,5,3
1682,2,2024-07-13,Afternoon,1,4,3
1683,2,2024-07-13,Night,1,4,2
1684,2,2024-07-14,Morning,2,6,3
1685,2,2024-07-14,Afternoon,2,6,3
1686,2,2024-07-14,Night,1,3,1
1687,2,2024-07-15,Morning,2,4,2
1688,2,2024-07-15,Afternoon,2,5,3
1689,2,2024-07-15,Night,1,3,1
1690,2,2024-07-16,Morning,2,6,4
1691,2,2024-07-16,Afternoon,2,5,4
1692,2,2024-07-16,Night,2,3,2
1693,2,2024-07-17,Morning,2,5,3
1694,2,2024-07-17,Afternoon,2,5,2
1695,2,2024-07-17,Night,1,3,2
1696,2,2024-07-18,Morning,2,6,3
1697,2,2024-07-18,Afternoon,3,4,3
1698,2,2024-07-18,Night,1,4,2
1699,2,2024-07-19,Morning,2,5,3
1700,2,2024-07-19,Afternoon,2,6,3
1701,2,2024-07-19,Night,2,3,3
1702,2,2024-07-20,Morning,2,5,2
1703,2,2024-07-20,Afternoon,2,6,3
1704,2,2024-07-20,Night,1,4,2
1705,2,2024-07-21,Morning,2,5,4
1706,2,2024-07-21,Afternoon,2,6,3
1707,2,2024-07-21,Night,1,3,2
1708,2,2024-07-22,Morning,2,3,2
1709,2,2024-07-22,Afternoon,3,5,3
1710,2,2024-07-22,Night,1,4,2
1711,2,2024-07-23,Morning,2,4,2
1712,2,2024-07-23,Afternoon,2,4,2
1713,2,2024-07-23,Night,1,3,1
1714,2,2024-07-24,Morning,2,5,1
1715,2,2024-07-24,Afternoon,2,5,2
1716,2,2024-07-24,Night,2,3,2
1717,2,2024-07-25,Morning,1,5,3
1718,2,2024-07-25,Afternoon,2,5,3
1719,2,2024-07-25,Night,1,4,2
1720,2,2024-07-26,Morning,2,5,2
1721,2,2024-07-26,Afternoon,1,5,3
1722,2,2024-07-26,Night,1,3,1
1723,2,2024-07-27,Morning,2,4,3
1724,2,2024-07-27,Afternoon,2,7,4
1725,2,2024-07-27,Night,1,3,3
1726,2,2024-07-28,Morning,3,5,4
1727,2,2024-07-28,Afternoon,2,4,2
1728,2,2024-07-28,Night,1,3,3
1729,2,2024-07-29,Morning,2,4,3
1730,2,2024-07-29,Afternoon,2,5,2
1731,2,2024-07-29,Night,1,3,2
1732,2,2024-07-30,Morning,3,5,4
1733,2,2024-07-30,Afternoon,2,5,2
1734,2,2024-07-30,Night,1,3,1
1735,2,2024-07-31,Morning,2,4,2
1736,2,2024-07-31,Afternoon,1,5,2
1737,2,2024-07-31,Night,1,3,2
1738,2,2024-08-01,Morning,2,5,3
1739,2,2024-08-01,Afternoon,2,5,2
1740,2,2024-08-01,Night,2,4,3
1741,2,2024-08-02,Morning,1,6,3
1742,2,2024-08-02,Afternoon,2,5,3
1743,2,2024-08-02,Night,1,3,2
1744,2,2024-08-03,Morning,2,5,2
1745,2,2024-08-03,Afternoon,3,5,3
1746,2,2024-08-03,Night,1,3,2
1747,2,2024-08-04,Morning,2,5,3
1748,2,2024-08-04,Afternoon,2,5,3
1749,2,2024-08-04,Night,1,4,4
1750,2,2024-08-05,Morning,2,5,2
1751,2,2024-08-05,Afternoon,3,5,4
1752,2,2024-08-05,Night,2,4,2
1753,2,2024-08-06,Morning,2,5,2
1754,2,2024-08-06,Afternoon,2,5,3
1755,2,2024-08-06,Night,1,4,2
1756,2,2024-08-07,Morning,1,5,1
1757,2,2024-08-07,Afternoon,2,5,3
1758,2,2024-08-07,Night,1,4,2
1759,2,2024-08-08,Morning,1,5,2
1760,2,2024-08-08,Afternoon,2,5,4
1761,2,2024-08-08,Night,1,2,1
1762,2,2024-08-09,Morning,2,6,3
1763,2,2024-08-09,Afternoon,2,4,3
1764,2,2024-08-09,Night,1,4,2
1765,2,2024-08-10,Morning,3,5,3
1766,2,2024-08-10,Afternoon,2,6,3
1767,2,2024-08-10,Night,1,4,2
1768,2,2024-08-11,Morning,2,5,3
1769,2,2024-08-11,Afternoon,3,6,4
1770,2,2024-08-11,Night,2,3,2
1771,2,2024-08-12,Morning,2,4,3
1772,2,2024-08-12,Afternoon,2,5,3
1773,2,2024-08-12,Night,2,4,1
1774,2,2024-08-13,Morning,2,5,2
1775,2,2024-08-13,Afternoon,2,5,3
1776,2,2024-08-13,Night,2,4,2
1777,2,2024-08-14,Morning,2,5,3
1778,2,2024-08-14,Afternoon,2,5,4
1779,2,2024-08-14,Night,1,4,2
1780,2,2024-08-15,Morning,2,6,4
1781,2,2024-08-15,Afternoon,2,5,3
1782,2,2024-08-15,Night,1,2,1
1783,2,2024-08-16,Morning,3,4,3
1784,2,2024-08-16,Afternoon,2,5,3
1785,2,2024-08-16,Night,1,4,2
1786,2,2024-08-17,Morning,1,6,3
1787,2,2024-08-17,Afternoon,2,5,3
1788,2,2024-08-17,Night,2,3,2
1789,2,2024-08-18,Morning,3,5,3
1790,2,2024-08-18,Afternoon,2,6,4
1791,2,2024-08-18,Night,1,4,2
1792,2,2024-08-19,Morning,2,4,3
1793,2,2024-08-19,Afternoon,2,5,3
1794,2,2024-08-19,Night,2,4,2
1795,2,2024-08-20,Morning,2,5,4
1796,2,2024-08-20,Afternoon,1,6,3
1797,2,2024-08-20,Night,1,3,2
1798,2,2024-08-21,Morning,1,4,2
1799,2,2024-08-21,Afternoon,2,5,3
1800,2,2024-08-21,Night,1,4,3
1801,2,2024-08-22,Morning,2,5,2
1802,2,2024-08-22,Afternoon,2,5,3
1803,2,2024-08-22,Night,1,2,1
1804,2,2024-08-23,Morning,2,5,3
1805,2,2024-08-23,Afternoon,2,5,3
1806,2,2024-08-23,Night,1,2,2
1807,2,2024-08-24,Morning,2,5,3
1808,2,2024-08-24,Afternoon,2,5,3
1809,2,2024-08-24,Night,1,4,2
1810,2,2024-08-25,Morning,2,5,4
1811,2,2024-08-25,Afternoon,2,4,2
1812,2,2024-08-25,Night,1,4,2
1813,2,2024-08-26,Morning,2,4,3
1814,2,2024-08-26,Afternoon,2,5,2
1815,2,2024-08-26,Night,1,4,3
1816,2,2024-08-27,Morning,1,5,2
1817,2,2024-08-27,Afternoon,2,6,3
1818,2,2024-08-27,Night,2,3,1
1819,2,2024-08-28,Morning,2,5,2
1820,2,2024-08-28,Afternoon,2,6,4
1821,2,2024-08-28,Night,1,4,1
1822,2,2024-08-29,Morning,2,5,3
1823,2,2024-08-29,Afternoon,3,5,3
1824,2,2024-08-29,Night,1,4,2
1825,2,2024-08-30,Morning,2,5,3
1826,2,2024-08-30,Afternoon,2,4,3
1827,2,2024-08-30,Night,1,4,2
1828,2,2024-08-31,Morning,2,5,4
1829,2,2024-08-31,Afternoon,2,6,4
1830,2,2024-08-31,Night,1,3,1
1831,2,2024-09-01,Morning,1,5,2
1832,2,2024-09-01,Afternoon,2,5,3
1833,2,2024-09-01,Night,1,3,2
1834,2,2024-09-02,Morning,2,4,1
1835,2,2024-09-02,Afternoon,2,4,2
1836,2,2024-09-02,Night,1,3,1
1837,2,2024-09-03,Morning,2,5,3
1838,2,2024-09-03,Afternoon,1,5,2
1839,2,2024-09-03,Night,1,3,2
1840,2,2024-09-04,Morning,2,6,3
1841,2,2024-09-04,Afternoon,2,5,2
1842,2,2024-09-04,Night,1,4,1
1843,2,2024-09-05,Morning,2,5,3
1844,2,2024-09-05,Afternoon,2,5,3
1845,2,2024-09-05,Night,1,3,2
1846,2,2024-09-06,Morning,2,4,1
1847,2,2024-09-06,Afternoon,2,5,3
1848,2,2024-09-06,Night,1,3,1
1849,2,2024-09-07,Morning,3,5,4
1850,2,2024-09-07,Afternoon,2,6,3
1851,2,2024-09-07,Night,1,4,2
1852,2,2024-09-08,Morning,2,5,3
1853,2,2024-09-08,Afternoon,2,5,3
1854,2,2024-09-08,Night,2,3,3
1855,2,2024-09-09,Morning,1,5,2
1856,2,2024-09-09,Afternoon,3,5,3
1857,2,2024-09-09,Night,1,3,2
1858,2,2024-09-10,Morning,1,5,3
1859,2,2024-09-10,Afternoon,2,6,3
1860,2,2024-09-10,Night,1,3,2
1861,2,2024-09-11,Morning,2,5,4
1862,2,2024-09-11,Afternoon,2,4,2
1863,2,2024-09-11,Night,2,3,2
1864,2,2024-09-12,Morning,2,4,2
1865,2,2024-09-12,Afternoon,2,6,3
1866,2,2024-09-12,Night,1,3,1
1867,2,2024-09-13,Morning,2,5,4
1868,2,2024-09-13,Afternoon,2,6,3
1869,2,2024-09-13,Night,1,3,1
1870,2,2024-09-14,Morning,2,5,3
1871,2,2024-09-14,Afternoon,2,6,3
1872,2,2024-09-14,Night,2,4,2
1873,2,2024-09-15,Morning,2,5,3
1874,2,2024-09-15,Afternoon,3,6,4
1875,2,2024-09-15,Night,1,4,2
1876,2,2024-09-16,Morning,2,5,1
1877,2,2024-09-16,Afternoon,3,5,2
1878,2,2024-09-16,Night,1,4,2
1879,2,2024-09-17,Morning,1,5,3
1880,2,2024-09-17,Afternoon,2,6,3
1881,2,2024-09-17,Night,1,3,2
1882,2,2024-09-18,Morning,2,6,2
1883,2,2024-09-18,Afternoon,2,4,2
1884,2,2024-09-18,Night,1,3,1
1885,2,2024-09-19,Morning,2,5,3
1886,2,2024-09-19,Afternoon,1,5,2
1887,2,2024-09-19,Night,1,3,2
1888,2,2024-09-20,Morning,2,5,3
1889,2,2024-09-20,Afternoon,2,6,3
1890,2,2024-09-20,Night,1,3,2
1891,2,2024-09-21,Morning,2,5,3
1892,2,2024-09-21,Afternoon,2,5,3
1893,2,2024-09-21,Night,1,2,1
1894,2,2024-09-22,Morning,2,6,4
1895,2,2024-09-22,Afternoon,2,5,2
1896,2,2024-09-22,Night,2,2,2
1897,2,2024-09-23,Morning,2,5,4
1898,2,2024-09-23,Afternoon,2,5,4
1899,2,2024-09-23,Night,2,4,3
1900,2,2024-09-24,Morning,2,5,2
1901,2,2024-09-24,Afternoon,2,5,3
1902,2,2024-09-24,Night,1,3,2
1903,2,2024-09-25,Morning,2,6,3
1904,2,2024-09-25,Afternoon,2,5,1
1905,2,2024-09-25,Night,2,3,1
1906,2,2024-09-26,Morning,2,5,3
1907,2,2024-09-26,Afternoon,2,6,3
1908,2,2024-09-26,Night,1,4,4
1909,2,2024-09-27,Morning,2,5,2
1910,2,2024-09-27,Afternoon,2,5,2
1911,2,2024-09-27,Night,1,2,2
1912,2,2024-09-28,Morning,2,5,2
1913,2,2024-09-28,Afternoon,2,6,2
1914,2,2024-09-28,Night,2,4,3
1915,2,2024-09-29,Morning,2,6,3
1916,2,2024-09-29,Afternoon,1,6,2
1917,2,2024-09-29,Night,1,3,2
1918,2,2024-09-30,Morning,2,4,3
1919,2,2024-09-30,Afternoon,2,4,2
1920,2,2024-09-30,Night,1,3,1
1921,2,2024-10-01,Morning,2,6,3
1922,2,2024-10-01,Afternoon,2,6,3
1923,2,2024-10-01,Night,2,3,2
1924,2,2024-10-02,Morning,2,5,3
1925,2,2024-10-02,Afternoon,2,5,4
1926,2,2024-10-02,Night,1,3,2
1927,2,2024-10-03,Morning,2,6,3
1928,2,2024-10-03,Afternoon,2,4,2
1929,2,2024-10-03,Night,2,3,2
1930,2,2024-10-04,Morning,2,4,3
1931,2,2024-10-04,Afternoon,2,6,3
1932,2,2024-10-04,Night,1,4,2
1933,2,2024-10-05,Morning,2,7,3
1934,2,2024-10-05,Afternoon,2,5,2
1935,2,2024-10-05,Night,2,4,2
1936,2,2024-10-06,Morning,2,5,3
1937,2,2024-10-06,Afternoon,2,5,4
1938,2,2024-10-06,Night,1,4,2
1939,2,2024-10-07,Morning,2,5,3
1940,2,2024-10-07,Afternoon,2,5,3
1941,2,2024-10-07,Night,1,3,2
1942,2,2024-10-08,Morning,1,5,3
1943,2,2024-10-08,Afternoon,3,6,3
1944,2,2024-10-08,Night,1,3,2
1945,2,2024-10-09,Morning,2,5,3
1946,2,2024-10-09,Afternoon,2,4,2
1947,2,2024-10-09,Night,1,3,1
1948,2,2024-10-10,Morning,2,5,3
1949,2,2024-10-10,Afternoon,2,6,4
1950,2,2024-10-10,Night,1,4,2
1951,2,2024-10-11,Morning,2,6,4
1952,2,2024-10-11,Afternoon,2,4,2
1953,2,2024-10-11,Night,1,4,3
1954,2,2024-10-12,Morning,2,6,4
1955,2,2024-10-12,Afternoon,2,5,2
1956,2,2024-10-12,Night,1,2,2
1957,2,2024-10-13,Morning,3,6,4
1958,2,2024-10-13,Afternoon,2,7,4
1959,2,2024-10-13,Night,2,3,2
1960,2,2024-10-14,Morning,3,4,3
1961,2,2024-10-14,Afternoon,2,6,3
1962,2,2024-10-14,Night,2,3,3
1963,2,2024-10-15,Morning,3,5,4
1964,2,2024-10-15,Afternoon,2,5,4
1965,2,2024-10-15,Night,2,4,2
1966,2,2024-10-16,Morning,2,5,4
1967,2,2024-10-16,Afternoon,2,5,3
1968,2,2024-10-16,Night,1,3,2
1969,2,2024-10-17,Morning,2,6,3
1970,2,2024-10-17,Afternoon,2,4,3
1971,2,2024-10-17,Night,1,4,2
1972,2,2024-10-18,Morning,2,5,3
1973,2,2024-10-18,Afternoon,2,5,3
1974,2,2024-10-18,Night,1,3,2
1975,2,2024-10-19,Morning,2,7,3
1976,2,2024-10-19,Afternoon,2,5,3
1977,2,2024-10-19,Night,1,4,2
1978,2,2024-10-20,Morning,2,5,3
1979,2,2024-10-20,Afternoon,2,4,2
1980,2,2024-10-20,Night,1,4,2
1981,2,2024-10-21,Morning,1,3,2
1982,2,2024-10-21,Afternoon,2,3,1
1983,2,2024-10-21,Night,1,4,3
1984,2,2024-10-22,Morning,1,7,4
1985,2,2024-10-22,Afternoon,2,4,2
1986,2,2024-10-22,Night,1,3,2
1987,2,2024-10-23,Morning,2,4,2
1988,2,2024-10-23,Afternoon,3,4,3
1989,2,2024-10-23,Night,2,4,2
1990,2,2024-10-24,Morning,2,5,4
1991,2,2024-10-24,Afternoon,2,5,3
1992,2,2024-10-24,Night,2,3,2
1993,2,2024-10-25,Morning,2,5,3
1994,2,2024-10-25,Afternoon,2,4,3
1995,2,2024-10-25,Night,1,3,1
1996,2,2024-10-26,Morning,2,6,3
1997,2,2024-10-26,Afternoon,2,5,2
1998,2,2024-10-26,Night,1,4,2
1999,2,2024-10-27,Morning,1,5,3
2000,2,2024-10-27,Afternoon,2,6,3
2001,2,2024-10-27,Night,1,4,2
2002,2,2024-10-28,Morning,1,5,3
2003,2,2024-10-28,Afternoon,1,4,2
2004,2,2024-10-28,Night,1,3,2
2005,2,2024-10-29,Morning,2,5,2
2006,2,2024-10-29,Afternoon,2,4,2
2007,2,2024-10-29,Night,1,4,2
2008,2,2024-10-30,Morning,2,4,3
2009,2,2024-10-30,Afternoon,2,4,2
2010,2,2024-10-30,Night,2,3,1
2011,2,2024-10-31,Morning,3,5,4
2012,2,2024-10-31,Afternoon,2,5,2
2013,2,2024-10-31,Night,1,3,1
2014,2,2024-11-01,Morning,3,5,3
2015,2,2024-11-01,Afternoon,1,4,2
2016,2,2024-11-01,Night,2,3,2
2017,2,2024-11-02,Morning,2,6,3
2018,2,2024-11-02,Afternoon,2,5,4
2019,2,2024-11-02,Night,1,3,1
2020,2,2024-11-03,Morning,2,5,3
2021,2,2024-11-03,Afternoon,2,5,3
2022,2,2024-11-03,Night,2,4,3
2023,2,2024-11-04,Morning,2,5,2
2024,2,2024-11-04,Afternoon,2,4,2
2025,2,2024-11-04,Night,1,4,2
2026,2,2024-11-05,Morning,3,3,2
2027,2,2024-11-05,Afternoon,1,6,2
2028,2,2024-11-05,Night,1,2,1
2029,2,2024-11-06,Morning,1,4,2
2030,2,2024-11-06,Afternoon,3,5,3
2031,2,2024-11-06,Night,1,3,1
2032,2,2024-11-07,Morning,2,5,3
2033,2,2024-11-07,Afternoon,2,6,4
2034,2,2024-11-07,Night,1,3,1
2035,2,2024-11-08,Morning,3,5,3
2036,2,2024-11-08,Afternoon,2,5,4
2037,2,2024-11-08,Night,1,4,2
2038,2,2024-11-09,Morning,2,5,2
2039,2,2024-11-09,Afternoon,3,6,3
2040,2,2024-11-09,Night,1,3,1
2041,2,2024-11-10,Morning,2,6,4
2042,2,2024-11-10,Afternoon,2,5,2
2043,2,2024-11-10,Night,1,4,3
2044,2,2024-11-11,Morning,2,4,2
2045,2,2024-11-11,Afternoon,1,6,3
2046,2,2024-11-11,Night,1,3,1
2047,2,2024-11-12,Morning,3,5,4
2048,2,2024-11-12,Afternoon,3,5,3
2049,2,2024-11-12,Night,1,4,2
2050,2,2024-11-13,Morning,1,5,3
2051,2,2024-11-13,Afternoon,2,5,2
2052,2,2024-11-13,Night,2,3,3
2053,2,2024-11-14,Morning,2,4,2
2054,2,2024-11-14,Afternoon,2,6,3
2055,2,2024-11-14,Night,1,3,2
2056,2,2024-11-15,Morning,2,5,1
2057,2,2024-11-15,Afternoon,3,5,4
2058,2,2024-11-15,Night,1,2,1
2059,2,2024-11-16,Morning,2,6,3
2060,2,2024-11-16,Afternoon,1,5,2
2061,2,2024-11-16,Night,2,3,1
2062,2,2024-11-17,Morning,2,5,2
2063,2,2024-11-17,Afternoon,2,5,4
2064,2,2024-11-17,Night,1,3,2
2065,2,2024-11-18,Morning,2,3,2
2066,2,2024-11-18,Afternoon,2,5,3
2067,2,2024-11-18,Night,1,3,2
2068,2,2024-11-19,Morning,2,5,3
2069,2,2024-11-19,Afternoon,1,5,3
2070,2,2024-11-19,Night,2,3,2
2071,2,2024-11-20,Morning,2,5,3
2072,2,2024-11-20,Afternoon,2,5,3
2073,2,2024-11-20,Night,1,3,2
2074,2,2024-11-21,Morning,3,5,3
2075,2,2024-11-21,Afternoon,2,5,3
2076,2,2024-11-21,Night,1,3,2
2077,2,2024-11-22,Morning,2,5,3
2078,2,2024-11-22,Afternoon,2,6,4
2079,2,2024-11-22,Night,1,3,2
2080,2,2024-11-23,Morning,2,4,2
2081,2,2024-11-23,Afternoon,2,6,3
2082,2,2024-11-23,Night,2,4,3
2083,2,2024-11-24,Morning,2,5,4
2084,2,2024-11-24,Afternoon,2,5,3
2085,2,2024-11-24,Night,1,4,2
2086,2,2024-11-25,Morning,2,5,3
2087,2,2024-11-25,Afternoon,2,4,2
2088,2,2024-11-25,Night,1,4,2
2089,2,2024-11-26,Morning,2,5,3
2090,2,2024-11-26,Afternoon,2,6,3
2091,2,2024-11-26,Night,1,3,2
2092,2,2024-11-27,Morning,2,7,4
2093,2,2024-11-27,Afternoon,3,5,4
2094,2,2024-11-27,Night,1,2,2
2095,2,2024-11-28,Morning,2,5,3
2096,2,2024-11-28,Afternoon,2,4,2
2097,2,2024-11-28,Night,1,3,1
2098,2,2024-11-29,Morning,2,6,3
2099,2,2024-11-29,Afternoon,1,4,1
2100,2,2024-11-29,Night,2,3,2
2101,2,2024-11-30,Morning,2,6,3
2102,2,2024-11-30,Afternoon,2,5,4
2103,2,2024-11-30,Night,1,2,2
2104,2,2024-12-01,Morning,2,4,3
2105,2,2024-12-01,Afternoon,2,5,4
2106,2,2024-12-01,Night,1,5,2
2107,2,2024-12-02,Morning,2,4,2
2108,2,2024-12-02,Afternoon,2,5,3
2109,2,2024-12-02,Night,2,3,2
2110,2,2024-12-03,Morning,2,5,3
2111,2,2024-12-03,Afternoon,2,6,3
2112,2,2024-12-03,Night,1,2,1
2113,2,2024-12-04,Morning,1,5,3
2114,2,2024-12-04,Afternoon,2,5,2
2115,2,2024-12-04,Night,1,4,2
2116,2,2024-12-05,Morning,2,6,3
2117,2,2024-12-05,Afternoon,2,5,3
2118,2,2024-12-05,Night,2,3,2
2119,2,2024-12-06,Morning,2,6,4
2120,2,2024-12-06,Afternoon,2,5,2
2121,2,2024-12-06,Night,2,4,2
2122,2,2024-12-07,Morning,2,5,3
2123,2,2024-12-07,Afternoon,2,6,3
2124,2,2024-12-07,Night,1,4,3
2125,2,2024-12-08,Morning,2,5,2
2126,2,2024-12-08,Afternoon,1,5,3
2127,2,2024-12-08,Night,1,4,2
2128,2,2024-12-09,Morning,2,4,2
2129,2,2024-12-09,Afternoon,3,5,4
2130,2,2024-12-09,Night,1,2,1
2131,2,2024-12-10,Morning,1,5,3
2132,2,2024-12-10,Afternoon,3,5,3
2133,2,2024-12-10,Night,1,4,1
2134,2,2024-12-11,Morning,2,5,2
2135,2,2024-12-11,Afternoon,1,5,2
2136,2,2024-12-11,Night,1,4,2
2137,2,2024-12-12,Morning,2,4,3
2138,2,2024-12-12,Afternoon,2,5,3
2139,2,2024-12-12,Night,1,2,2
2140,2,2024-12-13,Morning,3,5,3
2141,2,2024-12-13,Afternoon,2,5,1
2142,2,2024-12-13,Night,1,3,2
2143,2,2024-12-14,Morning,2,6,4
2144,2,2024-12-14,Afternoon,2,5,3
2145,2,2024-12-14,Night,2,3,2
2146,2,2024-12-15,Morning,2,5,3
2147,2,2024-12-15,Afternoon,3,6,4
2148,2,2024-12-15,Night,2,4,2
2149,2,2024-12-16,Morning,3,4,4
2150,2,2024-12-16,Afternoon,2,5,4
2151,2,2024-12-16,Night,1,4,2
2152,2,2024-12-17,Morning,2,5,2
2153,2,2024-12-17,Afternoon,2,5,3
2154,2,2024-12-17,Night,2,4,3
2155,2,2024-12-18,Morning,2,5,3
2156,2,2024-12-18,Afternoon,2,4,2
2157,2,2024-12-18,Night,2,5,3
2158,2,2024-12-19,Morning,2,5,2
2159,2,2024-12-19,Afternoon,2,4,2
2160,2,2024-12-19,Night,1,2,1
2161,2,2024-12-20,Morning,2,5,3
2162,2,2024-12-20,Afternoon,2,6,3
2163,2,2024-12-20,Night,1,3,1
2164,2,2024-12-21,Morning,2,5,3
2165,2,2024-12-21,Afternoon,2,5,3
2166,2,2024-12-21,Night,1,2,2
2167,2,2024-12-22,Morning,3,6,4
2168,2,2024-12-22,Afternoon,3,6,4
2169,2,2024-12-22,Night,2,4,2
2170,2,2024-12-23,Morning,2,4,3
2171,2,2024-12-23,Afternoon,2,5,3
2172,2,2024-12-23,Night,1,3,1
2173,2,2024-12-24,Morning,2,4,3
2174,2,2024-12-24,Afternoon,2,5,3
2175,2,2024-12-24,Night,1,4,2
2176,2,2024-12-25,Morning,2,6,3
2177,2,2024-12-25,Afternoon,1,6,3
2178,2,2024-12-25,Night,2,3,3
2179,2,2024-12-26,Morning,3,4,2
2180,2,2024-12-26,Afternoon,2,4,2
2181,2,2024-12-26,Night,1,2,2
2182,2,2024-12-27,Morning,2,6,3
2183,2,2024-12-27,Afternoon,3,5,2
2184,2,2024-12-27,Night,1,3,1
2185,2,2024-12-28,Morning,2,5,2
2186,2,2024-12-28,Afternoon,2,5,3
2187,2,2024-12-28,Night,1,3,2
2188,2,2024-12-29,Morning,2,4,2
2189,2,2024-12-29,Afternoon,2,6,4
2190,2,2024-12-29,Night,1,3,1
2191,2,2024-12-30,Morning,3,4,4
2192,2,2024-12-30,Afternoon,2,4,2
2193,2,2024-12-30,Night,1,4,1
2194,2,2024-12-31,Morning,1,5,2
2195,2,2024-12-31,Afternoon,2,5,3
2196,2,2024-12-31,Night,2,3,2
2197,3,2024-01-01,Morning,2,4,3
2198,3,2024-01-01,Afternoon,2,6,4
2199,3,2024-01-01,Night,1,3,1
2200,3,2024-01-02,Morning,2,5,3
2201,3,2024-01-02,Afternoon,2,6,4
2202,3,2024-01-02,Night,1,3,1
2203,3,2024-01-03,Morning,2,5,3
2204,3,2024-01-03,Afternoon,1,5,2
2205,3,2024-01-03,Night,1,3,2
2206,3,2024-01-04,Morning,2,5,3
2207,3,2024-01-04,Afternoon,2,6,3
2208,3,2024-01-04,Night,2,3,2
2209,3,2024-01-05,Morning,2,5,3
2210,3,2024-01-05,Afternoon,2,5,2
2211,3,2024-01-05,Night,1,3,1
2212,3,2024-01-06,Morning,2,4,2
2213,3,2024-01-06,Afternoon,2,5,3
2214,3,2024-01-06,Night,1,4,2
2215,3,2024-01-07,Morning,2,5,3
2216,3,2024-01-07,Afternoon,2,5,3
2217,3,2024-01-07,Night,1,3,2
2218,3,2024-01-08,Morning,2,4,2
2219,3,2024-01-08,Afternoon,3,5,3
2220,3,2024-01-08,Night,2,3,1
2221,3,2024-01-09,Morning,3,6,2
2222,3,2024-01-09,Afternoon,2,5,3
2223,3,2024-01-09,Night,2,3,2
2224,3,2024-01-10,Morning,2,4,3
2225,3,2024-01-10,Afternoon,1,4,3
2226,3,2024-01-10,Night,1,3,1
2227,3,2024-01-11,Morning,3,5,3
2228,3,2024-01-11,Afternoon,1,4,2
2229,3,2024-01-11,Night,1,3,2
2230,3,2024-01-12,Morning,3,4,4
2231,3,2024-01-12,Afternoon,2,5,2
2232,3,2024-01-12,Night,1,4,1
2233,3,2024-01-13,Morning,2,5,3
2234,3,2024-01-13,Afternoon,2,6,4
2235,3,2024-01-13,Night,2,3,1
2236,3,2024-01-14,Morning,2,5,3
2237,3,2024-01-14,Afternoon,3,6,4
2238,3,2024-01-14,Night,1,3,1
2239,3,2024-01-15,Morning,2,4,2
2240,3,2024-01-15,Afternoon,1,5,2
2241,3,2024-01-15,Night,2,4,2
2242,3,2024-01-16,Morning,2,4,1
2243,3,2024-01-16,Afternoon,2,6,4
2244,3,2024-01-16,Night,2,2,2
2245,3,2024-01-17,Morning,1,5,3
2246,3,2024-01-17,Afternoon,3,5,4
2247,3,2024-01-17,Night,1,3,1
2248,3,2024-01-18,Morning,2,6,4
2249,3,2024-01-18,Afternoon,2,5,3
2250,3,2024-01-18,Night,1,4,2
2251,3,2024-01-19,Morning,2,5,2
2252,3,2024-01-19,Afternoon,2,5,3
2253,3,2024-01-19,Night,1,3,2
2254,3,2024-01-20,Morning,2,6,3
2255,3,2024-01-20,Afternoon,3,5,3
2256,3,2024-01-20,Night,2,3,2
2257,3,2024-01-21,Morning,1,6,3
2258,3,2024-01-21,Afternoon,2,6,3
2259,3,2024-01-21,Night,2,3,2
2260,3,2024-01-22,Morning,2,4,3
2261,3,2024-01-22,Afternoon,2,6,3
2262,3,2024-01-22,Night,1,4,1
2263,3,2024-01-23,Morning,2,4,2
2264,3,2024-01-23,Afternoon,2,5,3
2265,3,2024-01-23,Night,1,3,2
2266,3,2024-01-24,Morning,2,6,3
2267,3,2024-01-24,Afternoon,3,4,3
2268,3,2024-01-24,Night,1,4,2
2269,3,2024-01-25,Morning,2,5,3
2270,3,2024-01-25,Afternoon,2,5,3
2271,3,2024-01-25,Night,1,3,2
2272,3,2024-01-26,Morning,2,4,2
2273,3,2024-01-26,Afternoon,2,5,3
2274,3,2024-01-26,Night,1,3,1
2275,3,2024-01-27,Morning,2,7,4
2276,3,2024-01-27,Afternoon,1,6,2
2277,3,2024-01-27,Night,1,3,1
2278,3,2024-01-28,Morning,2,5,2
2279,3,2024-01-28,Afternoon,2,5,3
2280,3,2024-01-28,Night,2,3,2
2281,3,2024-01-29,Morning,2,5,3
2282,3,2024-01-29,Afternoon,2,5,3
2283,3,2024-01-29,Night,1,3,1
2284,3,2024-01-30,Morning,2,6,4
2285,3,2024-01-30,Afternoon,1,5,2
2286,3,2024-01-30,Night,1,3,2
2287,3,2024-01-31,Morning,2,6,3
2288,3,2024-01-31,Afternoon,3,4,3
2289,3,2024-01-31,Night,1,3,1
2290,3,2024-02-01,Morning,1,5,3
2291,3,2024-02-01,Afternoon,2,5,3
2292,3,2024-02-01,Night,1,3,2
2293,3,2024-02-02,Morning,2,4,2
2294,3,2024-02-02,Afternoon,1,5,2
2295,3,2024-02-02,Night,1,4,2
2296,3,2024-02-03,Morning,2,5,2
2297,3,2024-02-03,Afternoon,2,5,2
2298,3,2024-02-03,Night,1,3,2
2299,3,2024-02-04,Morning,2,5,3
2300,3,2024-02-04,Afternoon,2,5,2
2301,3,2024-02-04,Night,2,3,2
2302,3,2024-02-05,Morning,2,5,3
2303,3,2024-02-05,Afternoon,2,4,2
2304,3,2024-02-05,Night,1,5,2
2305,3,2024-02-06,Morning,3,5,2
2306,3,2024-02-06,Afternoon,2,4,2
2307,3,2024-02-06,Night,1,3,2
2308,3,2024-02-07,Morning,2,4,3
2309,3,2024-02-07,Afternoon,2,5,2
2310,3,2024-02-07,Night,1,3,2
2311,3,2024-02-08,Morning,2,4,2
2312,3,2024-02-08,Afternoon,3,5,3
2313,3,2024-02-08,Night,1,3,2
2314,3,2024-02-09,Morning,2,5,2
2315,3,2024-02-09,Afternoon,2,5,3
2316,3,2024-02-09,Night,2,4,3
2317,3,2024-02-10,Morning,2,6,4
2318,3,2024-02-10,Afternoon,2,6,4
2319,3,2024-02-10,Night,1,3,1
2320,3,2024-02-11,Morning,2,6,3
2321,3,2024-02-11,Afternoon,3,4,3
2322,3,2024-02-11,Night,2,4,3
2323,3,2024-02-12,Morning,2,5,4
2324,3,2024-02-12,Afternoon,2,6,4
2325,3,2024-02-12,Night,1,3,2
2326,3,2024-02-13,Morning,2,4,3
2327,3,2024-02-13,Afternoon,1,6,4
2328,3,2024-02-13,Night,1,3,1
2329,3,2024-02-14,Morning,2,4,2
2330,3,2024-02-14,Afternoon,2,5,2
2331,3,2024-02-14,Night,1,3,1
2332,3,2024-02-15,Morning,2,5,3
2333,3,2024-02-15,Afternoon,2,5,3
2334,3,2024-02-15,Night,1,4,2
2335,3,2024-02-16,Morning,2,5,2
2336,3,2024-02-16,Afternoon,1,5,2
2337,3,2024-02-16,Night,1,3,1
2338,3,2024-02-17,Morning,2,5,3
2339,3,2024-02-17,Afternoon,2,5,4
2340,3,2024-02-17,Night,1,4,2
2341,3,2024-02-18,Morning,2,5,2
2342,3,2024-02-18,Afternoon,2,6,4
2343,3,2024-02-18,Night,1,4,2
2344,3,2024-02-19,Morning,2,5,4
2345,3,2024-02-19,Afternoon,2,5,3
2346,3,2024-02-19,Night,1,3,1
2347,3,2024-02-20,Morning,1,6,3
2348,3,2024-02-20,Afternoon,1,6,4
2349,3,2024-02-20,Night,1,3,2
2350,3,2024-02-21,Morning,2,5,3
2351,3,2024-02-21,Afternoon,3,5,3
2352,3,2024-02-21,Night,2,4,1
2353,3,2024-02-22,Morning,2,7,4
2354,3,2024-02-22,Afternoon,2,5,2
2355,3,2024-02-22,Night,1,4,3
2356,3,2024-02-23,Morning,2,5,2
2357,3,2024-02-23,Afternoon,2,5,3
2358,3,2024-02-23,Night,1,4,2
2359,3,2024-02-24,Morning,1,6,3
2360,3,2024-02-24,Afternoon,2,5,3
2361,3,2024-02-24,Night,2,4,2
2362,3,2024-02-25,Morning,2,6,3
2363,3,2024-02-25,Afternoon,2,5,3
2364,3,2024-02-25,Night,1,3,1
2365,3,2024-02-26,Morning,2,5,3
2366,3,2024-02-26,Afternoon,1,6,3
2367,3,2024-02-26,Night,1,3,2
2368,3,2024-02-27,Morning,2,4,3
2369,3,2024-02-27,Afternoon,2,5,3
2370,3,2024-02-27,Night,1,3,2
2371,3,2024-02-28,Morning,2,4,3
2372,3,2024-02-28,Afternoon,1,5,2
2373,3,2024-02-28,Night,1,3,1
2374,3,2024-02-29,Morning,2,4,2
2375,3,2024-02-29,Afternoon,2,4,2
2376,3,2024-02-29,Night,1,4,2
2377,3,2024-03-01,Morning,2,5,3
2378,3,2024-03-01,Afternoon,2,5,3
2379,3,2024-03-01,Night,2,3,2
2380,3,2024-03-02,Morning,3,5,3
2381,3,2024-03-02,Afternoon,2,4,2
2382,3,2024-03-02,Night,1,4,2
2383,3,2024-03-03,Morning,2,6,4
2384,3,2024-03-03,Afternoon,2,6,4
2385,3,2024-03-03,Night,1,4,3
2386,3,2024-03-04,Morning,2,5,3
2387,3,2024-03-04,Afternoon,1,5,2
2388,3,2024-03-04,Night,1,3,2
2389,3,2024-03-05,Morning,2,5,3
2390,3,2024-03-05,Afternoon,1,5,3
2391,3,2024-03-05,Night,1,3,1
2392,3,2024-03-06,Morning,3,5,4
2393,3,2024-03-06,Afternoon,2,5,3
2394,3,2024-03-06,Night,1,3,2
2395,3,2024-03-07,Morning,2,5,3
2396,3,2024-03-07,Afternoon,2,5,3
2397,3,2024-03-07,Night,1,3,1
2398,3,2024-03-08,Morning,2,4,2
2399,3,2024-03-08,Afternoon,3,5,3
2400,3,2024-03-08,Night,1,3,2
2401,3,2024-03-09,Morning,2,6,3
2402,3,2024-03-09,Afternoon,2,5,2
2403,3,2024-03-09,Night,2,4,2
2404,3,2024-03-10,Morning,2,5,2
2405,3,2024-03-10,Afternoon,2,5,2
2406,3,2024-03-10,Night,1,3,1
2407,3,2024-03-11,Morning,2,4,3
2408,3,2024-03-11,Afternoon,2,5,3
2409,3,2024-03-11,Night,1,3,1
2410,3,2024-03-12,Morning,2,5,3
2411,3,2024-03-12,Afternoon,2,5,2
2412,3,2024-03-12,Night,1,3,2
2413,3,2024-03-13,Morning,2,6,4
2414,3,2024-03-13,Afternoon,2,5,2
2415,3,2024-03-13,Night,1,4,1
2416,3,2024-03-14,Morning,1,5,3
2417,3,2024-03-14,Afternoon,2,6,3
2418,3,2024-03-14,Night,1,3,2
2419,3,2024-03-15,Morning,2,5,4
2420,3,2024-03-15,Afternoon,3,5,3
2421,3,2024-03-15,Night,2,3,3
2422,3,2024-03-16,Morning,2,5,3
2423,3,2024-03-16,Afternoon,2,5,4
2424,3,2024-03-16,Night,1,4,2
2425,3,2024-03-17,Morning,2,4,2
2426,3,2024-03-17,Afternoon,3,5,3
2427,3,2024-03-17,Night,2,3,2
2428,3,2024-03-18,Morning,2,4,2
2429,3,2024-03-18,Afternoon,2,4,2
2430,3,2024-03-18,Night,1,4,3
2431,3,2024-03-19,Morning,2,6,3
2432,3,2024-03-19,Afternoon,2,5,3
2433,3,2024-03-19,Night,1,3,2
2434,3,2024-03-20,Morning,2,5,3
2435,3,2024-03-20,Afternoon,2,5,3
2436,3,2024-03-20,Night,1,3,1
2437,3,2024-03-21,Morning,2,5,2
2438,3,2024-03-21,Afternoon,2,6,3
2439,3,2024-03-21,Night,1,3,1
2440,3,2024-03-22,Morning,2,5,3
2441,3,2024-03-22,Afternoon,2,3,3
2442,3,2024-03-22,Night,2,4,3
2443,3,2024-03-23,Morning,2,6,3
2444,3,2024-03-23,Afternoon,2,6,4
2445,3,2024-03-23,Night,2,3,2
2446,3,2024-03-24,Morning,3,6,3
2447,3,2024-03-24,Afternoon,2,5,2
2448,3,2024-03-24,Night,1,4,2
2449,3,2024-03-25,Morning,1,5,3
2450,3,2024-03-25,Afternoon,2,5,3
2451,3,2024-03-25,Night,1,4,1
2452,3,2024-03-26,Morning,2,5,2
2453,3,2024-03-26,Afternoon,2,5,2
2454,3,2024-03-26,Night,1,4,2
2455,3,2024-03-27,Morning,2,5,3
2456,3,2024-03-27,Afternoon,2,5,3
2457,3,2024-03-27,Night,1,4,2
2458,3,2024-03-28,Morning,1,5,2
2459,3,2024-03-28,Afternoon,2,5,2
2460,3,2024-03-28,Night,1,2,1
2461,3,2024-03-29,Morning,2,5,3
2462,3,2024-03-29,Afternoon,2,5,3
2463,3,2024-03-29,Night,1,4,1
2464,3,2024-03-30,Morning,2,5,3
2465,3,2024-03-30,Afternoon,2,5,2
2466,3,2024-03-30,Night,1,3,2
2467,3,2024-03-31,Morning,2,5,3
2468,3,2024-03-31,Afternoon,1,6,2
2469,3,2024-03-31,Night,1,5,1
2470,3,2024-04-01,Morning,1,4,2
2471,3,2024-04-01,Afternoon,2,5,3
2472,3,2024-04-01,Night,1,4,1
2473,3,2024-04-02,Morning,2,5,3
2474,3,2024-04-02,Afternoon,2,4,2
2475,3,2024-04-02,Night,1,4,2
2476,3,2024-04-03,Morning,2,4,2
2477,3,2024-04-03,Afternoon,2,5,2
2478,3,2024-04-03,Night,2,4,3
2479,3,2024-04-04,Morning,1,4,3
2480,3,2024-04-04,Afternoon,2,5,3
2481,3,2024-04-04,Night,1,3,2
2482,3,2024-04-05,Morning,2,4,3
2483,3,2024-04-05,Afternoon,2,5,3
2484,3,2024-04-05,Night,1,3,1
2485,3,2024-04-06,Morning,1,6,3
2486,3,2024-04-06,Afternoon,3,5,3
2487,3,2024-04-06,Night,1,3,2
2488,3,2024-04-07,Morning,2,5,2
2489,3,2024-04-07,Afternoon,2,5,3
2490,3,2024-04-07,Night,1,4,2
2491,3,2024-04-08,Morning,2,4,2
2492,3,2024-04-08,Afternoon,2,5,3
2493,3,2024-04-08,Night,1,3,1
2494,3,2024-04-09,Morning,2,5,3
2495,3,2024-04-09,Afternoon,1,5,2
2496,3,2024-04-09,Night,1,3,2
2497,3,2024-04-10,Morning,2,5,2
2498,3,2024-04-10,Afternoon,1,5,1
2499,3,2024-04-10,Night,2,3,2
2500,3,2024-04-11,Morning,2,5,2
2501,3,2024-04-11,Afternoon,1,6,3
2502,3,2024-04-11,Night,1,3,1
2503,3,2024-04-12,Morning,2,4,2
2504,3,2024-04-12,Afternoon,2,5,2
2505,3,2024-04-12,Night,1,3,2
2506,3,2024-04-13,Morning,2,5,3
2507,3,2024-04-13,Afternoon,1,6,1
2508,3,2024-04-13,Night,1,4,2
2509,3,2024-04-14,Morning,3,5,3
2510,3,2024-04-14,Afternoon,2,6,4
2511,3,2024-04-14,Night,1,3,1
2512,3,2024-04-15,Morning,2,5,3
2513,3,2024-04-15,Afternoon,2,7,3
2514,3,2024-04-15,Night,1,3,1
2515,3,2024-04-16,Morning,2,5,2
2516,3,2024-04-16,Afternoon,2,6,3
2517,3,2024-04-16,Night,1,4,2
2518,3,2024-04-17,Morning,2,5,3
2519,3,2024-04-17,Afternoon,2,5,3
2520,3,2024-04-17,Night,1,4,2
2521,3,2024-04-18,Morning,2,5,2
2522,3,2024-04-18,Afternoon,2,5,2
2523,3,2024-04-18,Night,1,3,2
2524,3,2024-04-19,Morning,1,5,3
2525,3,2024-04-19,Afternoon,2,5,3
2526,3,2024-04-19,Night,1,3,2
2527,3,2024-04-20,Morning,2,6,4
2528,3,2024-04-20,Afternoon,2,6,2
2529,3,2024-04-20,Night,1,4,2
2530,3,2024-04-21,Morning,2,5,4
2531,3,2024-04-21,Afternoon,2,5,3
2532,3,2024-04-21,Night,1,3,1
2533,3,2024-04-22,Morning,2,4,2
2534,3,2024-04-22,Afternoon,2,6,2
2535,3,2024-04-22,Night,1,4,2
2536,3,2024-04-23,Morning,2,5,2
2537,3,2024-04-23,Afternoon,2,6,3
2538,3,2024-04-23,Night,2,3,2
2539,3,2024-04-24,Morning,2,4,3
2540,3,2024-04-24,Afternoon,2,5,3
2541,3,2024-04-24,Night,1,4,2
2542,3,2024-04-25,Morning,2,5,3
2543,3,2024-04-25,Afternoon,1,5,2
2544,3,2024-04-25,Night,2,3,1
2545,3,2024-04-26,Morning,2,5,3
2546,3,2024-04-26,Afternoon,3,5,4
2547,3,2024-04-26,Night,1,3,1
2548,3,2024-04-27,Morning,1,6,2
2549,3,2024-04-27,Afternoon,2,6,2
2550,3,2024-04-27,Night,1,4,1
2551,3,2024-04-28,Morning,1,3,2
2552,3,2024-04-28,Afternoon,2,5,3
2553,3,2024-04-28,Night,1,3,2
2554,3,2024-04-29,Morning,2,4,3
2555,3,2024-04-29,Afternoon,2,5,3
2556,3,2024-04-29,Night,1,4,2
2557,3,2024-04-30,Morning,3,6,4
2558,3,2024-04-30,Afternoon,2,6,3
2559,3,2024-04-30,Night,1,3,1
2560,3,2024-05-01,Morning,2,5,2
2561,3,2024-05-01,Afternoon,2,5,3
2562,3,2024-05-01,Night,1,2,1
2563,3,2024-05-02,Morning,2,5,3
2564,3,2024-05-02,Afternoon,2,5,3
2565,3,2024-05-02,Night,1,3,2
2566,3,2024-05-03,Morning,2,6,4
2567,3,2024-05-03,Afternoon,2,5,3
2568,3,2024-05-03,Night,1,3,1
2569,3,2024-05-04,Morning,2,5,4
2570,3,2024-05-04,Afternoon,2,5,2
2571,3,2024-05-04,Night,2,3,3
2572,3,2024-05-05,Morning,2,5,2
2573,3,2024-05-05,Afternoon,2,6,3
2574,3,2024-05-05,Night,1,3,2
2575,3,2024-05-06,Morning,1,5,2
2576,3,2024-05-06,Afternoon,2,6,4
2577,3,2024-05-06,Night,1,4,2
2578,3,2024-05-07,Morning,2,5,2
2579,3,2024-05-07,Afternoon,2,6,4
2580,3,2024-05-07,Night,1,3,2
2581,3,2024-05-08,Morning,2,5,2
2582,3,2024-05-08,Afternoon,1,5,2
2583,3,2024-05-08,Night,1,4,1
2584,3,2024-05-09,Morning,2,4,2
2585,3,2024-05-09,Afternoon,2,4,3
2586,3,2024-05-09,Night,1,3,2
2587,3,2024-05-10,Morning,1,5,2
2588,3,2024-05-10,Afternoon,2,4,3
2589,3,2024-05-10,Night,1,4,2
2590,3,2024-05-11,Morning,2,4,2
2591,3,2024-05-11,Afternoon,2,6,3
2592,3,2024-05-11,Night,1,4,1
2593,3,2024-05-12,Morning,2,7,4
2594,3,2024-05-12,Afternoon,2,5,3
2595,3,2024-05-12,Night,1,3,1
2596,3,2024-05-13,Morning,2,6,3
2597,3,2024-05-13,Afternoon,2,5,3
2598,3,2024-05-13,Night,1,2,1
2599,3,2024-05-14,Morning,2,6,3
2600,3,2024-05-14,Afternoon,3,4,2
2601,3,2024-05-14,Night,2,4,2
2602,3,2024-05-15,Morning,1,4,2
2603,3,2024-05-15,Afternoon,2,4,2
2604,3,2024-05-15,Night,1,3,1
2605,3,2024-05-16,Morning,2,4,2
2606,3,2024-05-16,Afternoon,2,3,1
2607,3,2024-05-16,Night,2,4,2
2608,3,2024-05-17,Morning,2,6,4
2609,3,2024-05-17,Afternoon,2,4,3
2610,3,2024-05-17,Night,2,3,2
2611,3,2024-05-18,Morning,3,6,4
2612,3,2024-05-18,Afternoon,2,6,3
2613,3,2024-05-18,Night,2,3,2
2614,3,2024-05-19,Morning,2,5,2
2615,3,2024-05-19,Afternoon,2,5,3
2616,3,2024-05-19,Night,1,4,2
2617,3,2024-05-20,Morning,2,3,2
2618,3,2024-05-20,Afternoon,3,6,3
2619,3,2024-05-20,Night,1,3,2
2620,3,2024-05-21,Morning,2,5,3
2621,3,2024-05-21,Afternoon,2,4,2
2622,3,2024-05-21,Night,1,3,2
2623,3,2024-05-22,Morning,2,5,3
2624,3,2024-05-22,Afternoon,2,5,3
2625,3,2024-05-22,Night,1,3,2
2626,3,2024-05-23,Morning,2,5,3
2627,3,2024-05-23,Afternoon,2,5,3
2628,3,2024-05-23,Night,1,4,3
2629,3,2024-05-24,Morning,1,4,2
2630,3,2024-05-24,Afternoon,1,4,2
2631,3,2024-05-24,Night,1,3,1
2632,3,2024-05-25,Morning,3,5,3
2633,3,2024-05-25,Afternoon,2,4,2
2634,3,2024-05-25,Night,1,5,3
2635,3,2024-05-26,Morning,2,6,3
2636,3,2024-05-26,Afternoon,2,6,2
2637,3,2024-05-26,Night,1,3,2
2638,3,2024-05-27,Morning,2,4,2
2639,3,2024-05-27,Afternoon,2,4,2
2640,3,2024-05-27,Night,1,3,3
2641,3,2024-05-28,Morning,2,5,2
2642,3,2024-05-28,Afternoon,2,4,2
2643,3,2024-05-28,Night,1,3,1
2644,3,2024-05-29,Morning,2,6,2
2645,3,2024-05-29,Afternoon,2,6,4
2646,3,2024-05-29,Night,1,3,2
2647,3,2024-05-30,Morning,2,5,3
2648,3,2024-05-30,Afternoon,2,5,3
2649,3,2024-05-30,Night,1,3,2
2650,3,2024-05-31,Morning,2,5,3
2651,3,2024-05-31,Afternoon,3,4,3
2652,3,2024-05-31,Night,1,3,1
2653,3,2024-06-01,Morning,2,5,3
2654,3,2024-06-01,Afternoon,1,5,2
2655,3,2024-06-01,Night,1,5,3
2656,3,2024-06-02,Morning,2,5,3
2657,3,2024-06-02,Afternoon,3,5,3
2658,3,2024-06-02,Night,1,4,2
2659,3,2024-06-03,Morning,2,5,4
2660,3,2024-06-03,Afternoon,2,5,3
2661,3,2024-06-03,Night,1,3,2
2662,3,2024-06-04,Morning,2,4,2
2663,3,2024-06-04,Afternoon,2,5,3
2664,3,2024-06-04,Night,1,3,1
2665,3,2024-06-05,Morning,1,7,3
2666,3,2024-06-05,Afternoon,3,5,3
2667,3,2024-06-05,Night,1,4,2
2668,3,2024-06-06,Morning,2,6,3
2669,3,2024-06-06,Afternoon,1,5,2
2670,3,2024-06-06,Night,1,3,1
2671,3,2024-06-07,Morning,1,5,2
2672,3,2024-06-07,Afternoon,2,4,3
2673,3,2024-06-07,Night,2,4,3
2674,3,2024-06-08,Morning,3,5,2
2675,3,2024-06-08,Afternoon,2,6,3
2676,3,2024-06-08,Night,2,4,3
2677,3,2024-06-09,Morning,2,5,3
2678,3,2024-06-09,Afternoon,2,5,3
2679,3,2024-06-09,Night,1,4,2
2680,3,2024-06-10,Morning,2,3,3
2681,3,2024-06-10,Afternoon,2,5,3
2682,3,2024-06-10,Night,1,2,1
2683,3,2024-06-11,Morning,2,3,3
2684,3,2024-06-11,Afternoon,2,6,4
2685,3,2024-06-11,Night,1,3,1
2686,3,2024-06-12,Morning,2,5,3
2687,3,2024-06-12,Afternoon,3,6,3
2688,3,2024-06-12,Night,2,3,2
2689,3,2024-06-13,Morning,2,5,3
2690,3,2024-06-13,Afternoon,2,4,3
2691,3,2024-06-13,Night,1,4,1
2692,3,2024-06-14,Morning,3,5,3
2693,3,2024-06-14,Afternoon,3,5,4
2694,3,2024-06-14,Night,1,5,2
2695,3,2024-06-15,Morning,2,6,3
2696,3,2024-06-15,Afternoon,2,5,3
2697,3,2024-06-15,Night,1,4,3
2698,3,2024-06-16,Morning,2,8,4
2699,3,2024-06-16,Afternoon,2,4,2
2700,3,2024-06-16,Night,1,3,2
2701,3,2024-06-17,Morning,2,5,2
2702,3,2024-06-17,Afternoon,2,6,2
2703,3,2024-06-17,Night,2,4,1
2704,3,2024-06-18,Morning,2,5,3
2705,3,2024-06-18,Afternoon,2,5,3
2706,3,2024-06-18,Night,1,3,1
2707,3,2024-06-19,Morning,2,4,3
2708,3,2024-06-19,Afternoon,2,6,3
2709,3,2024-06-19,Night,1,4,3
2710,3,2024-06-20,Morning,2,6,3
2711,3,2024-06-20,Afternoon,2,5,2
2712,3,2024-06-20,Night,1,3,2
2713,3,2024-06-21,Morning,2,4,3
2714,3,2024-06-21,Afternoon,2,6,4
2715,3,2024-06-21,Night,2,4,2
2716,3,2024-06-22,Morning,2,5,3
2717,3,2024-06-22,Afternoon,2,6,3
2718,3,2024-06-22,Night,1,3,2
2719,3,2024-06-23,Morning,2,5,3
2720,3,2024-06-23,Afternoon,2,4,2
2721,3,2024-06-23,Night,2,3,1
2722,3,2024-06-24,Morning,3,5,4
2723,3,2024-06-24,Afternoon,2,5,2
2724,3,2024-06-24,Night,1,3,1
2725,3,2024-06-25,Morning,2,5,3
2726,3,2024-06-25,Afternoon,2,4,2
2727,3,2024-06-25,Night,2,3,2
2728,3,2024-06-26,Morning,2,4,3
2729,3,2024-06-26,Afternoon,2,5,4
2730,3,2024-06-26,Night,1,3,2
2731,3,2024-06-27,Morning,3,5,3
2732,3,2024-06-27,Afternoon,2,5,2
2733,3,2024-06-27,Night,1,3,1
2734,3,2024-06-28,Morning,2,5,2
2735,3,2024-06-28,Afternoon,2,5,3
2736,3,2024-06-28,Night,1,3,2
2737,3,2024-06-29,Morning,3,5,3
2738,3,2024-06-29,Afternoon,2,5,2
2739,3,2024-06-29,Night,1,3,1
2740,3,2024-06-30,Morning,2,5,3
2741,3,2024-06-30,Afternoon,2,4,2
2742,3,2024-06-30,Night,2,4,2
2743,3,2024-07-01,Morning,1,5,2
2744,3,2024-07-01,Afternoon,2,5,3
2745,3,2024-07-01,Night,1,3,2
2746,3,2024-07-02,Morning,2,5,3
2747,3,2024-07-02,Afternoon,2,5,2
2748,3,2024-07-02,Night,1,3,2
2749,3,2024-07-03,Morning,2,5,3
2750,3,2024-07-03,Afternoon,3,4,3
2751,3,2024-07-03,Night,1,3,1
2752,3,2024-07-04,Morning,2,6,3
2753,3,2024-07-04,Afternoon,2,5,3
2754,3,2024-07-04,Night,1,3,2
2755,3,2024-07-05,Morning,2,5,3
2756,3,2024-07-05,Afternoon,3,5,3
2757,3,2024-07-05,Night,1,3,2
2758,3,2024-07-06,Morning,3,6,4
2759,3,2024-07-06,Afternoon,2,6,3
2760,3,2024-07-06,Night,1,3,2
2761,3,2024-07-07,Morning,2,5,3
2762,3,2024-07-07,Afternoon,2,5,3
2763,3,2024-07-07,Night,2,3,2
2764,3,2024-07-08,Morning,2,5,4
2765,3,2024-07-08,Afternoon,2,5,3
2766,3,2024-07-08,Night,1,3,1
2767,3,2024-07-09,Morning,2,5,3
2768,3,2024-07-09,Afternoon,2,5,3
2769,3,2024-07-09,Night,1,2,1
2770,3,2024-07-10,Morning,2,5,3
2771,3,2024-07-10,Afternoon,2,4,3
2772,3,2024-07-10,Night,1,3,2
2773,3,2024-07-11,Morning,1,5,3
2774,3,2024-07-11,Afternoon,2,5,3
2775,3,2024-07-11,Night,1,2,1
2776,3,2024-07-12,Morning,2,5,3
2777,3,2024-07-12,Afternoon,2,5,2
2778,3,2024-07-12,Night,2,5,4
2779,3,2024-07-13,Morning,2,6,4
2780,3,2024-07-13,Afternoon,1,5,3
2781,3,2024-07-13,Night,1,4,1
2782,3,2024-07-14,Morning,1,5,3
2783,3,2024-07-14,Afternoon,2,4,2
2784,3,2024-07-14,Night,1,3,1
2785,3,2024-07-15,Morning,1,5,2
2786,3,2024-07-15,Afternoon,1,4,3
2787,3,2024-07-15,Night,1,5,2
2788,3,2024-07-16,Morning,2,5,3
2789,3,2024-07-16,Afternoon,2,5,3
2790,3,2024-07-16,Night,1,3,1
2791,3,2024-07-17,Morning,2,5,3
2792,3,2024-07-17,Afternoon,2,6,4
2793,3,2024-07-17,Night,1,2,1
2794,3,2024-07-18,Morning,1,6,3
2795,3,2024-07-18,Afternoon,2,6,3
2796,3,2024-07-18,Night,1,3,2
2797,3,2024-07-19,Morning,3,5,3
2798,3,2024-07-19,Afternoon,2,5,2
2799,3,2024-07-19,Night,1,4,2
2800,3,2024-07-20,Morning,2,6,4
2801,3,2024-07-20,Afternoon,2,5,3
2802,3,2024-07-20,Night,1,4,2
2803,3,2024-07-21,Morning,1,5,3
2804,3,2024-07-21,Afternoon,2,5,3
2805,3,2024-07-21,Night,1,3,2
2806,3,2024-07-22,Morning,2,4,2
2807,3,2024-07-22,Afternoon,2,6,3
2808,3,2024-07-22,Night,1,3,2
2809,3,2024-07-23,Morning,2,5,3
2810,3,2024-07-23,Afternoon,3,5,4
2811,3,2024-07-23,Night,1,3,1
2812,3,2024-07-24,Morning,2,5,3
2813,3,2024-07-24,Afternoon,2,5,3
2814,3,2024-07-24,Night,1,3,2
2815,3,2024-07-25,Morning,2,6,4
2816,3,2024-07-25,Afternoon,3,5,4
2817,3,2024-07-25,Night,2,2,2
2818,3,2024-07-26,Morning,2,5,3
2819,3,2024-07-26,Afternoon,2,5,3
2820,3,2024-07-26,Night,1,3,2
2821,3,2024-07-27,Morning,2,5,2
2822,3,2024-07-27,Afternoon,2,5,3
2823,3,2024-07-27,Night,1,3,2
2824,3,2024-07-28,Morning,2,6,3
2825,3,2024-07-28,Afternoon,3,5,3
2826,3,2024-07-28,Night,1,2,2
2827,3,2024-07-29,Morning,2,3,2
2828,3,2024-07-29,Afternoon,2,5,3
2829,3,2024-07-29,Night,2,3,2
2830,3,2024-07-30,Morning,2,5,2
2831,3,2024-07-30,Afternoon,3,5,3
2832,3,2024-07-30,Night,1,4,2
2833,3,2024-07-31,Morning,3,6,4
2834,3,2024-07-31,Afternoon,2,5,3
2835,3,2024-07-31,Night,1,3,1
2836,3,2024-08-01,Morning,2,5,2
2837,3,2024-08-01,Afternoon,2,5,2
2838,3,2024-08-01,Night,1,3,1
2839,3,2024-08-02,Morning,1,6,2
2840,3,2024-08-02,Afternoon,2,5,3
2841,3,2024-08-02,Night,1,3,2
2842,3,2024-08-03,Morning,3,5,3
2843,3,2024-08-03,Afternoon,3,5,3
2844,3,2024-08-03,Night,1,4,2
2845,3,2024-08-04,Morning,2,5,3
2846,3,2024-08-04,Afternoon,2,5,4
2847,3,2024-08-04,Night,1,4,2
2848,3,2024-08-05,Morning,2,4,3
2849,3,2024-08-05,Afternoon,2,6,3
2850,3,2024-08-05,Night,1,5,3
2851,3,2024-08-06,Morning,2,5,3
2852,3,2024-08-06,Afternoon,3,6,3
2853,3,2024-08-06,Night,2,3,2
2854,3,2024-08-07,Morning,2,5,3
2855,3,2024-08-07,Afternoon,2,5,2
2856,3,2024-08-07,Night,1,3,2
2857,3,2024-08-08,Morning,2,4,2
2858,3,2024-08-08,Afternoon,1,5,2
2859,3,2024-08-08,Night,1,2,1
2860,3,2024-08-09,Morning,3,5,4
2861,3,2024-08-09,Afternoon,2,4,2
2862,3,2024-08-09,Night,1,3,2
2863,3,2024-08-10,Morning,2,6,4
2864,3,2024-08-10,Afternoon,2,4,2
2865,3,2024-08-10,Night,1,3,2
2866,3,2024-08-11,Morning,2,5,3
2867,3,2024-08-11,Afternoon,2,5,3
2868,3,2024-08-11,Night,1,4,2
2869,3,2024-08-12,Morning,2,5,4
2870,3,2024-08-12,Afternoon,2,4,2
2871,3,2024-08-12,Night,1,5,2
2872,3,2024-08-13,Morning,2,5,3
2873,3,2024-08-13,Afternoon,1,5,2
2874,3,2024-08-13,Night,2,3,3
2875,3,2024-08-14,Morning,2,5,2
2876,3,2024-08-14,Afternoon,2,5,2
2877,3,2024-08-14,Night,2,3,2
2878,3,2024-08-15,Morning,2,6,4
2879,3,2024-08-15,Afternoon,2,5,3
2880,3,2024-08-15,Night,1,4,2
2881,3,2024-08-16,Morning,3,6,3
2882,3,2024-08-16,Afternoon,2,4,2
2883,3,2024-08-16,Night,1,3,1
2884,3,2024-08-17,Morning,2,5,4
2885,3,2024-08-17,Afternoon,2,5,2
2886,3,2024-08-17,Night,1,3,1
2887,3,2024-08-18,Morning,2,6,3
2888,3,2024-08-18,Afternoon,2,5,3
2889,3,2024-08-18,Night,1,4,2
2890,3,2024-08-19,Morning,2,5,3
2891,3,2024-08-19,Afternoon,2,5,4
2892,3,2024-08-19,Night,1,4,2
2893,3,2024-08-20,Morning,2,3,1
2894,3,2024-08-20,Afternoon,2,5,3
2895,3,2024-08-20,Night,1,4,3
2896,3,2024-08-21,Morning,1,5,2
2897,3,2024-08-21,Afternoon,2,5,2
2898,3,2024-08-21,Night,1,3,1
2899,3,2024-08-22,Morning,2,5,3
2900,3,2024-08-22,Afternoon,2,5,2
2901,3,2024-08-22,Night,1,2,1
2902,3,2024-08-23,Morning,2,6,3
2903,3,2024-08-23,Afternoon,2,5,3
2904,3,2024-08-23,Night,1,3,1
2905,3,2024-08-24,Morning,2,6,3
2906,3,2024-08-24,Afternoon,2,6,4
2907,3,2024-08-24,Night,1,4,1
2908,3,2024-08-25,Morning,2,7,3
2909,3,2024-08-25,Afternoon,2,6,4
2910,3,2024-08-25,Night,1,3,1
2911,3,2024-08-26,Morning,2,5,3
2912,3,2024-08-26,Afternoon,2,5,2
2913,3,2024-08-26,Night,2,4,2
2914,3,2024-08-27,Morning,2,5,3
2915,3,2024-08-27,Afternoon,1,4,2
2916,3,2024-08-27,Night,2,2,2
2917,3,2024-08-28,Morning,1,5,1
2918,3,2024-08-28,Afternoon,3,5,3
2919,3,2024-08-28,Night,1,4,2
2920,3,2024-08-29,Morning,2,6,3
2921,3,2024-08-29,Afternoon,2,6,4
2922,3,2024-08-29,Night,2,3,2
2923,3,2024-08-30,Morning,2,5,3
2924,3,2024-08-30,Afternoon,2,5,3
2925,3,2024-08-30,Night,1,3,1
2926,3,2024-08-31,Morning,2,4,2
2927,3,2024-08-31,Afternoon,2,5,3
2928,3,2024-08-31,Night,1,4,1
2929,3,2024-09-01,Morning,2,5,4
2930,3,2024-09-01,Afternoon,1,6,3
2931,3,2024-09-01,Night,2,2,2
2932,3,2024-09-02,Morning,2,4,3
2933,3,2024-09-02,Afternoon,2,6,3
2934,3,2024-09-02,Night,2,3,2
2935,3,2024-09-03,Morning,2,5,3
2936,3,2024-09-03,Afternoon,2,6,3
2937,3,2024-09-03,Night,1,3,1
2938,3,2024-09-04,Morning,2,6,3
2939,3,2024-09-04,Afternoon,2,6,3
2940,3,2024-09-04,Night,1,2,1
2941,3,2024-09-05,Morning,2,5,3
2942,3,2024-09-05,Afternoon,2,5,2
2943,3,2024-09-05,Night,1,3,1
2944,3,2024-09-06,Morning,1,5,2
2945,3,2024-09-06,Afternoon,3,4,2
2946,3,2024-09-06,Night,1,2,1
2947,3,2024-09-07,Morning,2,4,1
2948,3,2024-09-07,Afternoon,2,5,3
2949,3,2024-09-07,Night,2,4,2
2950,3,2024-09-08,Morning,2,4,3
2951,3,2024-09-08,Afternoon,2,6,3
2952,3,2024-09-08,Night,2,3,1
2953,3,2024-09-09,Morning,2,4,2
2954,3,2024-09-09,Afternoon,3,4,3
2955,3,2024-09-09,Night,1,3,3
2956,3,2024-09-10,Morning,3,5,4
2957,3,2024-09-10,Afternoon,2,5,4
2958,3,2024-09-10,Night,1,4,2
2959,3,2024-09-11,Morning,2,5,3
2960,3,2024-09-11,Afternoon,2,4,2
2961,3,2024-09-11,Night,1,3,1
2962,3,2024-09-12,Morning,2,6,4
2963,3,2024-09-12,Afternoon,2,5,4
2964,3,2024-09-12,Night,1,3,2
2965,3,2024-09-13,Morning,2,4,3
2966,3,2024-09-13,Afternoon,2,6,4
2967,3,2024-09-13,Night,1,3,3
2968,3,2024-09-14,Morning,1,4,2
2969,3,2024-09-14,Afternoon,2,6,4
2970,3,2024-09-14,Night,1,2,1
2971,3,2024-09-15,Morning,1,6,2
2972,3,2024-09-15,Afternoon,2,6,3
2973,3,2024-09-15,Night,1,4,2
2974,3,2024-09-16,Morning,2,4,3
2975,3,2024-09-16,Afternoon,2,6,3
2976,3,2024-09-16,Night,1,4,2
2977,3,2024-09-17,Morning,2,5,3
2978,3,2024-09-17,Afternoon,2,4,2
2979,3,2024-09-17,Night,2,4,2
2980,3,2024-09-18,Morning,3,6,3
2981,3,2024-09-18,Afternoon,2,3,3
2982,3,2024-09-18,Night,1,4,3
2983,3,2024-09-19,Morning,2,4,2
2984,3,2024-09-19,Afternoon,3,6,4
2985,3,2024-09-19,Night,2,2,2
2986,3,2024-09-20,Morning,1,4,3
2987,3,2024-09-20,Afternoon,1,5,2
2988,3,2024-09-20,Night,1,3,1
2989,3,2024-09-21,Morning,2,6,3
2990,3,2024-09-21,Afternoon,2,5,2
2991,3,2024-09-21,Night,1,4,2
2992,3,2024-09-22,Morning,2,5,4
2993,3,2024-09-22,Afternoon,2,5,2
2994,3,2024-09-22,Night,1,3,2
2995,3,2024-09-23,Morning,2,3,2
2996,3,2024-09-23,Afternoon,2,6,2
2997,3,2024-09-23,Night,1,3,2
2998,3,2024-09-24,Morning,2,3,3
2999,3,2024-09-24,Afternoon,2,5,2
3000,3,2024-09-24,Night,2,2,2
3001,3,2024-09-25,Morning,2,5,3
3002,3,2024-09-25,Afternoon,2,4,4
3003,3,2024-09-25,Night,1,4,1
3004,3,2024-09-26,Morning,3,4,2
3005,3,2024-09-26,Afternoon,2,5,4
3006,3,2024-09-26,Night,1,3,2
3007,3,2024-09-27,Morning,2,5,3
3008,3,2024-09-27,Afternoon,3,5,3
3009,3,2024-09-27,Night,1,4,2
3010,3,2024-09-28,Morning,2,5,3
3011,3,2024-09-28,Afternoon,3,5,4
3012,3,2024-09-28,Night,2,4,3
3013,3,2024-09-29,Morning,3,4,2
3014,3,2024-09-29,Afternoon,2,5,3
3015,3,2024-09-29,Night,1,3,2
3016,3,2024-09-30,Morning,2,4,4
3017,3,2024-09-30,Afternoon,2,5,2
3018,3,2024-09-30,Night,1,3,2
3019,3,2024-10-01,Morning,2,5,4
3020,3,2024-10-01,Afternoon,2,5,3
3021,3,2024-10-01,Night,2,4,3
3022,3,2024-10-02,Morning,2,6,4
3023,3,2024-10-02,Afternoon,3,6,3
3024,3,2024-10-02,Night,2,3,1
3025,3,2024-10-03,Morning,2,5,3
3026,3,2024-10-03,Afternoon,2,5,3
3027,3,2024-10-03,Night,1,3,1
3028,3,2024-10-04,Morning,2,5,4
3029,3,2024-10-04,Afternoon,2,5,3
3030,3,2024-10-04,Night,1,3,1
3031,3,2024-10-05,Morning,2,5,3
3032,3,2024-10-05,Afternoon,2,4,2
3033,3,2024-10-05,Night,2,3,2
3034,3,2024-10-06,Morning,3,5,3
3035,3,2024-10-06,Afternoon,2,5,2
3036,3,2024-10-06,Night,1,4,1
3037,3,2024-10-07,Morning,2,4,3
3038,3,2024-10-07,Afternoon,2,5,3
3039,3,2024-10-07,Night,1,4,1
3040,3,2024-10-08,Morning,2,3,2
3041,3,2024-10-08,Afternoon,1,5,2
3042,3,2024-10-08,Night,1,4,2
3043,3,2024-10-09,Morning,2,5,3
3044,3,2024-10-09,Afternoon,2,6,3
3045,3,2024-10-09,Night,1,3,1
3046,3,2024-10-10,Morning,2,5,3
3047,3,2024-10-10,Afternoon,1,4,2
3048,3,2024-10-10,Night,1,4,2
3049,3,2024-10-11,Morning,2,6,3
3050,3,2024-10-11,Afternoon,2,4,3
3051,3,2024-10-11,Night,1,3,1
3052,3,2024-10-12,Morning,2,6,3
3053,3,2024-10-12,Afternoon,3,5,3
3054,3,2024-10-12,Night,1,4,3
3055,3,2024-10-13,Morning,2,6,4
3056,3,2024-10-13,Afternoon,2,6,3
3057,3,2024-10-13,Night,2,4,2
3058,3,2024-10-14,Morning,2,4,2
3059,3,2024-10-14,Afternoon,2,6,3
3060,3,2024-10-14,Night,1,4,3
3061,3,2024-10-15,Morning,2,4,3
3062,3,2024-10-15,Afternoon,2,6,3
3063,3,2024-10-15,Night,1,4,2
3064,3,2024-10-16,Morning,2,6,2
3065,3,2024-10-16,Afternoon,2,4,1
3066,3,2024-10-16,Night,1,3,2
3067,3,2024-10-17,Morning,2,6,3
3068,3,2024-10-17,Afternoon,2,4,3
3069,3,2024-10-17,Night,1,3,1
3070,3,2024-10-18,Morning,1,6,3
3071,3,2024-10-18,Afternoon,2,5,3
3072,3,2024-10-18,Night,1,4,3
3073,3,2024-10-19,Morning,3,4,3
3074,3,2024-10-19,Afternoon,2,5,3
3075,3,2024-10-19,Night,1,4,2
3076,3,2024-10-20,Morning,2,5,2
3077,3,2024-10-20,Afternoon,2,5,3
3078,3,2024-10-20,Night,2,3,1
3079,3,2024-10-21,Morning,2,5,3
3080,3,2024-10-21,Afternoon,2,5,3
3081,3,2024-10-21,Night,1,3,1
3082,3,2024-10-22,Morning,2,5,3
3083,3,2024-10-22,Afternoon,2,5,3
3084,3,2024-10-22,Night,2,5,3
3085,3,2024-10-23,Morning,2,5,2
3086,3,2024-10-23,Afternoon,2,4,3
3087,3,2024-10-23,Night,1,2,1
3088,3,2024-10-24,Morning,3,5,2
3089,3,2024-10-24,Afternoon,1,6,2
3090,3,2024-10-24,Night,1,3,2
3091,3,2024-10-25,Morning,2,5,2
3092,3,2024-10-25,Afternoon,2,5,3
3093,3,2024-10-25,Night,1,3,1
3094,3,2024-10-26,Morning,1,5,2
3095,3,2024-10-26,Afternoon,1,6,4
3096,3,2024-10-26,Night,1,4,1
3097,3,2024-10-27,Morning,2,6,3
3098,3,2024-10-27,Afternoon,1,5,2
3099,3,2024-10-27,Night,1,3,2
3100,3,2024-10-28,Morning,2,5,3
3101,3,2024-10-28,Afternoon,2,5,3
3102,3,2024-10-28,Night,1,3,2
3103,3,2024-10-29,Morning,2,5,3
3104,3,2024-10-29,Afternoon,2,4,2
3105,3,2024-10-29,Night,1,3,2
3106,3,2024-10-30,Morning,2,5,3
3107,3,2024-10-30,Afternoon,1,5,3
3108,3,2024-10-30,Night,1,2,1
3109,3,2024-10-31,Morning,3,6,4
3110,3,2024-10-31,Afternoon,1,5,2
3111,3,2024-10-31,Night,1,3,2
3112,3,2024-11-01,Morning,2,5,2
3113,3,2024-11-01,Afternoon,2,5,3
3114,3,2024-11-01,Night,1,3,2
3115,3,2024-11-02,Morning,2,5,3
3116,3,2024-11-02,Afternoon,2,5,3
3117,3,2024-11-02,Night,1,3,2
3118,3,2024-11-03,Morning,2,5,3
3119,3,2024-11-03,Afternoon,2,5,3
3120,3,2024-11-03,Night,1,3,1
3121,3,2024-11-04,Morning,2,4,4
3122,3,2024-11-04,Afternoon,1,5,2
3123,3,2024-11-04,Night,2,4,2
3124,3,2024-11-05,Morning,2,6,3
3125,3,2024-11-05,Afternoon,2,5,3
3126,3,2024-11-05,Night,1,3,2
3127,3,2024-11-06,Morning,2,6,4
3128,3,2024-11-06,Afternoon,2,5,3
3129,3,2024-11-06,Night,1,4,2
3130,3,2024-11-07,Morning,2,5,3
3131,3,2024-11-07,Afternoon,3,5,2
3132,3,2024-11-07,Night,1,4,2
3133,3,2024-11-08,Morning,2,7,3
3134,3,2024-11-08,Afternoon,2,5,3
3135,3,2024-11-08,Night,1,3,1
3136,3,2024-11-09,Morning,2,4,2
3137,3,2024-11-09,Afternoon,1,6,2
3138,3,2024-11-09,Night,1,4,1
3139,3,2024-11-10,Morning,2,6,3
3140,3,2024-11-10,Afternoon,2,5,3
3141,3,2024-11-10,Night,1,3,1
3142,3,2024-11-11,Morning,2,5,4
3143,3,2024-11-11,Afternoon,2,5,2
3144,3,2024-11-11,Night,1,2,1
3145,3,2024-11-12,Morning,2,5,3
3146,3,2024-11-12,Afternoon,2,5,3
3147,3,2024-11-12,Night,1,4,2
3148,3,2024-11-13,Morning,2,4,2
3149,3,2024-11-13,Afternoon,2,6,3
3150,3,2024-11-13,Night,1,3,1
3151,3,2024-11-14,Morning,2,5,4
3152,3,2024-11-14,Afternoon,3,6,4
3153,3,2024-11-14,Night,1,3,1
3154,3,2024-11-15,Morning,2,6,3
3155,3,2024-11-15,Afternoon,3,5,2
3156,3,2024-11-15,Night,1,4,1
3157,3,2024-11-16,Morning,1,5,3
3158,3,2024-11-16,Afternoon,2,5,3
3159,3,2024-11-16,Night,1,3,1
3160,3,2024-11-17,Morning,3,5,4
3161,3,2024-11-17,Afternoon,2,5,3
3162,3,2024-11-17,Night,1,3,2
3163,3,2024-11-18,Morning,2,4,3
3164,3,2024-11-18,Afternoon,2,4,2
3165,3,2024-11-18,Night,1,2,1
3166,3,2024-11-19,Morning,2,5,4
3167,3,2024-11-19,Afternoon,2,6,2
3168,3,2024-11-19,Night,1,3,3
3169,3,2024-11-20,Morning,2,5,3
3170,3,2024-11-20,Afternoon,2,5,3
3171,3,2024-11-20,Night,1,3,2
3172,3,2024-11-21,Morning,2,5,1
3173,3,2024-11-21,Afternoon,2,5,3
3174,3,2024-11-21,Night,1,3,1
3175,3,2024-11-22,Morning,2,5,3
3176,3,2024-11-22,Afternoon,2,6,3
3177,3,2024-11-22,Night,1,3,2
3178,3,2024-11-23,Morning,2,4,1
3179,3,2024-11-23,Afternoon,3,5,3
3180,3,2024-11-23,Night,2,4,3
3181,3,2024-11-24,Morning,2,5,3
3182,3,2024-11-24,Afternoon,2,5,3
3183,3,2024-11-24,Night,1,4,2
3184,3,2024-11-25,Morning,2,4,3
3185,3,2024-11-25,Afternoon,2,7,3
3186,3,2024-11-25,Night,1,4,2
3187,3,2024-11-26,Morning,1,5,2
3188,3,2024-11-26,Afternoon,3,5,3
3189,3,2024-11-26,Night,1,2,1
3190,3,2024-11-27,Morning,2,4,2
3191,3,2024-11-27,Afternoon,1,6,3
3192,3,2024-11-27,Night,2,3,2
3193,3,2024-11-28,Morning,3,5,3
3194,3,2024-11-28,Afternoon,2,6,3
3195,3,2024-11-28,Night,1,4,2
3196,3,2024-11-29,Morning,2,5,3
3197,3,2024-11-29,Afternoon,2,5,2
3198,3,2024-11-29,Night,1,3,2
3199,3,2024-11-30,Morning,2,5,4
3200,3,2024-11-30,Afternoon,2,5,2
3201,3,2024-11-30,Night,1,3,2
3202,3,2024-12-01,Morning,2,5,3
3203,3,2024-12-01,Afternoon,2,6,4
3204,3,2024-12-01,Night,1,3,2
3205,3,2024-12-02,Morning,3,5,4
3206,3,2024-12-02,Afternoon,2,6,3
3207,3,2024-12-02,Night,1,2,1
3208,3,2024-12-03,Morning,2,5,3
3209,3,2024-12-03,Afternoon,2,5,1
3210,3,2024-12-03,Night,2,3,3
3211,3,2024-12-04,Morning,3,5,3
3212,3,2024-12-04,Afternoon,2,5,3
3213,3,2024-12-04,Night,1,3,1
3214,3,2024-12-05,Morning,2,5,3
3215,3,2024-12-05,Afternoon,2,5,3
3216,3,2024-12-05,Night,1,3,2
3217,3,2024-12-06,Morning,2,4,3
3218,3,2024-12-06,Afternoon,2,6,4
3219,3,2024-12-06,Night,1,5,2
3220,3,2024-12-07,Morning,2,6,4
3221,3,2024-12-07,Afternoon,2,5,3
3222,3,2024-12-07,Night,1,3,2
3223,3,2024-12-08,Morning,2,5,3
3224,3,2024-12-08,Afternoon,2,6,2
3225,3,2024-12-08,Night,2,3,3
3226,3,2024-12-09,Morning,2,4,3
3227,3,2024-12-09,Afternoon,3,4,3
3228,3,2024-12-09,Night,1,3,2
3229,3,2024-12-10,Morning,1,5,3
3230,3,2024-12-10,Afternoon,2,4,3
3231,3,2024-12-10,Night,2,4,3
3232,3,2024-12-11,Morning,2,6,3
3233,3,2024-12-11,Afternoon,2,5,3
3234,3,2024-12-11,Night,1,4,3
3235,3,2024-12-12,Morning,2,5,3
3236,3,2024-12-12,Afternoon,2,5,3
3237,3,2024-12-12,Night,1,3,1
3238,3,2024-12-13,Morning,2,6,3
3239,3,2024-12-13,Afternoon,2,5,2
3240,3,2024-12-13,Night,1,3,2
3241,3,2024-12-14,Morning,2,6,2
3242,3,2024-12-14,Afternoon,2,6,2
3243,3,2024-12-14,Night,2,3,1
3244,3,2024-12-15,Morning,2,7,4
3245,3,2024-12-15,Afternoon,2,5,3
3246,3,2024-12-15,Night,2,3,2
3247,3,2024-12-16,Morning,2,4,3
3248,3,2024-12-16,Afternoon,2,6,3
3249,3,2024-12-16,Night,2,2,1
3250,3,2024-12-17,Morning,2,5,3
3251,3,2024-12-17,Afternoon,3,5,4
3252,3,2024-12-17,Night,1,4,3
3253,3,2024-12-18,Morning,3,5,4
3254,3,2024-12-18,Afternoon,2,5,1
3255,3,2024-12-18,Night,2,3,2
3256,3,2024-12-19,Morning,2,4,1
3257,3,2024-12-19,Afternoon,1,5,3
3258,3,2024-12-19,Night,1,4,2
3259,3,2024-12-20,Morning,2,5,2
3260,3,2024-12-20,Afternoon,1,5,1
3261,3,2024-12-20,Night,1,3,2
3262,3,2024-12-21,Morning,3,5,3
3263,3,2024-12-21,Afternoon,2,5,3
3264,3,2024-12-21,Night,1,4,2
3265,3,2024-12-22,Morning,1,4,2
3266,3,2024-12-22,Afternoon,2,5,3
3267,3,2024-12-22,Night,1,4,2
3268,3,2024-12-23,Morning,2,3,1
3269,3,2024-12-23,Afternoon,1,5,2
3270,3,2024-12-23,Night,1,4,1
3271,3,2024-12-24,Morning,1,5,2
3272,3,2024-12-24,Afternoon,2,5,3
3273,3,2024-12-24,Night,1,4,2
3274,3,2024-12-25,Morning,2,4,2
3275,3,2024-12-25,Afternoon,2,4,2
3276,3,2024-12-25,Night,1,5,2
3277,3,2024-12-26,Morning,2,4,2
3278,3,2024-12-26,Afternoon,2,6,3
3279,3,2024-12-26,Night,1,3,1
3280,3,2024-12-27,Morning,2,5,3
3281,3,2024-12-27,Afternoon,2,5,2
3282,3,2024-12-27,Night,1,4,2
3283,3,2024-12-28,Morning,2,6,3
3284,3,2024-12-28,Afternoon,2,5,3
3285,3,2024-12-28,Night,1,3,2
3286,3,2024-12-29,Morning,1,5,3
3287,3,2024-12-29,Afternoon,2,5,3
3288,3,2024-12-29,Night,1,2,1
3289,3,2024-12-30,Morning,2,5,2
3290,3,2024-12-30,Afternoon,2,6,3
3291,3,2024-12-30,Night,1,3,2
3292,3,2024-12-31,Morning,2,5,2
3293,3,2024-12-31,Afternoon,1,4,2
3294,3,2024-12-31,Night,2,4,3
3295,4,2024-01-01,Morning,3,5,3
3296,4,2024-01-01,Afternoon,3,5,4
3297,4,2024-01-01,Night,2,3,2
3298,4,2024-01-02,Morning,3,6,4
3299,4,2024-01-02,Afternoon,4,6,4
3300,4,2024-01-02,Night,2,4,2
3301,4,2024-01-03,Morning,3,5,4
3302,4,2024-01-03,Afternoon,3,6,3
3303,4,2024-01-03,Night,2,4,2
3304,4,2024-01-04,Morning,3,6,3
3305,4,2024-01-04,Afternoon,3,6,4
3306,4,2024-01-04,Night,1,3,2
3307,4,2024-01-05,Morning,4,6,5
3308,4,2024-01-05,Afternoon,3,7,4
3309,4,2024-01-05,Night,2,4,2
3310,4,2024-01-06,Morning,3,7,4
3311,4,2024-01-06,Afternoon,3,5,3
3312,4,2024-01-06,Night,2,4,2
3313,4,2024-01-07,Morning,3,6,4
3314,4,2024-01-07,Afternoon,3,5,3
3315,4,2024-01-07,Night,1,3,2
3316,4,2024-01-08,Morning,2,5,3
3317,4,2024-01-08,Afternoon,3,7,4
3318,4,2024-01-08,Night,2,5,3
3319,4,2024-01-09,Morning,4,4,4
3320,4,2024-01-09,Afternoon,3,7,3
3321,4,2024-01-09,Night,2,4,3
3322,4,2024-01-10,Morning,3,7,4
3323,4,2024-01-10,Afternoon,3,6,3
3324,4,2024-01-10,Night,2,5,3
3325,4,2024-01-11,Morning,2,6,3
3326,4,2024-01-11,Afternoon,3,6,3
3327,4,2024-01-11,Night,1,4,1
3328,4,2024-01-12,Morning,3,7,4
3329,4,2024-01-12,Afternoon,3,7,4
3330,4,2024-01-12,Night,2,4,3
3331,4,2024-01-13,Morning,2,7,3
3332,4,2024-01-13,Afternoon,3,7,5
3333,4,2024-01-13,Night,2,4,3
3334,4,2024-01-14,Morning,3,6,4
3335,4,2024-01-14,Afternoon,3,5,4
3336,4,2024-01-14,Night,2,4,2
3337,4,2024-01-15,Morning,3,4,3
3338,4,2024-01-15,Afternoon,3,6,4
3339,4,2024-01-15,Night,2,3,2
3340,4,2024-01-16,Morning,3,7,4
3341,4,2024-01-16,Afternoon,3,6,4
3342,4,2024-01-16,Night,2,4,2
3343,4,2024-01-17,Morning,2,6,3
3344,4,2024-01-17,Afternoon,3,6,4
3345,4,2024-01-17,Night,3,4,2
3346,4,2024-01-18,Morning,3,5,3
3347,4,2024-01-18,Afternoon,3,5,4
3348,4,2024-01-18,Night,2,5,4
3349,4,2024-01-19,Morning,2,6,4
3350,4,2024-01-19,Afternoon,3,5,3
3351,4,2024-01-19,Night,2,4,2
3352,4,2024-01-20,Morning,3,6,4
3353,4,2024-01-20,Afternoon,3,6,3
3354,4,2024-01-20,Night,2,4,2
3355,4,2024-01-21,Morning,3,5,3
3356,4,2024-01-21,Afternoon,3,7,4
3357,4,2024-01-21,Night,3,4,3
3358,4,2024-01-22,Morning,3,5,2
3359,4,2024-01-22,Afternoon,2,5,4
3360,4,2024-01-22,Night,2,5,3
3361,4,2024-01-23,Morning,3,5,4
3362,4,2024-01-23,Afternoon,3,6,3
3363,4,2024-01-23,Night,2,5,2
3364,4,2024-01-24,Morning,2,5,3
3365,4,2024-01-24,Afternoon,3,6,4
3366,4,2024-01-24,Night,2,4,2
3367,4,2024-01-25,Morning,3,8,4
3368,4,2024-01-25,Afternoon,3,5,2
3369,4,2024-01-25,Night,1,4,2
3370,4,2024-01-26,Morning,3,5,4
3371,4,2024-01-26,Afternoon,3,7,4
3372,4,2024-01-26,Night,1,3,1
3373,4,2024-01-27,Morning,3,7,5
3374,4,2024-01-27,Afternoon,3,7,4
3375,4,2024-01-27,Night,2,4,2
3376,4,2024-01-28,Morning,3,5,4
3377,4,2024-01-28,Afternoon,4,7,5
3378,4,2024-01-28,Night,2,4,2
3379,4,2024-01-29,Morning,3,4,2
3380,4,2024-01-29,Afternoon,3,6,4
3381,4,2024-01-29,Night,2,4,2
3382,4,2024-01-30,Morning,3,6,3
3383,4,2024-01-30,Afternoon,4,6,4
3384,4,2024-01-30,Night,2,4,3
3385,4,2024-01-31,Morning,3,6,4
3386,4,2024-01-31,Afternoon,4,7,5
3387,4,2024-01-31,Night,2,4,2
3388,4,2024-02-01,Morning,3,6,3
3389,4,2024-02-01,Afternoon,3,6,3
3390,4,2024-02-01,Night,2,4,2
3391,4,2024-02-02,Morning,3,6,3
3392,4,2024-02-02,Afternoon,3,6,3
3393,4,2024-02-02,Night,2,4,3
3394,4,2024-02-03,Morning,3,5,3
3395,4,2024-02-03,Afternoon,3,7,3
3396,4,2024-02-03,Night,2,4,2
3397,4,2024-02-04,Morning,3,6,3
3398,4,2024-02-04,Afternoon,3,8,5
3399,4,2024-02-04,Night,2,4,3
3400,4,2024-02-05,Morning,3,5,3
3401,4,2024-02-05,Afternoon,3,5,3
3402,4,2024-02-05,Night,3,2,2
3403,4,2024-02-06,Morning,4,6,4
3404,4,2024-02-06,Afternoon,3,6,3
3405,4,2024-02-06,Night,2,4,3
3406,4,2024-02-07,Morning,3,6,3
3407,4,2024-02-07,Afternoon,3,6,5
3408,4,2024-02-07,Night,1,4,2
3409,4,2024-02-08,Morning,3,6,4
3410,4,2024-02-08,Afternoon,2,5,3
3411,4,2024-02-08,Night,2,5,3
3412,4,2024-02-09,Morning,3,7,4
3413,4,2024-02-09,Afternoon,3,6,4
3414,4,2024-02-09,Night,2,4,2
3415,4,2024-02-10,Morning,3,6,4
3416,4,2024-02-10,Afternoon,3,5,3
3417,4,2024-02-10,Night,2,3,2
3418,4,2024-02-11,Morning,4,6,5
3419,4,2024-02-11,Afternoon,3,7,4
3420,4,2024-02-11,Night,2,5,2
3421,4,2024-02-12,Morning,3,4,3
3422,4,2024-02-12,Afternoon,3,5,3
3423,4,2024-02-12,Night,2,4,2
3424,4,2024-02-13,Morning,3,6,3
3425,4,2024-02-13,Afternoon,3,6,3
3426,4,2024-02-13,Night,3,5,3
3427,4,2024-02-14,Morning,3,4,3
3428,4,2024-02-14,Afternoon,3,5,3
3429,4,2024-02-14,Night,2,5,3
3430,4,2024-02-15,Morning,3,6,3
3431,4,2024-02-15,Afternoon,3,6,4
3432,4,2024-02-15,Night,2,4,3
3433,4,2024-02-16,Morning,3,6,3
3434,4,2024-02-16,Afternoon,3,6,4
3435,4,2024-02-16,Night,2,3,2
3436,4,2024-02-17,Morning,3,7,4
3437,4,2024-02-17,Afternoon,3,5,3
3438,4,2024-02-17,Night,2,4,3
3439,4,2024-02-18,Morning,3,6,4
3440,4,2024-02-18,Afternoon,3,6,4
3441,4,2024-02-18,Night,2,4,3
3442,4,2024-02-19,Morning,3,6,3
3443,4,2024-02-19,Afternoon,3,7,4
3444,4,2024-02-19,Night,2,4,3
3445,4,2024-02-20,Morning,3,6,4
3446,4,2024-02-20,Afternoon,3,6,4
3447,4,2024-02-20,Night,1,4,2
3448,4,2024-02-21,Morning,4,6,3
3449,4,2024-02-21,Afternoon,3,6,3
3450,4,2024-02-21,Night,3,4,3
3451,4,2024-02-22,Morning,2,6,2
3452,4,2024-02-22,Afternoon,3,6,3
3453,4,2024-02-22,Night,2,3,3
3454,4,2024-02-23,Morning,2,7,3
3455,4,2024-02-23,Afternoon,3,5,3
3456,4,2024-02-23,Night,2,5,3
3457,4,2024-02-24,Morning,3,7,4
3458,4,2024-02-24,Afternoon,2,6,3
3459,4,2024-02-24,Night,2,5,3
3460,4,2024-02-25,Morning,3,6,3
3461,4,2024-02-25,Afternoon,3,5,4
3462,4,2024-02-25,Night,2,5,2
3463,4,2024-02-26,Morning,3,4,3
3464,4,2024-02-26,Afternoon,3,6,4
3465,4,2024-02-26,Night,2,4,3
3466,4,2024-02-27,Morning,3,6,4
3467,4,2024-02-27,Afternoon,3,6,3
3468,4,2024-02-27,Night,2,3,1
3469,4,2024-02-28,Morning,3,6,4
3470,4,2024-02-28,Afternoon,3,6,4
3471,4,2024-02-28,Night,2,4,3
3472,4,2024-02-29,Morning,3,7,3
3473,4,2024-02-29,Afternoon,3,5,2
3474,4,2024-02-29,Night,2,5,2
3475,4,2024-03-01,Morning,3,5,3
3476,4,2024-03-01,Afternoon,3,5,3
3477,4,2024-03-01,Night,2,4,3
3478,4,2024-03-02,Morning,3,6,3
3479,4,2024-03-02,Afternoon,3,5,3
3480,4,2024-03-02,Night,1,4,2
3481,4,2024-03-03,Morning,4,7,4
3482,4,2024-03-03,Afternoon,3,6,4
3483,4,2024-03-03,Night,2,4,3
3484,4,2024-03-04,Morning,3,6,3
3485,4,2024-03-04,Afternoon,3,6,3
3486,4,2024-03-04,Night,2,4,3
3487,4,2024-03-05,Morning,4,7,5
3488,4,2024-03-05,Afternoon,3,6,4
3489,4,2024-03-05,Night,2,5,3
3490,4,2024-03-06,Morning,3,6,3
3491,4,2024-03-06,Afternoon,3,6,4
3492,4,2024-03-06,Night,2,4,2
3493,4,2024-03-07,Morning,4,5,3
3494,4,2024-03-07,Afternoon,3,7,4
3495,4,2024-03-07,Night,1,4,2
3496,4,2024-03-08,Morning,3,7,5
3497,4,2024-03-08,Afternoon,3,7,4
3498,4,2024-03-08,Night,1,4,2
3499,4,2024-03-09,Morning,3,7,4
3500,4,2024-03-09,Afternoon,4,6,3
3501,4,2024-03-09,Night,2,4,2
3502,4,2024-03-10,Morning,3,6,4
3503,4,2024-03-10,Afternoon,3,6,4
3504,4,2024-03-10,Night,2,5,3
3505,4,2024-03-11,Morning,3,5,2
3506,4,2024-03-11,Afternoon,3,5,3
3507,4,2024-03-11,Night,2,3,2
3508,4,2024-03-12,Morning,3,7,3
3509,4,2024-03-12,Afternoon,3,6,3
3510,4,2024-03-12,Night,2,3,1
3511,4,2024-03-13,Morning,3,7,5
3512,4,2024-03-13,Afternoon,3,5,4
3513,4,2024-03-13,Night,2,3,2
3514,4,2024-03-14,Morning,3,6,3
3515,4,2024-03-14,Afternoon,3,6,3
3516,4,2024-03-14,Night,2,3,2
3517,4,2024-03-15,Morning,2,5,2
3518,4,2024-03-15,Afternoon,3,6,4
3519,4,2024-03-15,Night,1,4,2
3520,4,2024-03-16,Morning,3,6,3
3521,4,2024-03-16,Afternoon,3,6,3
3522,4,2024-03-16,Night,1,5,2
3523,4,2024-03-17,Morning,4,6,3
3524,4,2024-03-17,Afternoon,3,7,4
3525,4,2024-03-17,Night,2,4,2
3526,4,2024-03-18,Morning,4,5,4
3527,4,2024-03-18,Afternoon,3,6,4
3528,4,2024-03-18,Night,2,4,3
3529,4,2024-03-19,Morning,3,7,4
3530,4,2024-03-19,Afternoon,3,5,3
3531,4,2024-03-19,Night,2,3,3
3532,4,2024-03-20,Morning,3,6,3
3533,4,2024-03-20,Afternoon,3,6,4
3534,4,2024-03-20,Night,2,4,2
3535,4,2024-03-21,Morning,3,6,4
3536,4,2024-03-21,Afternoon,3,7,5
3537,4,2024-03-21,Night,2,4,2
3538,4,2024-03-22,Morning,4,5,3
3539,4,2024-03-22,Afternoon,3,6,3
3540,4,2024-03-22,Night,2,3,2
3541,4,2024-03-23,Morning,3,6,4
3542,4,2024-03-23,Afternoon,2,7,4
3543,4,2024-03-23,Night,2,5,2
3544,4,2024-03-24,Morning,3,7,3
3545,4,2024-03-24,Afternoon,4,6,4
3546,4,2024-03-24,Night,1,4,3
3547,4,2024-03-25,Morning,4,6,4
3548,4,2024-03-25,Afternoon,3,7,4
3549,4,2024-03-25,Night,2,4,3
3550,4,2024-03-26,Morning,3,6,3
3551,4,2024-03-26,Afternoon,3,5,3
3552,4,2024-03-26,Night,2,4,3
3553,4,2024-03-27,Morning,4,6,4
3554,4,2024-03-27,Afternoon,3,6,3
3555,4,2024-03-27,Night,1,4,2
3556,4,2024-03-28,Morning,3,6,3
3557,4,2024-03-28,Afternoon,3,7,4
3558,4,2024-03-28,Night,1,4,2
3559,4,2024-03-29,Morning,2,6,3
3560,4,2024-03-29,Afternoon,3,6,4
3561,4,2024-03-29,Night,3,4,3
3562,4,2024-03-30,Morning,3,7,4
3563,4,2024-03-30,Afternoon,3,5,3
3564,4,2024-03-30,Night,2,4,2
3565,4,2024-03-31,Morning,4,7,4
3566,4,2024-03-31,Afternoon,3,7,4
3567,4,2024-03-31,Night,3,5,3
3568,4,2024-04-01,Morning,3,5,4
3569,4,2024-04-01,Afternoon,3,7,3
3570,4,2024-04-01,Night,2,3,2
3571,4,2024-04-02,Morning,3,6,4
3572,4,2024-04-02,Afternoon,3,6,4
3573,4,2024-04-02,Night,2,4,2
3574,4,2024-04-03,Morning,3,6,4
3575,4,2024-04-03,Afternoon,3,6,3
3576,4,2024-04-03,Night,2,4,2
3577,4,2024-04-04,Morning,3,5,2
3578,4,2024-04-04,Afternoon,3,4,4
3579,4,2024-04-04,Night,1,5,2
3580,4,2024-04-05,Morning,2,5,2
3581,4,2024-04-05,Afternoon,3,6,4
3582,4,2024-04-05,Night,2,4,2
3583,4,2024-04-06,Morning,2,6,2
3584,4,2024-04-06,Afternoon,3,7,3
3585,4,2024-04-06,Night,1,4,3
3586,4,2024-04-07,Morning,3,6,4
3587,4,2024-04-07,Afternoon,3,6,4
3588,4,2024-04-07,Night,2,4,2
3589,4,2024-04-08,Morning,3,5,3
3590,4,2024-04-08,Afternoon,3,7,4
3591,4,2024-04-08,Night,2,4,3
3592,4,2024-04-09,Morning,3,6,4
3593,4,2024-04-09,Afternoon,2,6,3
3594,4,2024-04-09,Night,1,4,2
3595,4,2024-04-10,Morning,2,7,4
3596,4,2024-04-10,Afternoon,3,4,4
3597,4,2024-04-10,Night,2,4,3
3598,4,2024-04-11,Morning,3,5,3
3599,4,2024-04-11,Afternoon,3,7,4
3600,4,2024-04-11,Night,1,3,2
3601,4,2024-04-12,Morning,3,6,3
3602,4,2024-04-12,Afternoon,3,6,3
3603,4,2024-04-12,Night,2,4,2
3604,4,2024-04-13,Morning,3,6,3
3605,4,2024-04-13,Afternoon,4,6,5
3606,4,2024-04-13,Night,1,3,1
3607,4,2024-04-14,Morning,3,7,4
3608,4,2024-04-14,Afternoon,3,7,4
3609,4,2024-04-14,Night,2,4,3
3610,4,2024-04-15,Morning,4,5,3
3611,4,2024-04-15,Afternoon,3,6,3
3612,4,2024-04-15,Night,1,4,2
3613,4,2024-04-16,Morning,3,6,4
3614,4,2024-04-16,Afternoon,3,6,3
3615,4,2024-04-16,Night,1,5,2
3616,4,2024-04-17,Morning,2,5,3
3617,4,2024-04-17,Afternoon,4,6,5
3618,4,2024-04-17,Night,2,5,3
3619,4,2024-04-18,Morning,3,5,3
3620,4,2024-04-18,Afternoon,3,6,4
3621,4,2024-04-18,Night,2,4,2
3622,4,2024-04-19,Morning,4,7,4
3623,4,2024-04-19,Afternoon,2,6,4
3624,4,2024-04-19,Night,2,3,1
3625,4,2024-04-20,Morning,3,6,3
3626,4,2024-04-20,Afternoon,3,6,4
3627,4,2024-04-20,Night,1,4,2
3628,4,2024-04-21,Morning,3,7,4
3629,4,2024-04-21,Afternoon,3,6,3
3630,4,2024-04-21,Night,2,3,3
3631,4,2024-04-22,Morning,3,5,3
3632,4,2024-04-22,Afternoon,3,7,5
3633,4,2024-04-22,Night,2,4,2
3634,4,2024-04-23,Morning,3,6,4
3635,4,2024-04-23,Afternoon,3,6,4
3636,4,2024-04-23,Night,2,3,2
3637,4,2024-04-24,Morning,2,6,3
3638,4,2024-04-24,Afternoon,4,6,4
3639,4,2024-04-24,Night,1,5,2
3640,4,2024-04-25,Morning,3,7,4
3641,4,2024-04-25,Afternoon,3,6,3
3642,4,2024-04-25,Night,3,3,3
3643,4,2024-04-26,Morning,3,6,4
3644,4,2024-04-26,Afternoon,3,6,4
3645,4,2024-04-26,Night,1,3,2
3646,4,2024-04-27,Morning,3,5,3
3647,4,2024-04-27,Afternoon,4,7,3
3648,4,2024-04-27,Night,2,5,3
3649,4,2024-04-28,Morning,3,5,3
3650,4,2024-04-28,Afternoon,2,6,3
3651,4,2024-04-28,Night,2,5,3
3652,4,2024-04-29,Morning,3,6,4
3653,4,2024-04-29,Afternoon,3,6,4
3654,4,2024-04-29,Night,1,4,2
3655,4,2024-04-30,Morning,4,5,4
3656,4,2024-04-30,Afternoon,3,7,3
3657,4,2024-04-30,Night,3,4,2
3658,4,2024-05-01,Morning,3,5,4
3659,4,2024-05-01,Afternoon,3,7,5
3660,4,2024-05-01,Night,1,4,2
3661,4,2024-05-02,Morning,3,6,4
3662,4,2024-05-02,Afternoon,3,5,4
3663,4,2024-05-02,Night,2,5,3
3664,4,2024-05-03,Morning,3,5,4
3665,4,2024-05-03,Afternoon,3,5,3
3666,4,2024-05-03,Night,2,4,3
3667,4,2024-05-04,Morning,3,6,4
3668,4,2024-05-04,Afternoon,3,6,4
3669,4,2024-05-04,Night,1,4,2
3670,4,2024-05-05,Morning,3,6,4
3671,4,2024-05-05,Afternoon,3,7,4
3672,4,2024-05-05,Night,2,4,2
3673,4,2024-05-06,Morning,3,5,4
3674,4,2024-05-06,Afternoon,3,7,4
3675,4,2024-05-06,Night,3,3,3
3676,4,2024-05-07,Morning,4,6,4
3677,4,2024-05-07,Afternoon,4,7,4
3678,4,2024-05-07,Night,2,4,4
3679,4,2024-05-08,Morning,4,6,4
3680,4,2024-05-08,Afternoon,3,5,3
3681,4,2024-05-08,Night,2,3,2
3682,4,2024-05-09,Morning,3,6,4
3683,4,2024-05-09,Afternoon,3,6,4
3684,4,2024-05-09,Night,1,4,2
3685,4,2024-05-10,Morning,3,6,4
3686,4,2024-05-10,Afternoon,3,7,4
3687,4,2024-05-10,Night,2,3,1
3688,4,2024-05-11,Morning,4,6,4
3689,4,2024-05-11,Afternoon,3,6,3
3690,4,2024-05-11,Night,3,4,3
3691,4,2024-05-12,Morning,3,7,4
3692,4,2024-05-12,Afternoon,3,7,2
3693,4,2024-05-12,Night,2,6,3
3694,4,2024-05-13,Morning,3,6,4
3695,4,2024-05-13,Afternoon,3,6,4
3696,4,2024-05-13,Night,2,5,2
3697,4,2024-05-14,Morning,3,7,4
3698,4,2024-05-14,Afternoon,3,6,3
3699,4,2024-05-14,Night,2,4,3
3700,4,2024-05-15,Morning,4,7,5
3701,4,2024-05-15,Afternoon,3,7,4
3702,4,2024-05-15,Night,2,4,3
3703,4,2024-05-16,Morning,3,6,4
3704,4,2024-05-16,Afternoon,3,7,4
3705,4,2024-05-16,Night,1,3,1
3706,4,2024-05-17,Morning,3,6,3
3707,4,2024-05-17,Afternoon,3,6,3
3708,4,2024-05-17,Night,2,4,2
3709,4,2024-05-18,Morning,3,6,3
3710,4,2024-05-18,Afternoon,3,6,3
3711,4,2024-05-18,Night,1,3,1
3712,4,2024-05-19,Morning,3,6,4
3713,4,2024-05-19,Afternoon,3,5,4
3714,4,2024-05-19,Night,2,4,2
3715,4,2024-05-20,Morning,4,5,3
3716,4,2024-05-20,Afternoon,2,6,3
3717,4,2024-05-20,Night,2,3,2
3718,4,2024-05-21,Morning,3,7,4
3719,4,2024-05-21,Afternoon,3,5,3
3720,4,2024-05-21,Night,3,4,3
3721,4,2024-05-22,Morning,4,6,4
3722,4,2024-05-22,Afternoon,2,7,3
3723,4,2024-05-22,Night,2,3,2
3724,4,2024-05-23,Morning,3,6,3
3725,4,2024-05-23,Afternoon,3,6,3
3726,4,2024-05-23,Night,2,3,2
3727,4,2024-05-24,Morning,3,7,4
3728,4,2024-05-24,Afternoon,3,5,3
3729,4,2024-05-24,Night,2,4,3
3730,4,2024-05-25,Morning,3,6,4
3731,4,2024-05-25,Afternoon,3,4,2
3732,4,2024-05-25,Night,2,5,3
3733,4,2024-05-26,Morning,3,6,3
3734,4,2024-05-26,Afternoon,3,6,3
3735,4,2024-05-26,Night,1,3,2
3736,4,2024-05-27,Morning,2,5,3
3737,4,2024-05-27,Afternoon,3,6,4
3738,4,2024-05-27,Night,3,4,3
3739,4,2024-05-28,Morning,2,5,4
3740,4,2024-05-28,Afternoon,3,7,4
3741,4,2024-05-28,Night,2,4,2
3742,4,2024-05-29,Morning,4,5,4
3743,4,2024-05-29,Afternoon,3,6,4
3744,4,2024-05-29,Night,1,3,2
3745,4,2024-05-30,Morning,3,5,3
3746,4,2024-05-30,Afternoon,3,6,3
3747,4,2024-05-30,Night,2,3,2
3748,4,2024-05-31,Morning,3,5,3
3749,4,2024-05-31,Afternoon,2,6,4
3750,4,2024-05-31,Night,2,3,2
3751,4,2024-06-01,Morning,3,6,4
3752,4,2024-06-01,Afternoon,3,7,4
3753,4,2024-06-01,Night,2,3,2
3754,4,2024-06-02,Morning,3,7,4
3755,4,2024-06-02,Afternoon,3,6,4
3756,4,2024-06-02,Night,1,5,2
3757,4,2024-06-03,Morning,3,4,3
3758,4,2024-06-03,Afternoon,3,7,4
3759,4,2024-06-03,Night,2,4,3
3760,4,2024-06-04,Morning,3,6,4
3761,4,2024-06-04,Afternoon,3,6,4
3762,4,2024-06-04,Night,2,3,1
3763,4,2024-06-05,Morning,3,7,5
3764,4,2024-06-05,Afternoon,4,5,3
3765,4,2024-06-05,Night,2,3,3
3766,4,2024-06-06,Morning,3,6,3
3767,4,2024-06-06,Afternoon,3,5,4
3768,4,2024-06-06,Night,2,5,1
3769,4,2024-06-07,Morning,3,5,3
3770,4,2024-06-07,Afternoon,3,6,4
3771,4,2024-06-07,Night,2,4,2
3772,4,2024-06-08,Morning,2,6,3
3773,4,2024-06-08,Afternoon,2,5,3
3774,4,2024-06-08,Night,1,6,2
3775,4,2024-06-09,Morning,4,6,4
3776,4,2024-06-09,Afternoon,3,7,4
3777,4,2024-06-09,Night,2,4,3
3778,4,2024-06-10,Morning,3,4,3
3779,4,2024-06-10,Afternoon,2,6,3
3780,4,2024-06-10,Night,2,5,3
3781,4,2024-06-11,Morning,3,5,3
3782,4,2024-06-11,Afternoon,3,6,4
3783,4,2024-06-11,Night,2,3,2
3784,4,2024-06-12,Morning,3,6,5
3785,4,2024-06-12,Afternoon,3,5,3
3786,4,2024-06-12,Night,2,4,2
3787,4,2024-06-13,Morning,2,5,2
3788,4,2024-06-13,Afternoon,3,6,4
3789,4,2024-06-13,Night,2,3,1
3790,4,2024-06-14,Morning,3,6,3
3791,4,2024-06-14,Afternoon,3,6,3
3792,4,2024-06-14,Night,2,5,2
3793,4,2024-06-15,Morning,3,6,3
3794,4,2024-06-15,Afternoon,3,7,4
3795,4,2024-06-15,Night,2,5,2
3796,4,2024-06-16,Morning,3,6,3
3797,4,2024-06-16,Afternoon,3,7,4
3798,4,2024-06-16,Night,2,3,2
3799,4,2024-06-17,Morning,3,5,3
3800,4,2024-06-17,Afternoon,3,6,4
3801,4,2024-06-17,Night,2,3,2
3802,4,2024-06-18,Morning,3,6,4
3803,4,2024-06-18,Afternoon,3,5,4
3804,4,2024-06-18,Night,1,4,2
3805,4,2024-06-19,Morning,3,6,3
3806,4,2024-06-19,Afternoon,2,7,3
3807,4,2024-06-19,Night,2,4,3
3808,4,2024-06-20,Morning,4,5,3
3809,4,2024-06-20,Afternoon,3,6,3
3810,4,2024-06-20,Night,2,4,3
3811,4,2024-06-21,Morning,3,5,3
3812,4,2024-06-21,Afternoon,3,7,5
3813,4,2024-06-21,Night,2,4,3
3814,4,2024-06-22,Morning,3,7,3
3815,4,2024-06-22,Afternoon,4,6,3
3816,4,2024-06-22,Night,2,5,2
3817,4,2024-06-23,Morning,3,5,4
3818,4,2024-06-23,Afternoon,3,6,3
3819,4,2024-06-23,Night,2,5,2
3820,4,2024-06-24,Morning,3,6,3
3821,4,2024-06-24,Afternoon,3,5,3
3822,4,2024-06-24,Night,1,3,1
3823,4,2024-06-25,Morning,2,5,2
3824,4,2024-06-25,Afternoon,3,5,4
3825,4,2024-06-25,Night,2,4,3
3826,4,2024-06-26,Morning,3,6,4
3827,4,2024-06-26,Afternoon,4,6,4
3828,4,2024-06-26,Night,2,3,2
3829,4,2024-06-27,Morning,2,6,3
3830,4,2024-06-27,Afternoon,3,6,4
3831,4,2024-06-27,Night,2,4,2
3832,4,2024-06-28,Morning,3,6,4
3833,4,2024-06-28,Afternoon,3,6,4
3834,4,2024-06-28,Night,2,4,3
3835,4,2024-06-29,Morning,3,6,4
3836,4,2024-06-29,Afternoon,4,6,4
3837,4,2024-06-29,Night,2,4,3
3838,4,2024-06-30,Morning,3,7,4
3839,4,2024-06-30,Afternoon,3,6,3
3840,4,2024-06-30,Night,2,4,3
3841,4,2024-07-01,Morning,3,5,4
3842,4,2024-07-01,Afternoon,3,6,4
3843,4,2024-07-01,Night,2,5,3
3844,4,2024-07-02,Morning,3,6,3
3845,4,2024-07-02,Afternoon,3,7,4
3846,4,2024-07-02,Night,2,5,2
3847,4,2024-07-03,Morning,4,6,5
3848,4,2024-07-03,Afternoon,4,7,5
3849,4,2024-07-03,Night,2,4,3
3850,4,2024-07-04,Morning,3,6,4
3851,4,2024-07-04,Afternoon,3,7,4
3852,4,2024-07-04,Night,2,4,2
3853,4,2024-07-05,Morning,3,7,4
3854,4,2024-07-05,Afternoon,4,6,4
3855,4,2024-07-05,Night,1,4,2
3856,4,2024-07-06,Morning,3,7,4
3857,4,2024-07-06,Afternoon,3,6,4
3858,4,2024-07-06,Night,1,4,3
3859,4,2024-07-07,Morning,3,6,4
3860,4,2024-07-07,Afternoon,3,6,4
3861,4,2024-07-07,Night,2,4,2
3862,4,2024-07-08,Morning,3,6,4
3863,4,2024-07-08,Afternoon,3,5,4
3864,4,2024-07-08,Night,2,6,4
3865,4,2024-07-09,Morning,3,6,4
3866,4,2024-07-09,Afternoon,3,5,3
3867,4,2024-07-09,Night,2,4,2
3868,4,2024-07-10,Morning,3,6,3
3869,4,2024-07-10,Afternoon,2,6,3
3870,4,2024-07-10,Night,2,3,2
3871,4,2024-07-11,Morning,3,5,4
3872,4,2024-07-11,Afternoon,3,5,3
3873,4,2024-07-11,Night,2,5,3
3874,4,2024-07-12,Morning,3,6,4
3875,4,2024-07-12,Afternoon,3,5,4
3876,4,2024-07-12,Night,2,3,2
3877,4,2024-07-13,Morning,2,6,3
3878,4,2024-07-13,Afternoon,2,6,3
3879,4,2024-07-13,Night,2,5,3
3880,4,2024-07-14,Morning,3,5,3
3881,4,2024-07-14,Afternoon,4,7,4
3882,4,2024-07-14,Night,1,2,1
3883,4,2024-07-15,Morning,3,5,2
3884,4,2024-07-15,Afternoon,3,6,4
3885,4,2024-07-15,Night,2,4,2
3886,4,2024-07-16,Morning,3,6,4
3887,4,2024-07-16,Afternoon,3,6,3
3888,4,2024-07-16,Night,2,3,3
3889,4,2024-07-17,Morning,3,5,3
3890,4,2024-07-17,Afternoon,3,6,3
3891,4,2024-07-17,Night,2,4,3
3892,4,2024-07-18,Morning,3,7,4
3893,4,2024-07-18,Afternoon,3,6,3
3894,4,2024-07-18,Night,2,4,2
3895,4,2024-07-19,Morning,3,5,2
3896,4,2024-07-19,Afternoon,3,6,4
3897,4,2024-07-19,Night,2,5,4
3898,4,2024-07-20,Morning,3,7,5
3899,4,2024-07-20,Afternoon,3,6,4
3900,4,2024-07-20,Night,2,4,2
3901,4,2024-07-21,Morning,4,6,3
3902,4,2024-07-21,Afternoon,3,7,3
3903,4,2024-07-21,Night,2,4,3
3904,4,2024-07-22,Morning,3,5,2
3905,4,2024-07-22,Afternoon,3,7,4
3906,4,2024-07-22,Night,2,4,3
3907,4,2024-07-23,Morning,3,5,3
3908,4,2024-07-23,Afternoon,3,6,3
3909,4,2024-07-23,Night,1,4,2
3910,4,2024-07-24,Morning,2,6,4
3911,4,2024-07-24,Afternoon,3,6,3
3912,4,2024-07-24,Night,2,4,4
3913,4,2024-07-25,Morning,3,6,4
3914,4,2024-07-25,Afternoon,4,6,4
3915,4,2024-07-25,Night,2,4,1
3916,4,2024-07-26,Morning,2,6,2
3917,4,2024-07-26,Afternoon,3,6,4
3918,4,2024-07-26,Night,2,4,2
3919,4,2024-07-27,Morning,3,7,4
3920,4,2024-07-27,Afternoon,3,6,4
3921,4,2024-07-27,Night,1,5,2
3922,4,2024-07-28,Morning,3,6,3
3923,4,2024-07-28,Afternoon,3,6,3
3924,4,2024-07-28,Night,2,4,3
3925,4,2024-07-29,Morning,3,5,3
3926,4,2024-07-29,Afternoon,3,5,3
3927,4,2024-07-29,Night,2,4,3
3928,4,2024-07-30,Morning,3,5,3
3929,4,2024-07-30,Afternoon,3,6,3
3930,4,2024-07-30,Night,2,5,2
3931,4,2024-07-31,Morning,2,6,3
3932,4,2024-07-31,Afternoon,2,6,4
3933,4,2024-07-31,Night,2,5,3
3934,4,2024-08-01,Morning,3,6,3
3935,4,2024-08-01,Afternoon,3,6,4
3936,4,2024-08-01,Night,2,4,2
3937,4,2024-08-02,Morning,3,6,5
3938,4,2024-08-02,Afternoon,3,6,5
3939,4,2024-08-02,Night,2,4,2
3940,4,2024-08-03,Morning,3,7,4
3941,4,2024-08-03,Afternoon,3,6,3
3942,4,2024-08-03,Night,2,5,2
3943,4,2024-08-04,Morning,3,7,4
3944,4,2024-08-04,Afternoon,3,7,3
3945,4,2024-08-04,Night,2,5,3
3946,4,2024-08-05,Morning,2,5,3
3947,4,2024-08-05,Afternoon,3,5,3
3948,4,2024-08-05,Night,1,5,3
3949,4,2024-08-06,Morning,3,7,3
3950,4,2024-08-06,Afternoon,3,5,3
3951,4,2024-08-06,Night,2,5,2
3952,4,2024-08-07,Morning,3,6,4
3953,4,2024-08-07,Afternoon,3,7,4
3954,4,2024-08-07,Night,1,4,2
3955,4,2024-08-08,Morning,3,6,4
3956,4,2024-08-08,Afternoon,3,6,3
3957,4,2024-08-08,Night,2,4,3
3958,4,2024-08-09,Morning,4,6,5
3959,4,2024-08-09,Afternoon,4,7,4
3960,4,2024-08-09,Night,2,3,2
3961,4,2024-08-10,Morning,2,6,4
3962,4,2024-08-10,Afternoon,4,8,5
3963,4,2024-08-10,Night,1,4,2
3964,4,2024-08-11,Morning,3,8,4
3965,4,2024-08-11,Afternoon,3,7,4
3966,4,2024-08-11,Night,2,4,2
3967,4,2024-08-12,Morning,3,6,4
3968,4,2024-08-12,Afternoon,4,6,4
3969,4,2024-08-12,Night,2,4,2
3970,4,2024-08-13,Morning,3,5,3
3971,4,2024-08-13,Afternoon,3,5,2
3972,4,2024-08-13,Night,2,4,2
3973,4,2024-08-14,Morning,3,6,3
3974,4,2024-08-14,Afternoon,3,6,3
3975,4,2024-08-14,Night,2,4,2
3976,4,2024-08-15,Morning,3,7,4
3977,4,2024-08-15,Afternoon,3,6,4
3978,4,2024-08-15,Night,2,3,2
3979,4,2024-08-16,Morning,2,5,3
3980,4,2024-08-16,Afternoon,3,7,5
3981,4,2024-08-16,Night,2,4,3
3982,4,2024-08-17,Morning,3,6,4
3983,4,2024-08-17,Afternoon,3,7,4
3984,4,2024-08-17,Night,1,4,2
3985,4,2024-08-18,Morning,3,7,4
3986,4,2024-08-18,Afternoon,3,5,3
3987,4,2024-08-18,Night,2,6,3
3988,4,2024-08-19,Morning,4,4,3
3989,4,2024-08-19,Afternoon,3,6,4
3990,4,2024-08-19,Night,2,4,2
3991,4,2024-08-20,Morning,3,6,4
3992,4,2024-08-20,Afternoon,3,7,4
3993,4,2024-08-20,Night,2,4,2
3994,4,2024-08-21,Morning,3,5,4
3995,4,2024-08-21,Afternoon,3,5,3
3996,4,2024-08-21,Night,2,4,2
3997,4,2024-08-22,Morning,3,5,3
3998,4,2024-08-22,Afternoon,3,5,3
3999,4,2024-08-22,Night,2,4,2
4000,4,2024-08-23,Morning,3,7,3
4001,4,2024-08-23,Afternoon,3,6,3
4002,4,2024-08-23,Night,2,3,2
4003,4,2024-08-24,Morning,3,5,3
4004,4,2024-08-24,Afternoon,3,7,4
4005,4,2024-08-24,Night,1,4,1
4006,4,2024-08-25,Morning,3,6,3
4007,4,2024-08-25,Afternoon,3,6,4
4008,4,2024-08-25,Night,2,4,3
4009,4,2024-08-26,Morning,3,5,3
4010,4,2024-08-26,Afternoon,3,8,4
4011,4,2024-08-26,Night,2,4,3
4012,4,2024-08-27,Morning,2,6,4
4013,4,2024-08-27,Afternoon,3,6,3
4014,4,2024-08-27,Night,2,4,3
4015,4,2024-08-28,Morning,3,6,3
4016,4,2024-08-28,Afternoon,3,6,4
4017,4,2024-08-28,Night,2,4,2
4018,4,2024-08-29,Morning,4,6,5
4019,4,2024-08-29,Afternoon,3,4,3
4020,4,2024-08-29,Night,2,4,2
4021,4,2024-08-30,Morning,3,6,4
4022,4,2024-08-30,Afternoon,3,6,4
4023,4,2024-08-30,Night,2,3,2
4024,4,2024-08-31,Morning,3,8,3
4025,4,2024-08-31,Afternoon,3,6,4
4026,4,2024-08-31,Night,2,5,3
4027,4,2024-09-01,Morning,4,6,4
4028,4,2024-09-01,Afternoon,3,6,3
4029,4,2024-09-01,Night,2,4,3
4030,4,2024-09-02,Morning,2,5,2
4031,4,2024-09-02,Afternoon,3,6,3
4032,4,2024-09-02,Night,2,4,3
4033,4,2024-09-03,Morning,3,6,4
4034,4,2024-09-03,Afternoon,3,6,4
4035,4,2024-09-03,Night,2,3,2
4036,4,2024-09-04,Morning,3,6,4
4037,4,2024-09-04,Afternoon,4,7,5
4038,4,2024-09-04,Night,2,3,2
4039,4,2024-09-05,Morning,3,6,3
4040,4,2024-09-05,Afternoon,3,6,4
4041,4,2024-09-05,Night,2,4,3
4042,4,2024-09-06,Morning,3,6,4
4043,4,2024-09-06,Afternoon,3,7,4
4044,4,2024-09-06,Night,2,4,2
4045,4,2024-09-07,Morning,3,6,4
4046,4,2024-09-07,Afternoon,3,6,4
4047,4,2024-09-07,Night,1,4,2
4048,4,2024-09-08,Morning,3,6,4
4049,4,2024-09-08,Afternoon,3,5,3
4050,4,2024-09-08,Night,2,3,2
4051,4,2024-09-09,Morning,3,5,3
4052,4,2024-09-09,Afternoon,2,6,4
4053,4,2024-09-09,Night,2,4,2
4054,4,2024-09-10,Morning,2,6,3
4055,4,2024-09-10,Afternoon,3,6,3
4056,4,2024-09-10,Night,2,4,3
4057,4,2024-09-11,Morning,3,6,4
4058,4,2024-09-11,Afternoon,3,5,3
4059,4,2024-09-11,Night,2,3,2
4060,4,2024-09-12,Morning,4,5,4
4061,4,2024-09-12,Afternoon,2,5,3
4062,4,2024-09-12,Night,2,4,3
4063,4,2024-09-13,Morning,3,6,4
4064,4,2024-09-13,Afternoon,4,5,4
4065,4,2024-09-13,Night,2,3,3
4066,4,2024-09-14,Morning,3,6,3
4067,4,2024-09-14,Afternoon,2,6,3
4068,4,2024-09-14,Night,3,4,2
4069,4,2024-09-15,Morning,4,6,4
4070,4,2024-09-15,Afternoon,3,6,3
4071,4,2024-09-15,Night,2,3,2
4072,4,2024-09-16,Morning,3,5,3
4073,4,2024-09-16,Afternoon,3,6,3
4074,4,2024-09-16,Night,2,3,3
4075,4,2024-09-17,Morning,3,6,4
4076,4,2024-09-17,Afternoon,3,5,3
4077,4,2024-09-17,Night,1,3,1
4078,4,2024-09-18,Morning,3,7,4
4079,4,2024-09-18,Afternoon,3,6,4
4080,4,2024-09-18,Night,2,4,3
4081,4,2024-09-19,Morning,4,6,4
4082,4,2024-09-19,Afternoon,3,5,4
4083,4,2024-09-19,Night,2,4,2
4084,4,2024-09-20,Morning,3,6,3
4085,4,2024-09-20,Afternoon,3,6,3
4086,4,2024-09-20,Night,2,4,3
4087,4,2024-09-21,Morning,3,7,4
4088,4,2024-09-21,Afternoon,3,6,4
4089,4,2024-09-21,Night,2,4,2
4090,4,2024-09-22,Morning,3,6,4
4091,4,2024-09-22,Afternoon,4,6,3
4092,4,2024-09-22,Night,1,5,3
4093,4,2024-09-23,Morning,3,5,4
4094,4,2024-09-23,Afternoon,3,7,4
4095,4,2024-09-23,Night,2,4,1
4096,4,2024-09-24,Morning,3,6,2
4097,4,2024-09-24,Afternoon,4,6,4
4098,4,2024-09-24,Night,2,4,2
4099,4,2024-09-25,Morning,2,6,3
4100,4,2024-09-25,Afternoon,3,7,4
4101,4,2024-09-25,Night,3,4,3
4102,4,2024-09-26,Morning,3,7,5
4103,4,2024-09-26,Afternoon,3,5,3
4104,4,2024-09-26,Night,2,4,3
4105,4,2024-09-27,Morning,3,7,4
4106,4,2024-09-27,Afternoon,3,6,4
4107,4,2024-09-27,Night,2,3,2
4108,4,2024-09-28,Morning,3,7,4
4109,4,2024-09-28,Afternoon,3,7,4
4110,4,2024-09-28,Night,2,5,3
4111,4,2024-09-29,Morning,3,7,4
4112,4,2024-09-29,Afternoon,3,7,3
4113,4,2024-09-29,Night,2,4,2
4114,4,2024-09-30,Morning,3,6,3
4115,4,2024-09-30,Afternoon,2,6,2
4116,4,2024-09-30,Night,2,4,3
4117,4,2024-10-01,Morning,2,6,3
4118,4,2024-10-01,Afternoon,2,6,3
4119,4,2024-10-01,Night,2,4,2
4120,4,2024-10-02,Morning,3,6,3
4121,4,2024-10-02,Afternoon,3,6,2
4122,4,2024-10-02,Night,2,4,3
4123,4,2024-10-03,Morning,3,5,3
4124,4,2024-10-03,Afternoon,2,6,3
4125,4,2024-10-03,Night,2,4,2
4126,4,2024-10-04,Morning,3,7,4
4127,4,2024-10-04,Afternoon,3,7,4
4128,4,2024-10-04,Night,2,4,2
4129,4,2024-10-05,Morning,3,6,4
4130,4,2024-10-05,Afternoon,4,7,4
4131,4,2024-10-05,Night,2,3,2
4132,4,2024-10-06,Morning,2,6,3
4133,4,2024-10-06,Afternoon,3,5,3
4134,4,2024-10-06,Night,2,4,3
4135,4,2024-10-07,Morning,3,4,3
4136,4,2024-10-07,Afternoon,3,6,4
4137,4,2024-10-07,Night,2,3,3
4138,4,2024-10-08,Morning,3,6,4
4139,4,2024-10-08,Afternoon,2,5,3
4140,4,2024-10-08,Night,2,5,3
4141,4,2024-10-09,Morning,3,5,3
4142,4,2024-10-09,Afternoon,3,6,4
4143,4,2024-10-09,Night,2,3,3
4144,4,2024-10-10,Morning,3,6,4
4145,4,2024-10-10,Afternoon,3,7,4
4146,4,2024-10-10,Night,2,3,2
4147,4,2024-10-11,Morning,4,6,3
4148,4,2024-10-11,Afternoon,4,6,4
4149,4,2024-10-11,Night,1,3,1
4150,4,2024-10-12,Morning,3,6,3
4151,4,2024-10-12,Afternoon,3,6,4
4152,4,2024-10-12,Night,1,5,2
4153,4,2024-10-13,Morning,3,6,4
4154,4,2024-10-13,Afternoon,3,6,3
4155,4,2024-10-13,Night,3,4,3
4156,4,2024-10-14,Morning,3,5,3
4157,4,2024-10-14,Afternoon,3,6,3
4158,4,2024-10-14,Night,2,5,3
4159,4,2024-10-15,Morning,3,6,3
4160,4,2024-10-15,Afternoon,3,6,3
4161,4,2024-10-15,Night,1,4,2
4162,4,2024-10-16,Morning,3,6,3
4163,4,2024-10-16,Afternoon,2,7,3
4164,4,2024-10-16,Night,3,4,2
4165,4,2024-10-17,Morning,3,6,3
4166,4,2024-10-17,Afternoon,3,6,3
4167,4,2024-10-17,Night,2,3,2
4168,4,2024-10-18,Morning,3,6,4
4169,4,2024-10-18,Afternoon,3,6,3
4170,4,2024-10-18,Night,2,3,2
4171,4,2024-10-19,Morning,3,7,4
4172,4,2024-10-19,Afternoon,3,5,4
4173,4,2024-10-19,Night,2,4,2
4174,4,2024-10-20,Morning,2,7,4
4175,4,2024-10-20,Afternoon,3,6,3
4176,4,2024-10-20,Night,2,4,3
4177,4,2024-10-21,Morning,3,5,4
4178,4,2024-10-21,Afternoon,4,6,4
4179,4,2024-10-21,Night,2,5,3
4180,4,2024-10-22,Morning,3,6,4
4181,4,2024-10-22,Afternoon,3,6,4
4182,4,2024-10-22,Night,2,2,1
4183,4,2024-10-23,Morning,3,6,3
4184,4,2024-10-23,Afternoon,3,6,3
4185,4,2024-10-23,Night,3,4,3
4186,4,2024-10-24,Morning,3,7,4
4187,4,2024-10-24,Afternoon,3,6,3
4188,4,2024-10-24,Night,2,4,2
4189,4,2024-10-25,Morning,3,5,2
4190,4,2024-10-25,Afternoon,3,6,3
4191,4,2024-10-25,Night,2,4,3
4192,4,2024-10-26,Morning,3,6,4
4193,4,2024-10-26,Afternoon,3,7,4
4194,4,2024-10-26,Night,2,5,3
4195,4,2024-10-27,Morning,4,7,5
4196,4,2024-10-27,Afternoon,3,8,5
4197,4,2024-10-27,Night,2,5,3
4198,4,2024-10-28,Morning,4,6,3
4199,4,2024-10-28,Afternoon,2,6,3
4200,4,2024-10-28,Night,2,3,3
4201,4,2024-10-29,Morning,2,7,4
4202,4,2024-10-29,Afternoon,3,6,4
4203,4,2024-10-29,Night,1,4,1
4204,4,2024-10-30,Morning,3,6,3
4205,4,2024-10-30,Afternoon,3,6,4
4206,4,2024-10-30,Night,2,4,2
4207,4,2024-10-31,Morning,3,6,4
4208,4,2024-10-31,Afternoon,4,6,3
4209,4,2024-10-31,Night,2,5,3
4210,4,2024-11-01,Morning,3,7,4
4211,4,2024-11-01,Afternoon,4,6,4
4212,4,2024-11-01,Night,2,5,3
4213,4,2024-11-02,Morning,3,6,3
4214,4,2024-11-02,Afternoon,3,6,3
4215,4,2024-11-02,Night,2,5,2
4216,4,2024-11-03,Morning,3,6,4
4217,4,2024-11-03,Afternoon,3,6,4
4218,4,2024-11-03,Night,2,3,2
4219,4,2024-11-04,Morning,3,5,4
4220,4,2024-11-04,Afternoon,3,5,3
4221,4,2024-11-04,Night,2,5,3
4222,4,2024-11-05,Morning,3,7,5
4223,4,2024-11-05,Afternoon,3,6,4
4224,4,2024-11-05,Night,1,4,3
4225,4,2024-11-06,Morning,3,6,3
4226,4,2024-11-06,Afternoon,3,6,3
4227,4,2024-11-06,Night,2,3,3
4228,4,2024-11-07,Morning,3,6,4
4229,4,2024-11-07,Afternoon,2,7,4
4230,4,2024-11-07,Night,2,4,2
4231,4,2024-11-08,Morning,3,6,3
4232,4,2024-11-08,Afternoon,3,5,3
4233,4,2024-11-08,Night,2,3,1
4234,4,2024-11-09,Morning,3,6,4
4235,4,2024-11-09,Afternoon,3,6,3
4236,4,2024-11-09,Night,3,5,3
4237,4,2024-11-10,Morning,3,8,4
4238,4,2024-11-10,Afternoon,3,6,5
4239,4,2024-11-10,Night,1,4,2
4240,4,2024-11-11,Morning,3,6,3
4241,4,2024-11-11,Afternoon,3,5,4
4242,4,2024-11-11,Night,2,4,3
4243,4,2024-11-12,Morning,3,7,4
4244,4,2024-11-12,Afternoon,3,6,3
4245,4,2024-11-12,Night,1,3,2
4246,4,2024-11-13,Morning,4,5,3
4247,4,2024-11-13,Afternoon,3,7,3
4248,4,2024-11-13,Night,2,5,2
4249,4,2024-11-14,Morning,3,6,4
4250,4,2024-11-14,Afternoon,3,6,3
4251,4,2024-11-14,Night,2,4,2
4252,4,2024-11-15,Morning,3,6,3
4253,4,2024-11-15,Afternoon,3,7,4
4254,4,2024-11-15,Night,2,4,2
4255,4,2024-11-16,Morning,3,6,3
4256,4,2024-11-16,Afternoon,3,6,5
4257,4,2024-11-16,Night,1,4,3
4258,4,2024-11-17,Morning,4,6,5
4259,4,2024-11-17,Afternoon,3,6,3
4260,4,2024-11-17,Night,2,4,3
4261,4,2024-11-18,Morning,3,6,5
4262,4,2024-11-18,Afternoon,2,6,2
4263,4,2024-11-18,Night,2,5,3
4264,4,2024-11-19,Morning,3,6,3
4265,4,2024-11-19,Afternoon,3,6,4
4266,4,2024-11-19,Night,2,4,2
4267,4,2024-11-20,Morning,4,5,4
4268,4,2024-11-20,Afternoon,3,7,4
4269,4,2024-11-20,Night,1,3,1
4270,4,2024-11-21,Morning,3,7,4
4271,4,2024-11-21,Afternoon,3,6,3
4272,4,2024-11-21,Night,2,4,3
4273,4,2024-11-22,Morning,3,6,3
4274,4,2024-11-22,Afternoon,2,5,3
4275,4,2024-11-22,Night,1,4,2
4276,4,2024-11-23,Morning,2,7,3
4277,4,2024-11-23,Afternoon,3,7,3
4278,4,2024-11-23,Night,2,4,3
4279,4,2024-11-24,Morning,3,6,3
4280,4,2024-11-24,Afternoon,3,6,3
4281,4,2024-11-24,Night,2,3,2
4282,4,2024-11-25,Morning,3,4,3
4283,4,2024-11-25,Afternoon,3,6,4
4284,4,2024-11-25,Night,2,5,3
4285,4,2024-11-26,Morning,3,6,4
4286,4,2024-11-26,Afternoon,3,7,4
4287,4,2024-11-26,Night,2,4,2
4288,4,2024-11-27,Morning,2,5,2
4289,4,2024-11-27,Afternoon,3,7,5
4290,4,2024-11-27,Night,2,4,2
4291,4,2024-11-28,Morning,4,6,5
4292,4,2024-11-28,Afternoon,3,6,3
4293,4,2024-11-28,Night,2,3,3
4294,4,2024-11-29,Morning,3,6,4
4295,4,2024-11-29,Afternoon,3,5,3
4296,4,2024-11-29,Night,2,3,2
4297,4,2024-11-30,Morning,4,7,4
4298,4,2024-11-30,Afternoon,3,6,4
4299,4,2024-11-30,Night,2,4,3
4300,4,2024-12-01,Morning,3,6,4
4301,4,2024-12-01,Afternoon,3,6,4
4302,4,2024-12-01,Night,2,3,2
4303,4,2024-12-02,Morning,3,5,3
4304,4,2024-12-02,Afternoon,3,5,3
4305,4,2024-12-02,Night,2,4,3
4306,4,2024-12-03,Morning,3,5,4
4307,4,2024-12-03,Afternoon,3,6,3
4308,4,2024-12-03,Night,1,2,2
4309,4,2024-12-04,Morning,3,6,2
4310,4,2024-12-04,Afternoon,3,5,4
4311,4,2024-12-04,Night,2,3,2
4312,4,2024-12-05,Morning,2,5,3
4313,4,2024-12-05,Afternoon,3,6,4
4314,4,2024-12-05,Night,2,3,2
4315,4,2024-12-06,Morning,3,6,3
4316,4,2024-12-06,Afternoon,3,4,3
4317,4,2024-12-06,Night,2,3,2
4318,4,2024-12-07,Morning,3,6,4
4319,4,2024-12-07,Afternoon,3,6,4
4320,4,2024-12-07,Night,2,4,3
4321,4,2024-12-08,Morning,3,6,4
4322,4,2024-12-08,Afternoon,3,5,3
4323,4,2024-12-08,Night,2,5,3
4324,4,2024-12-09,Morning,3,4,2
4325,4,2024-12-09,Afternoon,2,6,2
4326,4,2024-12-09,Night,2,5,3
4327,4,2024-12-10,Morning,3,5,3
4328,4,2024-12-10,Afternoon,4,6,4
4329,4,2024-12-10,Night,1,4,2
4330,4,2024-12-11,Morning,3,6,3
4331,4,2024-12-11,Afternoon,4,6,4
4332,4,2024-12-11,Night,2,5,3
4333,4,2024-12-12,Morning,3,6,3
4334,4,2024-12-12,Afternoon,3,6,4
4335,4,2024-12-12,Night,2,4,3
4336,4,2024-12-13,Morning,3,7,4
4337,4,2024-12-13,Afternoon,3,6,4
4338,4,2024-12-13,Night,1,4,2
4339,4,2024-12-14,Morning,3,6,4
4340,4,2024-12-14,Afternoon,3,6,4
4341,4,2024-12-14,Night,2,4,2
4342,4,2024-12-15,Morning,3,8,4
4343,4,2024-12-15,Afternoon,3,6,3
4344,4,2024-12-15,Night,2,3,2
4345,4,2024-12-16,Morning,3,5,3
4346,4,2024-12-16,Afternoon,2,7,3
4347,4,2024-12-16,Night,3,4,4
4348,4,2024-12-17,Morning,3,7,4
4349,4,2024-12-17,Afternoon,3,6,4
4350,4,2024-12-17,Night,2,4,3
4351,4,2024-12-18,Morning,3,5,3
4352,4,2024-12-18,Afternoon,3,6,3
4353,4,2024-12-18,Night,2,4,2
4354,4,2024-12-19,Morning,3,6,4
4355,4,2024-12-19,Afternoon,3,6,3
4356,4,2024-12-19,Night,3,4,3
4357,4,2024-12-20,Morning,3,5,3
4358,4,2024-12-20,Afternoon,3,6,4
4359,4,2024-12-20,Night,2,4,2
4360,4,2024-12-21,Morning,4,6,4
4361,4,2024-12-21,Afternoon,3,8,5
4362,4,2024-12-21,Night,1,5,2
4363,4,2024-12-22,Morning,3,6,3
4364,4,2024-12-22,Afternoon,3,7,5
4365,4,2024-12-22,Night,2,5,3
4366,4,2024-12-23,Morning,3,5,3
4367,4,2024-12-23,Afternoon,3,6,4
4368,4,2024-12-23,Night,2,3,2
4369,4,2024-12-24,Morning,4,6,4
4370,4,2024-12-24,Afternoon,2,5,3
4371,4,2024-12-24,Night,2,3,3
4372,4,2024-12-25,Morning,3,5,4
4373,4,2024-12-25,Afternoon,2,7,3
4374,4,2024-12-25,Night,2,3,2
4375,4,2024-12-26,Morning,3,4,3
4376,4,2024-12-26,Afternoon,3,6,3
4377,4,2024-12-26,Night,2,3,2
4378,4,2024-12-27,Morning,3,6,4
4379,4,2024-12-27,Afternoon,3,7,3
4380,4,2024-12-27,Night,2,4,3
4381,4,2024-12-28,Morning,4,6,4
4382,4,2024-12-28,Afternoon,3,6,4
4383,4,2024-12-28,Night,3,3,2
4384,4,2024-12-29,Morning,3,7,5
4385,4,2024-12-29,Afternoon,3,6,4
4386,4,2024-12-29,Night,2,4,2
4387,4,2024-12-30,Morning,3,5,3
4388,4,2024-12-30,Afternoon,3,6,4
4389,4,2024-12-30,Night,1,4,2
4390,4,2024-12-31,Morning,3,6,4
4391,4,2024-12-31,Afternoon,3,7,4
4392,4,2024-12-31,Night,3,3,2
4393,5,2024-01-01,Morning,2,3,2
4394,5,2024-01-01,Afternoon,2,3,2
4395,5,2024-01-01,Night,2,2,2
4396,5,2024-01-02,Morning,2,4,3
4397,5,2024-01-02,Afternoon,2,4,2
4398,5,2024-01-02,Night,1,3,2
4399,5,2024-01-03,Morning,2,4,2
4400,5,2024-01-03,Afternoon,2,4,2
4401,5,2024-01-03,Night,1,2,1
4402,5,2024-01-04,Morning,2,4,3
4403,5,2024-01-04,Afternoon,3,5,2
4404,5,2024-01-04,Night,1,2,1
4405,5,2024-01-05,Morning,2,5,4
4406,5,2024-01-05,Afternoon,2,5,3
4407,5,2024-01-05,Night,1,3,1
4408,5,2024-01-06,Morning,2,5,3
4409,5,2024-01-06,Afternoon,2,5,2
4410,5,2024-01-06,Night,1,3,2
4411,5,2024-01-07,Morning,2,4,3
4412,5,2024-01-07,Afternoon,2,5,2
4413,5,2024-01-07,Night,1,3,2
4414,5,2024-01-08,Morning,2,3,1
4415,5,2024-01-08,Afternoon,2,4,2
4416,5,2024-01-08,Night,1,3,1
4417,5,2024-01-09,Morning,2,4,3
4418,5,2024-01-09,Afternoon,2,3,2
4419,5,2024-01-09,Night,1,3,2
4420,5,2024-01-10,Morning,3,3,3
4421,5,2024-01-10,Afternoon,2,3,2
4422,5,2024-01-10,Night,1,3,1
4423,5,2024-01-11,Morning,2,3,2
4424,5,2024-01-11,Afternoon,2,4,2
4425,5,2024-01-11,Night,2,3,3
4426,5,2024-01-12,Morning,2,4,1
4427,5,2024-01-12,Afternoon,2,5,3
4428,5,2024-01-12,Night,1,2,1
4429,5,2024-01-13,Morning,2,4,2
4430,5,2024-01-13,Afternoon,2,5,3
4431,5,2024-01-13,Night,1,2,1
4432,5,2024-01-14,Morning,3,5,3
4433,5,2024-01-14,Afternoon,1,4,2
4434,5,2024-01-14,Night,2,2,1
4435,5,2024-01-15,Morning,2,5,2
4436,5,2024-01-15,Afternoon,2,4,2
4437,5,2024-01-15,Night,2,3,2
4438,5,2024-01-16,Morning,2,4,2
4439,5,2024-01-16,Afternoon,1,4,2
4440,5,2024-01-16,Night,1,3,1
4441,5,2024-01-17,Morning,3,4,3
4442,5,2024-01-17,Afternoon,2,5,2
4443,5,2024-01-17,Night,1,3,1
4444,5,2024-01-18,Morning,2,3,3
4445,5,2024-01-18,Afternoon,3,5,4
4446,5,2024-01-18,Night,1,2,1
4447,5,2024-01-19,Morning,2,4,2
4448,5,2024-01-19,Afternoon,2,4,2
4449,5,2024-01-19,Night,1,2,2
4450,5,2024-01-20,Morning,2,4,1
4451,5,2024-01-20,Afternoon,2,5,2
4452,5,2024-01-20,Night,1,2,1
4453,5,2024-01-21,Morning,2,4,2
4454,5,2024-01-21,Afternoon,3,4,2
4455,5,2024-01-21,Night,1,3,1
4456,5,2024-01-22,Morning,2,3,2
4457,5,2024-01-22,Afternoon,1,5,2
4458,5,2024-01-22,Night,2,3,2
4459,5,2024-01-23,Morning,1,5,3
4460,5,2024-01-23,Afternoon,2,5,4
4461,5,2024-01-23,Night,1,3,2
4462,5,2024-01-24,Morning,2,4,3
4463,5,2024-01-24,Afternoon,3,4,3
4464,5,2024-01-24,Night,1,2,1
4465,5,2024-01-25,Morning,2,4,2
4466,5,2024-01-25,Afternoon,1,3,2
4467,5,2024-01-25,Night,1,2,1
4468,5,2024-01-26,Morning,2,3,2
4469,5,2024-01-26,Afternoon,1,4,2
4470,5,2024-01-26,Night,1,3,2
4471,5,2024-01-27,Morning,2,5,2
4472,5,2024-01-27,Afternoon,2,4,2
4473,5,2024-01-27,Night,1,2,2
4474,5,2024-01-28,Morning,2,4,2
4475,5,2024-01-28,Afternoon,2,5,3
4476,5,2024-01-28,Night,1,4,2
4477,5,2024-01-29,Morning,2,4,1
4478,5,2024-01-29,Afternoon,2,4,3
4479,5,2024-01-29,Night,1,3,2
4480,5,2024-01-30,Morning,2,4,3
4481,5,2024-01-30,Afternoon,2,5,3
4482,5,2024-01-30,Night,2,3,2
4483,5,2024-01-31,Morning,2,4,3
4484,5,2024-01-31,Afternoon,3,4,2
4485,5,2024-01-31,Night,1,3,1
4486,5,2024-02-01,Morning,2,4,3
4487,5,2024-02-01,Afternoon,2,4,3
4488,5,2024-02-01,Night,2,3,2
4489,5,2024-02-02,Morning,2,4,2
4490,5,2024-02-02,Afternoon,2,4,2
4491,5,2024-02-02,Night,1,3,1
4492,5,2024-02-03,Morning,3,4,2
4493,5,2024-02-03,Afternoon,2,4,2
4494,5,2024-02-03,Night,1,2,1
4495,5,2024-02-04,Morning,2,4,3
4496,5,2024-02-04,Afternoon,2,5,3
4497,5,2024-02-04,Night,1,3,2
4498,5,2024-02-05,Morning,2,3,2
4499,5,2024-02-05,Afternoon,1,4,2
4500,5,2024-02-05,Night,2,2,2
4501,5,2024-02-06,Morning,2,4,3
4502,5,2024-02-06,Afternoon,2,4,3
4503,5,2024-02-06,Night,1,2,1
4504,5,2024-02-07,Morning,2,4,2
4505,5,2024-02-07,Afternoon,2,4,2
4506,5,2024-02-07,Night,1,2,1
4507,5,2024-02-08,Morning,3,5,3
4508,5,2024-02-08,Afternoon,2,5,4
4509,5,2024-02-08,Night,1,2,1
4510,5,2024-02-09,Morning,2,5,3
4511,5,2024-02-09,Afternoon,2,4,2
4512,5,2024-02-09,Night,1,4,3
4513,5,2024-02-10,Morning,2,5,3
4514,5,2024-02-10,Afternoon,2,5,3
4515,5,2024-02-10,Night,1,2,1
4516,5,2024-02-11,Morning,2,4,2
4517,5,2024-02-11,Afternoon,2,4,2
4518,5,2024-02-11,Night,2,4,2
4519,5,2024-02-12,Morning,2,5,3
4520,5,2024-02-12,Afternoon,1,5,2
4521,5,2024-02-12,Night,1,2,1
4522,5,2024-02-13,Morning,2,4,3
4523,5,2024-02-13,Afternoon,2,4,2
4524,5,2024-02-13,Night,1,4,2
4525,5,2024-02-14,Morning,1,3,1
4526,5,2024-02-14,Afternoon,2,4,3
4527,5,2024-02-14,Night,1,2,2
4528,5,2024-02-15,Morning,2,5,3
4529,5,2024-02-15,Afternoon,1,3,1
4530,5,2024-02-15,Night,1,3,1
4531,5,2024-02-16,Morning,2,4,2
4532,5,2024-02-16,Afternoon,2,5,3
4533,5,2024-02-16,Night,1,2,2
4534,5,2024-02-17,Morning,2,5,3
4535,5,2024-02-17,Afternoon,2,5,3
4536,5,2024-02-17,Night,2,3,2
4537,5,2024-02-18,Morning,2,5,3
4538,5,2024-02-18,Afternoon,1,3,1
4539,5,2024-02-18,Night,2,2,1
4540,5,2024-02-19,Morning,2,3,3
4541,5,2024-02-19,Afternoon,2,4,2
4542,5,2024-02-19,Night,2,3,2
4543,5,2024-02-20,Morning,2,3,2
4544,5,2024-02-20,Afternoon,2,4,3
4545,5,2024-02-20,Night,1,3,1
4546,5,2024-02-21,Morning,2,5,3
4547,5,2024-02-21,Afternoon,2,3,2
4548,5,2024-02-21,Night,1,3,1
4549,5,2024-02-22,Morning,2,4,2
4550,5,2024-02-22,Afternoon,1,5,3
4551,5,2024-02-22,Night,1,3,1
4552,5,2024-02-23,Morning,2,5,3
4553,5,2024-02-23,Afternoon,1,3,2
4554,5,2024-02-23,Night,1,2,2
4555,5,2024-02-24,Morning,2,5,3
4556,5,2024-02-24,Afternoon,2,4,1
4557,5,2024-02-24,Night,1,4,3
4558,5,2024-02-25,Morning,2,5,3
4559,5,2024-02-25,Afternoon,3,5,3
4560,5,2024-02-25,Night,1,2,1
4561,5,2024-02-26,Morning,2,4,2
4562,5,2024-02-26,Afternoon,2,4,2
4563,5,2024-02-26,Night,2,3,2
4564,5,2024-02-27,Morning,2,4,2
4565,5,2024-02-27,Afternoon,2,3,3
4566,5,2024-02-27,Night,1,2,1
4567,5,2024-02-28,Morning,2,4,2
4568,5,2024-02-28,Afternoon,3,3,2
4569,5,2024-02-28,Night,2,2,1
4570,5,2024-02-29,Morning,2,4,3
4571,5,2024-02-29,Afternoon,2,3,2
4572,5,2024-02-29,Night,1,4,2
4573,5,2024-03-01,Morning,2,4,3
4574,5,2024-03-01,Afternoon,2,3,2
4575,5,2024-03-01,Night,1,3,2
4576,5,2024-03-02,Morning,3,4,3
4577,5,2024-03-02,Afternoon,2,5,3
4578,5,2024-03-02,Night,1,2,2
4579,5,2024-03-03,Morning,2,4,2
4580,5,2024-03-03,Afternoon,2,4,3
4581,5,2024-03-03,Night,1,2,1
4582,5,2024-03-04,Morning,3,3,2
4583,5,2024-03-04,Afternoon,2,5,3
4584,5,2024-03-04,Night,1,3,2
4585,5,2024-03-05,Morning,2,5,3
4586,5,2024-03-05,Afternoon,2,2,2
4587,5,2024-03-05,Night,1,3,2
4588,5,2024-03-06,Morning,2,4,3
4589,5,2024-03-06,Afternoon,2,4,3
4590,5,2024-03-06,Night,2,3,2
4591,5,2024-03-07,Morning,2,5,4
4592,5,2024-03-07,Afternoon,2,5,4
4593,5,2024-03-07,Night,1,2,1
4594,5,2024-03-08,Morning,2,5,2
4595,5,2024-03-08,Afternoon,2,4,2
4596,5,2024-03-08,Night,1,2,1
4597,5,2024-03-09,Morning,2,4,2
4598,5,2024-03-09,Afternoon,2,4,3
4599,5,2024-03-09,Night,2,3,2
4600,5,2024-03-10,Morning,3,6,3
4601,5,2024-03-10,Afternoon,2,3,2
4602,5,2024-03-10,Night,1,3,1
4603,5,2024-03-11,Morning,2,3,2
4604,5,2024-03-11,Afternoon,2,5,3
4605,5,2024-03-11,Night,1,3,2
4606,5,2024-03-12,Morning,2,3,2
4607,5,2024-03-12,Afternoon,2,4,3
4608,5,2024-03-12,Night,1,4,3
4609,5,2024-03-13,Morning,2,3,2
4610,5,2024-03-13,Afternoon,2,5,3
4611,5,2024-03-13,Night,1,2,2
4612,5,2024-03-14,Morning,3,4,3
4613,5,2024-03-14,Afternoon,1,5,2
4614,5,2024-03-14,Night,2,2,2
4615,5,2024-03-15,Morning,1,3,1
4616,5,2024-03-15,Afternoon,2,5,3
4617,5,2024-03-15,Night,1,2,1
4618,5,2024-03-16,Morning,2,4,2
4619,5,2024-03-16,Afternoon,2,4,3
4620,5,2024-03-16,Night,1,2,2
4621,5,2024-03-17,Morning,2,4,2
4622,5,2024-03-17,Afternoon,2,5,2
4623,5,2024-03-17,Night,1,3,2
4624,5,2024-03-18,Morning,2,3,2
4625,5,2024-03-18,Afternoon,2,4,2
4626,5,2024-03-18,Night,2,2,2
4627,5,2024-03-19,Morning,3,4,4
4628,5,2024-03-19,Afternoon,2,4,2
4629,5,2024-03-19,Night,2,3,2
4630,5,2024-03-20,Morning,2,2,2
4631,5,2024-03-20,Afternoon,2,4,3
4632,5,2024-03-20,Night,2,2,1
4633,5,2024-03-21,Morning,2,4,2
4634,5,2024-03-21,Afternoon,3,4,3
4635,5,2024-03-21,Night,1,3,1
4636,5,2024-03-22,Morning,2,4,2
4637,5,2024-03-22,Afternoon,2,5,3
4638,5,2024-03-22,Night,1,3,3
4639,5,2024-03-23,Morning,2,4,2
4640,5,2024-03-23,Afternoon,2,5,3
4641,5,2024-03-23,Night,2,2,2
4642,5,2024-03-24,Morning,2,5,3
4643,5,2024-03-24,Afternoon,2,4,2
4644,5,2024-03-24,Night,1,2,2
4645,5,2024-03-25,Morning,2,4,2
4646,5,2024-03-25,Afternoon,2,5,3
4647,5,2024-03-25,Night,1,3,2
4648,5,2024-03-26,Morning,2,4,2
4649,5,2024-03-26,Afternoon,2,3,2
4650,5,2024-03-26,Night,1,2,1
4651,5,2024-03-27,Morning,3,5,3
4652,5,2024-03-27,Afternoon,2,4,2
4653,5,2024-03-27,Night,1,2,1
4654,5,2024-03-28,Morning,2,4,3
4655,5,2024-03-28,Afternoon,2,5,3
4656,5,2024-03-28,Night,1,2,1
4657,5,2024-03-29,Morning,1,4,1
4658,5,2024-03-29,Afternoon,2,5,3
4659,5,2024-03-29,Night,1,3,2
4660,5,2024-03-30,Morning,2,5,2
4661,5,2024-03-30,Afternoon,3,4,3
4662,5,2024-03-30,Night,2,2,1
4663,5,2024-03-31,Morning,2,4,2
4664,5,2024-03-31,Afternoon,2,4,3
4665,5,2024-03-31,Night,1,2,1
4666,5,2024-04-01,Morning,2,4,3
4667,5,2024-04-01,Afternoon,2,4,2
4668,5,2024-04-01,Night,2,3,2
4669,5,2024-04-02,Morning,2,4,2
4670,5,2024-04-02,Afternoon,2,4,2
4671,5,2024-04-02,Night,1,3,1
4672,5,2024-04-03,Morning,2,4,3
4673,5,2024-04-03,Afternoon,2,4,2
4674,5,2024-04-03,Night,1,3,2
4675,5,2024-04-04,Morning,2,4,3
4676,5,2024-04-04,Afternoon,3,4,3
4677,5,2024-04-04,Night,1,2,2
4678,5,2024-04-05,Morning,1,4,1
4679,5,2024-04-05,Afternoon,1,4,1
4680,5,2024-04-05,Night,1,3,1
4681,5,2024-04-06,Morning,1,4,2
4682,5,2024-04-06,Afternoon,2,4,3
4683,5,2024-04-06,Night,1,3,1
4684,5,2024-04-07,Morning,2,4,2
4685,5,2024-04-07,Afternoon,2,4,3
4686,5,2024-04-07,Night,2,3,2
4687,5,2024-04-08,Morning,2,3,2
4688,5,2024-04-08,Afternoon,3,4,2
4689,5,2024-04-08,Night,2,3,2
4690,5,2024-04-09,Morning,1,4,1
4691,5,2024-04-09,Afternoon,2,5,3
4692,5,2024-04-09,Night,1,3,1
4693,5,2024-04-10,Morning,1,3,1
4694,5,2024-04-10,Afternoon,2,3,2
4695,5,2024-04-10,Night,2,3,2
4696,5,2024-04-11,Morning,2,4,2
4697,5,2024-04-11,Afternoon,3,5,4
4698,5,2024-04-11,Night,1,2,1
4699,5,2024-04-12,Morning,1,4,1
4700,5,2024-04-12,Afternoon,2,5,2
4701,5,2024-04-12,Night,1,2,1
4702,5,2024-04-13,Morning,2,4,2
4703,5,2024-04-13,Afternoon,2,5,3
4704,5,2024-04-13,Night,2,2,2
4705,5,2024-04-14,Morning,2,5,3
4706,5,2024-04-14,Afternoon,2,4,2
4707,5,2024-04-14,Night,1,2,1
4708,5,2024-04-15,Morning,2,4,2
4709,5,2024-04-15,Afternoon,2,4,2
4710,5,2024-04-15,Night,1,3,1
4711,5,2024-04-16,Morning,2,4,2
4712,5,2024-04-16,Afternoon,2,5,3
4713,5,2024-04-16,Night,1,2,1
4714,5,2024-04-17,Morning,2,4,3
4715,5,2024-04-17,Afternoon,2,2,2
4716,5,2024-04-17,Night,1,2,1
4717,5,2024-04-18,Morning,2,2,2
4718,5,2024-04-18,Afternoon,2,2,1
4719,5,2024-04-18,Night,2,2,1
4720,5,2024-04-19,Morning,2,4,2
4721,5,2024-04-19,Afternoon,2,4,3
4722,5,2024-04-19,Night,1,3,1
4723,5,2024-04-20,Morning,2,5,3
4724,5,2024-04-20,Afternoon,3,4,3
4725,5,2024-04-20,Night,1,2,1
4726,5,2024-04-21,Morning,2,4,2
4727,5,2024-04-21,Afternoon,2,5,2
4728,5,2024-04-21,Night,1,2,1
4729,5,2024-04-22,Morning,3,3,3
4730,5,2024-04-22,Afternoon,2,4,2
4731,5,2024-04-22,Night,2,2,2
4732,5,2024-04-23,Morning,2,4,3
4733,5,2024-04-23,Afternoon,2,4,3
4734,5,2024-04-23,Night,1,3,1
4735,5,2024-04-24,Morning,2,4,2
4736,5,2024-04-24,Afternoon,2,4,2
4737,5,2024-04-24,Night,1,2,1
4738,5,2024-04-25,Morning,1,3,2
4739,5,2024-04-25,Afternoon,2,3,2
4740,5,2024-04-25,Night,1,3,2
4741,5,2024-04-26,Morning,2,3,1
4742,5,2024-04-26,Afternoon,1,5,4
4743,5,2024-04-26,Night,2,2,2
4744,5,2024-04-27,Morning,2,4,2
4745,5,2024-04-27,Afternoon,2,5,2
4746,5,2024-04-27,Night,1,3,1
4747,5,2024-04-28,Morning,2,4,2
4748,5,2024-04-28,Afternoon,2,5,3
4749,5,2024-04-28,Night,1,3,1
4750,5,2024-04-29,Morning,2,4,2
4751,5,2024-04-29,Afternoon,3,5,3
4752,5,2024-04-29,Night,1,2,1
4753,5,2024-04-30,Morning,2,5,4
4754,5,2024-04-30,Afternoon,2,4,3
4755,5,2024-04-30,Night,1,2,2
4756,5,2024-05-01,Morning,1,4,1
4757,5,2024-05-01,Afternoon,2,4,3
4758,5,2024-05-01,Night,1,2,1
4759,5,2024-05-02,Morning,2,6,3
4760,5,2024-05-02,Afternoon,1,4,2
4761,5,2024-05-02,Night,1,4,2
4762,5,2024-05-03,Morning,2,3,2
4763,5,2024-05-03,Afternoon,2,5,2
4764,5,2024-05-03,Night,1,3,1
4765,5,2024-05-04,Morning,2,4,2
4766,5,2024-05-04,Afternoon,2,4,2
4767,5,2024-05-04,Night,1,3,1
4768,5,2024-05-05,Morning,2,5,2
4769,5,2024-05-05,Afternoon,2,3,3
4770,5,2024-05-05,Night,2,3,2
4771,5,2024-05-06,Morning,2,3,2
4772,5,2024-05-06,Afternoon,2,4,3
4773,5,2024-05-06,Night,2,3,1
4774,5,2024-05-07,Morning,2,6,4
4775,5,2024-05-07,Afternoon,2,5,3
4776,5,2024-05-07,Night,1,3,1
4777,5,2024-05-08,Morning,2,4,3
4778,5,2024-05-08,Afternoon,2,4,3
4779,5,2024-05-08,Night,1,2,1
4780,5,2024-05-09,Morning,2,5,4
4781,5,2024-05-09,Afternoon,2,5,3
4782,5,2024-05-09,Night,1,3,2
4783,5,2024-05-10,Morning,2,3,2
4784,5,2024-05-10,Afternoon,2,4,2
4785,5,2024-05-10,Night,1,3,1
4786,5,2024-05-11,Morning,2,5,3
4787,5,2024-05-11,Afternoon,3,5,4
4788,5,2024-05-11,Night,1,2,1
4789,5,2024-05-12,Morning,1,4,2
4790,5,2024-05-12,Afternoon,2,5,2
4791,5,2024-05-12,Night,2,2,2
4792,5,2024-05-13,Morning,2,3,3
4793,5,2024-05-13,Afternoon,1,4,3
4794,5,2024-05-13,Night,1,2,1
4795,5,2024-05-14,Morning,2,4,1
4796,5,2024-05-14,Afternoon,2,4,2
4797,5,2024-05-14,Night,1,2,1
4798,5,2024-05-15,Morning,2,4,3
4799,5,2024-05-15,Afternoon,2,4,2
4800,5,2024-05-15,Night,1,3,2
4801,5,2024-05-16,Morning,2,5,2
4802,5,2024-05-16,Afternoon,2,4,2
4803,5,2024-05-16,Night,1,3,2
4804,5,2024-05-17,Morning,3,4,3
4805,5,2024-05-17,Afternoon,2,5,2
4806,5,2024-05-17,Night,1,3,1
4807,5,2024-05-18,Morning,2,4,3
4808,5,2024-05-18,Afternoon,2,5,3
4809,5,2024-05-18,Night,1,2,1
4810,5,2024-05-19,Morning,2,4,3
4811,5,2024-05-19,Afternoon,2,5,4
4812,5,2024-05-19,Night,1,2,1
4813,5,2024-05-20,Morning,2,4,2
4814,5,2024-05-20,Afternoon,2,3,3
4815,5,2024-05-20,Night,2,2,2
4816,5,2024-05-21,Morning,2,4,3
4817,5,2024-05-21,Afternoon,2,5,3
4818,5,2024-05-21,Night,1,2,1
4819,5,2024-05-22,Morning,3,4,3
4820,5,2024-05-22,Afternoon,1,3,2
4821,5,2024-05-22,Night,1,2,1
4822,5,2024-05-23,Morning,2,4,2
4823,5,2024-05-23,Afternoon,3,4,3
4824,5,2024-05-23,Night,1,4,3
4825,5,2024-05-24,Morning,2,4,3
4826,5,2024-05-24,Afternoon,2,5,3
4827,5,2024-05-24,Night,2,3,3
4828,5,2024-05-25,Morning,2,4,2
4829,5,2024-05-25,Afternoon,2,5,3
4830,5,2024-05-25,Night,1,3,2
4831,5,2024-05-26,Morning,3,3,3
4832,5,2024-05-26,Afternoon,3,3,3
4833,5,2024-05-26,Night,1,2,1
4834,5,2024-05-27,Morning,2,5,2
4835,5,2024-05-27,Afternoon,1,4,2
4836,5,2024-05-27,Night,1,3,1
4837,5,2024-05-28,Morning,2,4,2
4838,5,2024-05-28,Afternoon,2,4,2
4839,5,2024-05-28,Night,2,2,2
4840,5,2024-05-29,Morning,2,3,2
4841,5,2024-05-29,Afternoon,2,5,3
4842,5,2024-05-29,Night,1,3,1
4843,5,2024-05-30,Morning,2,5,3
4844,5,2024-05-30,Afternoon,2,4,3
4845,5,2024-05-30,Night,2,3,3
4846,5,2024-05-31,Morning,2,4,3
4847,5,2024-05-31,Afternoon,2,5,3
4848,5,2024-05-31,Night,1,2,1
4849,5,2024-06-01,Morning,1,4,2
4850,5,2024-06-01,Afternoon,2,4,3
4851,5,2024-06-01,Night,1,3,2
4852,5,2024-06-02,Morning,3,4,3
4853,5,2024-06-02,Afternoon,3,4,3
4854,5,2024-06-02,Night,1,2,1
4855,5,2024-06-03,Morning,2,2,2
4856,5,2024-06-03,Afternoon,2,5,3
4857,5,2024-06-03,Night,2,2,2
4858,5,2024-06-04,Morning,2,4,2
4859,5,2024-06-04,Afternoon,3,5,3
4860,5,2024-06-04,Night,1,2,1
4861,5,2024-06-05,Morning,2,4,3
4862,5,2024-06-05,Afternoon,2,5,2
4863,5,2024-06-05,Night,1,2,1
4864,5,2024-06-06,Morning,3,5,4
4865,5,2024-06-06,Afternoon,1,4,2
4866,5,2024-06-06,Night,2,2,1
4867,5,2024-06-07,Morning,2,4,2
4868,5,2024-06-07,Afternoon,2,4,2
4869,5,2024-06-07,Night,1,3,2
4870,5,2024-06-08,Morning,2,5,3
4871,5,2024-06-08,Afternoon,2,4,2
4872,5,2024-06-08,Night,1,2,1
4873,5,2024-06-09,Morning,3,3,2
4874,5,2024-06-09,Afternoon,2,4,2
4875,5,2024-06-09,Night,1,2,1
4876,5,2024-06-10,Morning,2,4,3
4877,5,2024-06-10,Afternoon,1,3,2
4878,5,2024-06-10,Night,1,3,2
4879,5,2024-06-11,Morning,2,4,2
4880,5,2024-06-11,Afternoon,2,4,3
4881,5,2024-06-11,Night,1,4,1
4882,5,2024-06-12,Morning,2,5,3
4883,5,2024-06-12,Afternoon,2,4,3
4884,5,2024-06-12,Night,1,3,1
4885,5,2024-06-13,Morning,2,4,2
4886,5,2024-06-13,Afternoon,3,4,3
4887,5,2024-06-13,Night,2,2,2
4888,5,2024-06-14,Morning,2,4,2
4889,5,2024-06-14,Afternoon,2,5,2
4890,5,2024-06-14,Night,2,3,2
4891,5,2024-06-15,Morning,2,4,2
4892,5,2024-06-15,Afternoon,2,5,2
4893,5,2024-06-15,Night,1,3,1
4894,5,2024-06-16,Morning,2,4,3
4895,5,2024-06-16,Afternoon,2,4,3
4896,5,2024-06-16,Night,1,3,1
4897,5,2024-06-17,Morning,3,4,2
4898,5,2024-06-17,Afternoon,2,4,3
4899,5,2024-06-17,Night,1,4,3
4900,5,2024-06-18,Morning,2,4,3
4901,5,2024-06-18,Afternoon,2,3,3
4902,5,2024-06-18,Night,1,3,1
4903,5,2024-06-19,Morning,2,4,2
4904,5,2024-06-19,Afternoon,2,4,2
4905,5,2024-06-19,Night,1,3,2
4906,5,2024-06-20,Morning,2,4,1
4907,5,2024-06-20,Afternoon,2,5,3
4908,5,2024-06-20,Night,2,3,2
4909,5,2024-06-21,Morning,2,4,3
4910,5,2024-06-21,Afternoon,2,5,4
4911,5,2024-06-21,Night,1,3,3
4912,5,2024-06-22,Morning,3,5,3
4913,5,2024-06-22,Afternoon,2,6,3
4914,5,2024-06-22,Night,1,2,1
4915,5,2024-06-23,Morning,2,4,3
4916,5,2024-06-23,Afternoon,3,5,3
4917,5,2024-06-23,Night,1,4,2
4918,5,2024-06-24,Morning,2,3,2
4919,5,2024-06-24,Afternoon,1,3,1
4920,5,2024-06-24,Night,2,3,2
4921,5,2024-06-25,Morning,1,5,2
4922,5,2024-06-25,Afternoon,2,4,2
4923,5,2024-06-25,Night,1,3,1
4924,5,2024-06-26,Morning,2,4,2
4925,5,2024-06-26,Afternoon,2,4,2
4926,5,2024-06-26,Night,1,3,2
4927,5,2024-06-27,Morning,2,4,2
4928,5,2024-06-27,Afternoon,2,3,2
4929,5,2024-06-27,Night,2,3,3
4930,5,2024-06-28,Morning,3,4,4
4931,5,2024-06-28,Afternoon,2,4,3
4932,5,2024-06-28,Night,1,3,1
4933,5,2024-06-29,Morning,2,3,2
4934,5,2024-06-29,Afternoon,2,4,2
4935,5,2024-06-29,Night,1,3,1
4936,5,2024-06-30,Morning,2,4,3
4937,5,2024-06-30,Afternoon,2,4,3
4938,5,2024-06-30,Night,1,2,2
4939,5,2024-07-01,Morning,2,4,3
4940,5,2024-07-01,Afternoon,2,5,3
4941,5,2024-07-01,Night,1,2,1
4942,5,2024-07-02,Morning,2,5,3
4943,5,2024-07-02,Afternoon,2,4,2
4944,5,2024-07-02,Night,2,2,2
4945,5,2024-07-03,Morning,2,5,4
4946,5,2024-07-03,Afternoon,2,5,3
4947,5,2024-07-03,Night,1,2,1
4948,5,2024-07-04,Morning,1,4,3
4949,5,2024-07-04,Afternoon,2,4,2
4950,5,2024-07-04,Night,1,2,1
4951,5,2024-07-05,Morning,2,4,3
4952,5,2024-07-05,Afternoon,2,4,3
4953,5,2024-07-05,Night,2,2,2
4954,5,2024-07-06,Morning,2,4,2
4955,5,2024-07-06,Afternoon,2,4,2
4956,5,2024-07-06,Night,2,3,3
4957,5,2024-07-07,Morning,2,4,1
4958,5,2024-07-07,Afternoon,1,5,2
4959,5,2024-07-07,Night,1,3,1
4960,5,2024-07-08,Morning,2,3,2
4961,5,2024-07-08,Afternoon,2,4,3
4962,5,2024-07-08,Night,1,3,2
4963,5,2024-07-09,Morning,2,4,2
4964,5,2024-07-09,Afternoon,3,4,3
4965,5,2024-07-09,Night,1,2,1
4966,5,2024-07-10,Morning,2,5,2
4967,5,2024-07-10,Afternoon,2,3,2
4968,5,2024-07-10,Night,2,2,2
4969,5,2024-07-11,Morning,2,3,3
4970,5,2024-07-11,Afternoon,2,3,2
4971,5,2024-07-11,Night,1,3,2
4972,5,2024-07-12,Morning,2,5,2
4973,5,2024-07-12,Afternoon,2,4,2
4974,5,2024-07-12,Night,2,3,2
4975,5,2024-07-13,Morning,2,4,3
4976,5,2024-07-13,Afternoon,1,5,2
4977,5,2024-07-13,Night,1,3,2
4978,5,2024-07-14,Morning,2,5,3
4979,5,2024-07-14,Afternoon,2,4,2
4980,5,2024-07-14,Night,1,3,1
4981,5,2024-07-15,Morning,2,2,1
4982,5,2024-07-15,Afternoon,2,4,2
4983,5,2024-07-15,Night,1,2,1
4984,5,2024-07-16,Morning,2,4,2
4985,5,2024-07-16,Afternoon,2,4,3
4986,5,2024-07-16,Night,2,3,1
4987,5,2024-07-17,Morning,2,4,2
4988,5,2024-07-17,Afternoon,3,4,2
4989,5,2024-07-17,Night,1,3,1
4990,5,2024-07-18,Morning,2,4,2
4991,5,2024-07-18,Afternoon,1,4,2
4992,5,2024-07-18,Night,1,3,1
4993,5,2024-07-19,Morning,2,4,3
4994,5,2024-07-19,Afternoon,2,3,2
4995,5,2024-07-19,Night,2,3,2
4996,5,2024-07-20,Morning,3,4,4
4997,5,2024-07-20,Afternoon,2,4,3
4998,5,2024-07-20,Night,1,3,2
4999,5,2024-07-21,Morning,2,4,2
5000,5,2024-07-21,Afternoon,2,3,2
5001,5,2024-07-21,Night,2,3,2
5002,5,2024-07-22,Morning,2,4,3
5003,5,2024-07-22,Afternoon,2,4,2
5004,5,2024-07-22,Night,1,2,2
5005,5,2024-07-23,Morning,1,5,3
5006,5,2024-07-23,Afternoon,2,4,3
5007,5,2024-07-23,Night,1,3,1
5008,5,2024-07-24,Morning,2,4,2
5009,5,2024-07-24,Afternoon,2,4,2
5010,5,2024-07-24,Night,1,2,1
5011,5,2024-07-25,Morning,2,3,1
5012,5,2024-07-25,Afternoon,2,4,2
5013,5,2024-07-25,Night,2,3,3
5014,5,2024-07-26,Morning,2,4,2
5015,5,2024-07-26,Afternoon,2,3,2
5016,5,2024-07-26,Night,1,3,2
5017,5,2024-07-27,Morning,2,4,2
5018,5,2024-07-27,Afternoon,2,4,2
5019,5,2024-07-27,Night,1,2,2
5020,5,2024-07-28,Morning,2,5,3
5021,5,2024-07-28,Afternoon,2,4,2
5022,5,2024-07-28,Night,2,3,3
5023,5,2024-07-29,Morning,2,4,2
5024,5,2024-07-29,Afternoon,2,5,2
5025,5,2024-07-29,Night,1,3,2
5026,5,2024-07-30,Morning,2,4,3
5027,5,2024-07-30,Afternoon,2,3,2
5028,5,2024-07-30,Night,2,2,1
5029,5,2024-07-31,Morning,2,5,3
5030,5,2024-07-31,Afternoon,2,4,2
5031,5,2024-07-31,Night,1,3,1
5032,5,2024-08-01,Morning,2,3,2
5033,5,2024-08-01,Afternoon,2,4,2
5034,5,2024-08-01,Night,1,3,3
5035,5,2024-08-02,Morning,3,4,2
5036,5,2024-08-02,Afternoon,2,3,2
5037,5,2024-08-02,Night,2,3,1
5038,5,2024-08-03,Morning,2,5,2
5039,5,2024-08-03,Afternoon,2,5,3
5040,5,2024-08-03,Night,1,3,1
5041,5,2024-08-04,Morning,1,4,2
5042,5,2024-08-04,Afternoon,2,5,2
5043,5,2024-08-04,Night,1,2,1
5044,5,2024-08-05,Morning,2,3,3
5045,5,2024-08-05,Afternoon,2,5,3
5046,5,2024-08-05,Night,2,3,2
5047,5,2024-08-06,Morning,2,4,2
5048,5,2024-08-06,Afternoon,2,4,3
5049,5,2024-08-06,Night,1,2,1
5050,5,2024-08-07,Morning,2,4,3
5051,5,2024-08-07,Afternoon,2,4,3
5052,5,2024-08-07,Night,1,3,2
5053,5,2024-08-08,Morning,2,4,3
5054,5,2024-08-08,Afternoon,2,4,2
5055,5,2024-08-08,Night,1,3,1
5056,5,2024-08-09,Morning,2,4,2
5057,5,2024-08-09,Afternoon,3,4,2
5058,5,2024-08-09,Night,2,2,2
5059,5,2024-08-10,Morning,2,5,3
5060,5,2024-08-10,Afternoon,1,4,1
5061,5,2024-08-10,Night,2,3,3
5062,5,2024-08-11,Morning,1,4,2
5063,5,2024-08-11,Afternoon,3,5,4
5064,5,2024-08-11,Night,1,3,2
5065,5,2024-08-12,Morning,3,3,3
5066,5,2024-08-12,Afternoon,2,4,3
5067,5,2024-08-12,Night,1,3,1
5068,5,2024-08-13,Morning,1,5,3
5069,5,2024-08-13,Afternoon,2,3,2
5070,5,2024-08-13,Night,1,3,2
5071,5,2024-08-14,Morning,2,4,2
5072,5,2024-08-14,Afternoon,2,4,4
5073,5,2024-08-14,Night,1,2,1
5074,5,2024-08-15,Morning,1,5,3
5075,5,2024-08-15,Afternoon,1,4,2
5076,5,2024-08-15,Night,1,3,2
5077,5,2024-08-16,Morning,2,5,2
5078,5,2024-08-16,Afternoon,2,3,2
5079,5,2024-08-16,Night,1,3,2
5080,5,2024-08-17,Morning,2,4,3
5081,5,2024-08-17,Afternoon,2,5,3
5082,5,2024-08-17,Night,1,3,1
5083,5,2024-08-18,Morning,2,5,4
5084,5,2024-08-18,Afternoon,2,4,3
5085,5,2024-08-18,Night,1,3,2
5086,5,2024-08-19,Morning,2,4,3
5087,5,2024-08-19,Afternoon,2,4,2
5088,5,2024-08-19,Night,1,2,1
5089,5,2024-08-20,Morning,2,4,2
5090,5,2024-08-20,Afternoon,3,4,3
5091,5,2024-08-20,Night,1,2,2
5092,5,2024-08-21,Morning,2,3,3
5093,5,2024-08-21,Afternoon,2,3,2
5094,5,2024-08-21,Night,1,2,1
5095,5,2024-08-22,Morning,2,4,2
5096,5,2024-08-22,Afternoon,2,4,2
5097,5,2024-08-22,Night,2,2,2
5098,5,2024-08-23,Morning,2,4,3
5099,5,2024-08-23,Afternoon,2,4,2
5100,5,2024-08-23,Night,1,2,2
5101,5,2024-08-24,Morning,2,4,3
5102,5,2024-08-24,Afternoon,2,5,3
5103,5,2024-08-24,Night,1,2,1
5104,5,2024-08-25,Morning,3,4,3
5105,5,2024-08-25,Afternoon,2,4,2
5106,5,2024-08-25,Night,1,3,2
5107,5,2024-08-26,Morning,1,3,1
5108,5,2024-08-26,Afternoon,2,4,3
5109,5,2024-08-26,Night,2,3,3
5110,5,2024-08-27,Morning,2,5,3
5111,5,2024-08-27,Afternoon,2,5,3
5112,5,2024-08-27,Night,2,2,1
5113,5,2024-08-28,Morning,2,3,1
5114,5,2024-08-28,Afternoon,3,3,2
5115,5,2024-08-28,Night,1,2,1
5116,5,2024-08-29,Morning,2,5,3
5117,5,2024-08-29,Afternoon,3,3,3
5118,5,2024-08-29,Night,1,3,1
5119,5,2024-08-30,Morning,2,4,3
5120,5,2024-08-30,Afternoon,1,4,1
5121,5,2024-08-30,Night,1,3,2
5122,5,2024-08-31,Morning,2,5,3
5123,5,2024-08-31,Afternoon,2,4,2
5124,5,2024-08-31,Night,2,3,2
5125,5,2024-09-01,Morning,2,4,3
5126,5,2024-09-01,Afternoon,2,5,2
5127,5,2024-09-01,Night,1,3,2
5128,5,2024-09-02,Morning,2,3,2
5129,5,2024-09-02,Afternoon,3,5,3
5130,5,2024-09-02,Night,1,3,2
5131,5,2024-09-03,Morning,2,5,3
5132,5,2024-09-03,Afternoon,3,4,3
5133,5,2024-09-03,Night,1,3,1
5134,5,2024-09-04,Morning,3,3,2
5135,5,2024-09-04,Afternoon,1,4,2
5136,5,2024-09-04,Night,1,2,1
5137,5,2024-09-05,Morning,2,4,2
5138,5,2024-09-05,Afternoon,2,4,2
5139,5,2024-09-05,Night,1,3,2
5140,5,2024-09-06,Morning,2,3,3
5141,5,2024-09-06,Afternoon,2,5,2
5142,5,2024-09-06,Night,1,3,1
5143,5,2024-09-07,Morning,3,4,2
5144,5,2024-09-07,Afternoon,2,5,3
5145,5,2024-09-07,Night,1,4,2
5146,5,2024-09-08,Morning,2,5,3
5147,5,2024-09-08,Afternoon,2,4,2
5148,5,2024-09-08,Night,1,2,1
5149,5,2024-09-09,Morning,2,2,1
5150,5,2024-09-09,Afternoon,2,5,2
5151,5,2024-09-09,Night,2,3,2
5152,5,2024-09-10,Morning,3,4,3
5153,5,2024-09-10,Afternoon,2,4,3
5154,5,2024-09-10,Night,1,2,2
5155,5,2024-09-11,Morning,2,5,2
5156,5,2024-09-11,Afternoon,2,3,2
5157,5,2024-09-11,Night,1,2,2
5158,5,2024-09-12,Morning,2,4,2
5159,5,2024-09-12,Afternoon,2,3,1
5160,5,2024-09-12,Night,1,3,1
5161,5,2024-09-13,Morning,3,4,4
5162,5,2024-09-13,Afternoon,2,4,3
5163,5,2024-09-13,Night,1,3,2
5164,5,2024-09-14,Morning,2,4,2
5165,5,2024-09-14,Afternoon,2,4,2
5166,5,2024-09-14,Night,1,3,2
5167,5,2024-09-15,Morning,2,4,3
5168,5,2024-09-15,Afternoon,2,5,3
5169,5,2024-09-15,Night,2,3,3
5170,5,2024-09-16,Morning,2,3,2
5171,5,2024-09-16,Afternoon,2,4,2
5172,5,2024-09-16,Night,1,3,1
5173,5,2024-09-17,Morning,2,4,2
5174,5,2024-09-17,Afternoon,2,4,2
5175,5,2024-09-17,Night,1,2,1
5176,5,2024-09-18,Morning,3,5,3
5177,5,2024-09-18,Afternoon,2,4,3
5178,5,2024-09-18,Night,2,3,1
5179,5,2024-09-19,Morning,2,4,2
5180,5,2024-09-19,Afternoon,1,3,2
5181,5,2024-09-19,Night,1,2,2
5182,5,2024-09-20,Morning,2,4,2
5183,5,2024-09-20,Afternoon,2,4,2
5184,5,2024-09-20,Night,1,2,1
5185,5,2024-09-21,Morning,2,4,3
5186,5,2024-09-21,Afternoon,2,4,3
5187,5,2024-09-21,Night,1,3,1
5188,5,2024-09-22,Morning,2,3,2
5189,5,2024-09-22,Afternoon,2,3,2
5190,5,2024-09-22,Night,1,2,1
5191,5,2024-09-23,Morning,2,4,3
5192,5,2024-09-23,Afternoon,2,4,3
5193,5,2024-09-23,Night,2,2,2
5194,5,2024-09-24,Morning,2,4,3
5195,5,2024-09-24,Afternoon,2,4,2
5196,5,2024-09-24,Night,1,2,2
5197,5,2024-09-25,Morning,2,4,2
5198,5,2024-09-25,Afternoon,2,4,2
5199,5,2024-09-25,Night,2,3,2
5200,5,2024-09-26,Morning,2,4,2
5201,5,2024-09-26,Afternoon,2,4,3
5202,5,2024-09-26,Night,1,3,1
5203,5,2024-09-27,Morning,1,4,2
5204,5,2024-09-27,Afternoon,2,5,3
5205,5,2024-09-27,Night,2,2,1
5206,5,2024-09-28,Morning,2,4,2
5207,5,2024-09-28,Afternoon,2,5,3
5208,5,2024-09-28,Night,1,2,1
5209,5,2024-09-29,Morning,2,3,2
5210,5,2024-09-29,Afternoon,2,4,3
5211,5,2024-09-29,Night,1,4,3
5212,5,2024-09-30,Morning,2,5,2
5213,5,2024-09-30,Afternoon,2,3,3
5214,5,2024-09-30,Night,1,3,1
5215,5,2024-10-01,Morning,2,3,2
5216,5,2024-10-01,Afternoon,2,5,3
5217,5,2024-10-01,Night,1,2,1
5218,5,2024-10-02,Morning,2,3,2
5219,5,2024-10-02,Afternoon,2,5,3
5220,5,2024-10-02,Night,1,2,1
5221,5,2024-10-03,Morning,2,5,3
5222,5,2024-10-03,Afternoon,2,5,3
5223,5,2024-10-03,Night,2,3,2
5224,5,2024-10-04,Morning,2,4,2
5225,5,2024-10-04,Afternoon,3,3,2
5226,5,2024-10-04,Night,1,3,2
5227,5,2024-10-05,Morning,2,4,3
5228,5,2024-10-05,Afternoon,2,4,3
5229,5,2024-10-05,Night,1,2,1
5230,5,2024-10-06,Morning,1,5,3
5231,5,2024-10-06,Afternoon,2,4,2
5232,5,2024-10-06,Night,1,4,2
5233,5,2024-10-07,Morning,2,3,2
5234,5,2024-10-07,Afternoon,2,4,2
5235,5,2024-10-07,Night,1,2,1
5236,5,2024-10-08,Morning,2,4,2
5237,5,2024-10-08,Afternoon,1,5,2
5238,5,2024-10-08,Night,2,3,3
5239,5,2024-10-09,Morning,2,4,3
5240,5,2024-10-09,Afternoon,2,5,3
5241,5,2024-10-09,Night,1,3,1
5242,5,2024-10-10,Morning,2,4,2
5243,5,2024-10-10,Afternoon,2,3,2
5244,5,2024-10-10,Night,1,3,2
5245,5,2024-10-11,Morning,2,4,3
5246,5,2024-10-11,Afternoon,2,4,2
5247,5,2024-10-11,Night,1,2,1
5248,5,2024-10-12,Morning,2,4,3
5249,5,2024-10-12,Afternoon,2,5,4
5250,5,2024-10-12,Night,1,3,1
5251,5,2024-10-13,Morning,2,5,2
5252,5,2024-10-13,Afternoon,2,5,3
5253,5,2024-10-13,Night,2,2,2
5254,5,2024-10-14,Morning,2,4,2
5255,5,2024-10-14,Afternoon,2,5,2
5256,5,2024-10-14,Night,1,3,1
5257,5,2024-10-15,Morning,2,3,1
5258,5,2024-10-15,Afternoon,2,2,1
5259,5,2024-10-15,Night,1,2,1
5260,5,2024-10-16,Morning,2,4,3
5261,5,2024-10-16,Afternoon,2,5,3
5262,5,2024-10-16,Night,1,3,2
5263,5,2024-10-17,Morning,2,5,2
5264,5,2024-10-17,Afternoon,1,4,1
5265,5,2024-10-17,Night,1,2,1
5266,5,2024-10-18,Morning,2,5,2
5267,5,2024-10-18,Afternoon,2,4,2
5268,5,2024-10-18,Night,1,2,2
5269,5,2024-10-19,Morning,2,4,2
5270,5,2024-10-19,Afternoon,2,3,2
5271,5,2024-10-19,Night,1,3,3
5272,5,2024-10-20,Morning,2,3,2
5273,5,2024-10-20,Afternoon,2,3,2
5274,5,2024-10-20,Night,1,2,1
5275,5,2024-10-21,Morning,3,3,3
5276,5,2024-10-21,Afternoon,2,4,2
5277,5,2024-10-21,Night,1,3,2
5278,5,2024-10-22,Morning,1,4,2
5279,5,2024-10-22,Afternoon,2,4,2
5280,5,2024-10-22,Night,1,3,1
5281,5,2024-10-23,Morning,3,3,3
5282,5,2024-10-23,Afternoon,3,5,3
5283,5,2024-10-23,Night,1,2,2
5284,5,2024-10-24,Morning,2,4,2
5285,5,2024-10-24,Afternoon,2,4,3
5286,5,2024-10-24,Night,1,3,2
5287,5,2024-10-25,Morning,2,5,2
5288,5,2024-10-25,Afternoon,2,5,3
5289,5,2024-10-25,Night,2,3,1
5290,5,2024-10-26,Morning,2,5,3
5291,5,2024-10-26,Afternoon,2,4,2
5292,5,2024-10-26,Night,1,3,1
5293,5,2024-10-27,Morning,2,4,3
5294,5,2024-10-27,Afternoon,3,3,3
5295,5,2024-10-27,Night,1,3,2
5296,5,2024-10-28,Morning,2,4,2
5297,5,2024-10-28,Afternoon,1,5,3
5298,5,2024-10-28,Night,1,2,2
5299,5,2024-10-29,Morning,2,3,2
5300,5,2024-10-29,Afternoon,2,4,2
5301,5,2024-10-29,Night,1,3,1
5302,5,2024-10-30,Morning,2,4,2
5303,5,2024-10-30,Afternoon,2,5,3
5304,5,2024-10-30,Night,2,3,2
5305,5,2024-10-31,Morning,2,4,2
5306,5,2024-10-31,Afternoon,2,3,2
5307,5,2024-10-31,Night,1,3,2
5308,5,2024-11-01,Morning,2,3,1
5309,5,2024-11-01,Afternoon,2,4,2
5310,5,2024-11-01,Night,1,3,1
5311,5,2024-11-02,Morning,2,6,3
5312,5,2024-11-02,Afternoon,2,4,2
5313,5,2024-11-02,Night,1,4,3
5314,5,2024-11-03,Morning,2,4,3
5315,5,2024-11-03,Afternoon,3,5,3
5316,5,2024-11-03,Night,1,3,2
5317,5,2024-11-04,Morning,2,4,2
5318,5,2024-11-04,Afternoon,2,5,2
5319,5,2024-11-04,Night,1,2,2
5320,5,2024-11-05,Morning,2,4,2
5321,5,2024-11-05,Afternoon,1,4,2
5322,5,2024-11-05,Night,1,3,2
5323,5,2024-11-06,Morning,3,4,2
5324,5,2024-11-06,Afternoon,2,4,2
5325,5,2024-11-06,Night,1,3,2
5326,5,2024-11-07,Morning,2,4,3
5327,5,2024-11-07,Afternoon,2,4,3
5328,5,2024-11-07,Night,1,3,2
5329,5,2024-11-08,Morning,2,4,2
5330,5,2024-11-08,Afternoon,1,3,2
5331,5,2024-11-08,Night,2,2,1
5332,5,2024-11-09,Morning,1,5,2
5333,5,2024-11-09,Afternoon,2,5,3
5334,5,2024-11-09,Night,1,2,2
5335,5,2024-11-10,Morning,2,4,3
5336,5,2024-11-10,Afternoon,2,3,2
5337,5,2024-11-10,Night,1,3,1
5338,5,2024-11-11,Morning,2,3,2
5339,5,2024-11-11,Afternoon,2,4,2
5340,5,2024-11-11,Night,1,3,2
5341,5,2024-11-12,Morning,2,4,2
5342,5,2024-11-12,Afternoon,2,5,3
5343,5,2024-11-12,Night,2,4,3
5344,5,2024-11-13,Morning,2,4,2
5345,5,2024-11-13,Afternoon,3,4,3
5346,5,2024-11-13,Night,1,3,2
5347,5,2024-11-14,Morning,2,4,2
5348,5,2024-11-14,Afternoon,2,4,3
5349,5,2024-11-14,Night,1,3,1
5350,5,2024-11-15,Morning,2,3,1
5351,5,2024-11-15,Afternoon,2,4,3
5352,5,2024-11-15,Night,1,3,2
5353,5,2024-11-16,Morning,2,3,2
5354,5,2024-11-16,Afternoon,1,4,2
5355,5,2024-11-16,Night,1,3,1
5356,5,2024-11-17,Morning,2,4,2
5357,5,2024-11-17,Afternoon,2,4,2
5358,5,2024-11-17,Night,2,3,3
5359,5,2024-11-18,Morning,2,4,2
5360,5,2024-11-18,Afternoon,1,3,2
5361,5,2024-11-18,Night,2,3,3
5362,5,2024-11-19,Morning,2,4,2
5363,5,2024-11-19,Afternoon,2,4,3
5364,5,2024-11-19,Night,2,2,1
5365,5,2024-11-20,Morning,2,5,3
5366,5,2024-11-20,Afternoon,2,3,3
5367,5,2024-11-20,Night,1,2,1
5368,5,2024-11-21,Morning,2,5,2
5369,5,2024-11-21,Afternoon,3,4,3
5370,5,2024-11-21,Night,2,3,3
5371,5,2024-11-22,Morning,2,4,3
5372,5,2024-11-22,Afternoon,1,4,2
5373,5,2024-11-22,Night,1,3,2
5374,5,2024-11-23,Morning,1,3,2
5375,5,2024-11-23,Afternoon,1,4,2
5376,5,2024-11-23,Night,1,3,2
5377,5,2024-11-24,Morning,1,5,2
5378,5,2024-11-24,Afternoon,1,4,1
5379,5,2024-11-24,Night,1,2,1
5380,5,2024-11-25,Morning,2,4,3
5381,5,2024-11-25,Afternoon,2,4,2
5382,5,2024-11-25,Night,2,2,1
5383,5,2024-11-26,Morning,2,3,2
5384,5,2024-11-26,Afternoon,2,3,2
5385,5,2024-11-26,Night,2,3,3
5386,5,2024-11-27,Morning,1,3,1
5387,5,2024-11-27,Afternoon,2,5,3
5388,5,2024-11-27,Night,1,3,1
5389,5,2024-11-28,Morning,2,4,2
5390,5,2024-11-28,Afternoon,2,4,3
5391,5,2024-11-28,Night,2,3,2
5392,5,2024-11-29,Morning,2,3,2
5393,5,2024-11-29,Afternoon,2,4,2
5394,5,2024-11-29,Night,1,3,2
5395,5,2024-11-30,Morning,3,4,3
5396,5,2024-11-30,Afternoon,1,5,2
5397,5,2024-11-30,Night,2,2,1
5398,5,2024-12-01,Morning,2,4,2
5399,5,2024-12-01,Afternoon,2,4,2
5400,5,2024-12-01,Night,1,2,2
5401,5,2024-12-02,Morning,2,4,2
5402,5,2024-12-02,Afternoon,2,5,4
5403,5,2024-12-02,Night,1,3,2
5404,5,2024-12-03,Morning,2,4,2
5405,5,2024-12-03,Afternoon,2,5,4
5406,5,2024-12-03,Night,1,2,2
5407,5,2024-12-04,Morning,2,4,2
5408,5,2024-12-04,Afternoon,2,4,2
5409,5,2024-12-04,Night,1,2,1
5410,5,2024-12-05,Morning,2,5,2
5411,5,2024-12-05,Afternoon,2,6,3
5412,5,2024-12-05,Night,1,2,1
5413,5,2024-12-06,Morning,2,5,3
5414,5,2024-12-06,Afternoon,2,5,3
5415,5,2024-12-06,Night,1,3,3
5416,5,2024-12-07,Morning,2,4,2
5417,5,2024-12-07,Afternoon,2,3,3
5418,5,2024-12-07,Night,1,2,1
5419,5,2024-12-08,Morning,3,5,4
5420,5,2024-12-08,Afternoon,2,4,3
5421,5,2024-12-08,Night,1,3,1
5422,5,2024-12-09,Morning,3,4,3
5423,5,2024-12-09,Afternoon,2,4,2
5424,5,2024-12-09,Night,2,2,2
5425,5,2024-12-10,Morning,2,3,3
5426,5,2024-12-10,Afternoon,2,2,1
5427,5,2024-12-10,Night,1,2,1
5428,5,2024-12-11,Morning,2,4,2
5429,5,2024-12-11,Afternoon,2,3,2
5430,5,2024-12-11,Night,1,3,1
5431,5,2024-12-12,Morning,2,4,3
5432,5,2024-12-12,Afternoon,1,4,2
5433,5,2024-12-12,Night,1,2,1
5434,5,2024-12-13,Morning,2,4,3
5435,5,2024-12-13,Afternoon,2,3,1
5436,5,2024-12-13,Night,1,2,2
5437,5,2024-12-14,Morning,2,4,2
5438,5,2024-12-14,Afternoon,2,4,3
5439,5,2024-12-14,Night,1,4,2
5440,5,2024-12-15,Morning,2,4,3
5441,5,2024-12-15,Afternoon,2,5,3
5442,5,2024-12-15,Night,1,3,1
5443,5,2024-12-16,Morning,2,3,2
5444,5,2024-12-16,Afternoon,3,5,3
5445,5,2024-12-16,Night,2,3,2
5446,5,2024-12-17,Morning,2,3,3
5447,5,2024-12-17,Afternoon,2,3,3
5448,5,2024-12-17,Night,1,2,2
5449,5,2024-12-18,Morning,1,4,1
5450,5,2024-12-18,Afternoon,2,4,2
5451,5,2024-12-18,Night,1,2,2
5452,5,2024-12-19,Morning,2,3,1
5453,5,2024-12-19,Afternoon,2,4,3
5454,5,2024-12-19,Night,1,3,2
5455,5,2024-12-20,Morning,2,4,4
5456,5,2024-12-20,Afternoon,2,4,3
5457,5,2024-12-20,Night,2,3,2
5458,5,2024-12-21,Morning,2,5,3
5459,5,2024-12-21,Afternoon,2,4,3
5460,5,2024-12-21,Night,1,3,2
5461,5,2024-12-22,Morning,2,5,3
5462,5,2024-12-22,Afternoon,2,4,2
5463,5,2024-12-22,Night,1,3,1
5464,5,2024-12-23,Morning,2,4,3
5465,5,2024-12-23,Afternoon,2,4,2
5466,5,2024-12-23,Night,2,2,2
5467,5,2024-12-24,Morning,2,5,3
5468,5,2024-12-24,Afternoon,2,3,2
5469,5,2024-12-24,Night,2,3,2
5470,5,2024-12-25,Morning,2,3,2
5471,5,2024-12-25,Afternoon,2,5,3
5472,5,2024-12-25,Night,1,2,2
5473,5,2024-12-26,Morning,2,4,2
5474,5,2024-12-26,Afternoon,2,4,2
5475,5,2024-12-26,Night,1,3,2
5476,5,2024-12-27,Morning,2,4,2
5477,5,2024-12-27,Afternoon,2,4,2
5478,5,2024-12-27,Night,1,4,2
5479,5,2024-12-28,Morning,2,4,2
5480,5,2024-12-28,Afternoon,2,4,2
5481,5,2024-12-28,Night,1,3,2
5482,5,2024-12-29,Morning,2,4,2
5483,5,2024-12-29,Afternoon,2,4,3
5484,5,2024-12-29,Night,1,3,2
5485,5,2024-12-30,Morning,2,2,1
5486,5,2024-12-30,Afternoon,2,3,2
5487,5,2024-12-30,Night,1,2,2
5488,5,2024-12-31,Morning,2,3,1
5489,5,2024-12-31,Afternoon,2,4,2
5490,5,2024-12-31,Night,2,3,2
5491,6,2024-01-01,Morning,2,6,3
5492,6,2024-01-01,Afternoon,3,6,4
5493,6,2024-01-01,Night,2,5,4
5494,6,2024-01-02,Morning,3,6,4
5495,6,2024-01-02,Afternoon,3,5,2
5496,6,2024-01-02,Night,2,4,3
5497,6,2024-01-03,Morning,3,7,5
5498,6,2024-01-03,Afternoon,3,6,3
5499,6,2024-01-03,Night,2,4,2
5500,6,2024-01-04,Morning,3,6,3
5501,6,2024-01-04,Afternoon,4,6,5
5502,6,2024-01-04,Night,2,4,2
5503,6,2024-01-05,Morning,4,5,4
5504,6,2024-01-05,Afternoon,3,6,3
5505,6,2024-01-05,Night,2,4,2
5506,6,2024-01-06,Morning,3,6,3
5507,6,2024-01-06,Afternoon,4,6,5
5508,6,2024-01-06,Night,2,5,3
5509,6,2024-01-07,Morning,3,6,3
5510,6,2024-01-07,Afternoon,2,7,3
5511,6,2024-01-07,Night,1,5,2
5512,6,2024-01-08,Morning,4,5,3
5513,6,2024-01-08,Afternoon,3,5,2
5514,6,2024-01-08,Night,1,3,2
5515,6,2024-01-09,Morning,3,6,3
5516,6,2024-01-09,Afternoon,4,6,4
5517,6,2024-01-09,Night,2,5,3
5518,6,2024-01-10,Morning,3,6,5
5519,6,2024-01-10,Afternoon,3,6,3
5520,6,2024-01-10,Night,1,4,2
5521,6,2024-01-11,Morning,2,8,4
5522,6,2024-01-11,Afternoon,3,6,3
5523,6,2024-01-11,Night,2,4,3
5524,6,2024-01-12,Morning,4,6,4
5525,6,2024-01-12,Afternoon,3,6,4
5526,6,2024-01-12,Night,2,4,2
5527,6,2024-01-13,Morning,4,6,4
5528,6,2024-01-13,Afternoon,3,7,5
5529,6,2024-01-13,Night,1,4,2
5530,6,2024-01-14,Morning,3,6,4
5531,6,2024-01-14,Afternoon,3,6,3
5532,6,2024-01-14,Night,2,4,2
5533,6,2024-01-15,Morning,4,5,4
5534,6,2024-01-15,Afternoon,3,5,3
5535,6,2024-01-15,Night,2,4,2
5536,6,2024-01-16,Morning,3,6,4
5537,6,2024-01-16,Afternoon,3,7,4
5538,6,2024-01-16,Night,2,2,1
5539,6,2024-01-17,Morning,3,5,3
5540,6,2024-01-17,Afternoon,4,6,4
5541,6,2024-01-17,Night,2,4,3
5542,6,2024-01-18,Morning,3,6,3
5543,6,2024-01-18,Afternoon,3,5,3
5544,6,2024-01-18,Night,2,4,1
5545,6,2024-01-19,Morning,3,5,3
5546,6,2024-01-19,Afternoon,3,6,3
5547,6,2024-01-19,Night,2,3,2
5548,6,2024-01-20,Morning,3,6,4
5549,6,2024-01-20,Afternoon,3,7,3
5550,6,2024-01-20,Night,2,5,2
5551,6,2024-01-21,Morning,3,6,4
5552,6,2024-01-21,Afternoon,3,6,3
5553,6,2024-01-21,Night,2,4,3
5554,6,2024-01-22,Morning,3,6,3
5555,6,2024-01-22,Afternoon,4,5,4
5556,6,2024-01-22,Night,2,4,3
5557,6,2024-01-23,Morning,3,5,3
5558,6,2024-01-23,Afternoon,3,6,2
5559,6,2024-01-23,Night,1,4,2
5560,6,2024-01-24,Morning,4,6,4
5561,6,2024-01-24,Afternoon,3,6,4
5562,6,2024-01-24,Night,2,4,3
5563,6,2024-01-25,Morning,4,5,4
5564,6,2024-01-25,Afternoon,2,6,4
5565,6,2024-01-25,Night,2,3,1
5566,6,2024-01-26,Morning,2,7,4
5567,6,2024-01-26,Afternoon,3,5,3
5568,6,2024-01-26,Night,2,5,3
5569,6,2024-01-27,Morning,3,6,3
5570,6,2024-01-27,Afternoon,3,7,4
5571,6,2024-01-27,Night,2,4,2
5572,6,2024-01-28,Morning,4,7,4
5573,6,2024-01-28,Afternoon,3,7,5
5574,6,2024-01-28,Night,2,5,3
5575,6,2024-01-29,Morning,3,5,3
5576,6,2024-01-29,Afternoon,3,7,4
5577,6,2024-01-29,Night,2,4,3
5578,6,2024-01-30,Morning,2,5,3
5579,6,2024-01-30,Afternoon,3,5,4
5580,6,2024-01-30,Night,2,5,3
5581,6,2024-01-31,Morning,4,7,5
5582,6,2024-01-31,Afternoon,2,6,4
5583,6,2024-01-31,Night,2,4,2
5584,6,2024-02-01,Morning,2,7,3
5585,6,2024-02-01,Afternoon,3,6,4
5586,6,2024-02-01,Night,2,3,3
5587,6,2024-02-02,Morning,3,7,4
5588,6,2024-02-02,Afternoon,4,5,4
5589,6,2024-02-02,Night,1,4,2
5590,6,2024-02-03,Morning,3,7,3
5591,6,2024-02-03,Afternoon,2,7,4
5592,6,2024-02-03,Night,2,4,3
5593,6,2024-02-04,Morning,4,7,4
5594,6,2024-02-04,Afternoon,3,6,4
5595,6,2024-02-04,Night,2,5,3
5596,6,2024-02-05,Morning,2,5,3
5597,6,2024-02-05,Afternoon,3,6,3
5598,6,2024-02-05,Night,2,4,2
5599,6,2024-02-06,Morning,3,5,4
5600,6,2024-02-06,Afternoon,3,6,4
5601,6,2024-02-06,Night,1,4,2
5602,6,2024-02-07,Morning,2,7,4
5603,6,2024-02-07,Afternoon,3,7,4
5604,6,2024-02-07,Night,2,5,2
5605,6,2024-02-08,Morning,3,6,4
5606,6,2024-02-08,Afternoon,3,5,4
5607,6,2024-02-08,Night,1,4,3
5608,6,2024-02-09,Morning,3,6,3
5609,6,2024-02-09,Afternoon,3,6,4
5610,6,2024-02-09,Night,1,3,2
5611,6,2024-02-10,Morning,3,6,4
5612,6,2024-02-10,Afternoon,3,7,4
5613,6,2024-02-10,Night,2,5,4
5614,6,2024-02-11,Morning,2,5,3
5615,6,2024-02-11,Afternoon,4,6,5
5616,6,2024-02-11,Night,2,5,2
5617,6,2024-02-12,Morning,4,4,2
5618,6,2024-02-12,Afternoon,3,7,4
5619,6,2024-02-12,Night,2,4,2
5620,6,2024-02-13,Morning,4,7,4
5621,6,2024-02-13,Afternoon,4,6,3
5622,6,2024-02-13,Night,2,4,2
5623,6,2024-02-14,Morning,3,7,4
5624,6,2024-02-14,Afternoon,3,7,4
5625,6,2024-02-14,Night,2,3,2
5626,6,2024-02-15,Morning,3,6,4
5627,6,2024-02-15,Afternoon,3,7,4
5628,6,2024-02-15,Night,2,4,2
5629,6,2024-02-16,Morning,3,6,4
5630,6,2024-02-16,Afternoon,3,6,3
5631,6,2024-02-16,Night,2,4,2
5632,6,2024-02-17,Morning,3,7,4
5633,6,2024-02-17,Afternoon,3,7,4
5634,6,2024-02-17,Night,2,5,3
5635,6,2024-02-18,Morning,3,8,4
5636,6,2024-02-18,Afternoon,2,5,3
5637,6,2024-02-18,Night,2,4,2
5638,6,2024-02-19,Morning,3,6,4
5639,6,2024-02-19,Afternoon,4,6,3
5640,6,2024-02-19,Night,2,4,3
5641,6,2024-02-20,Morning,3,6,3
5642,6,2024-02-20,Afternoon,3,7,5
5643,6,2024-02-20,Night,2,4,2
5644,6,2024-02-21,Morning,3,6,4
5645,6,2024-02-21,Afternoon,3,6,4
5646,6,2024-02-21,Night,2,4,3
5647,6,2024-02-22,Morning,4,6,4
5648,6,2024-02-22,Afternoon,3,7,5
5649,6,2024-02-22,Night,2,3,2
5650,6,2024-02-23,Morning,3,6,3
5651,6,2024-02-23,Afternoon,4,6,4
5652,6,2024-02-23,Night,2,3,2
5653,6,2024-02-24,Morning,3,7,4
5654,6,2024-02-24,Afternoon,3,7,4
5655,6,2024-02-24,Night,2,5,2
5656,6,2024-02-25,Morning,3,6,3
5657,6,2024-02-25,Afternoon,2,7,4
5658,6,2024-02-25,Night,3,4,3
5659,6,2024-02-26,Morning,3,5,3
5660,6,2024-02-26,Afternoon,3,6,3
5661,6,2024-02-26,Night,2,5,3
5662,6,2024-02-27,Morning,3,7,4
5663,6,2024-02-27,Afternoon,4,5,3
5664,6,2024-02-27,Night,2,3,3
5665,6,2024-02-28,Morning,3,7,5
5666,6,2024-02-28,Afternoon,3,6,4
5667,6,2024-02-28,Night,1,4,2
5668,6,2024-02-29,Morning,3,6,4
5669,6,2024-02-29,Afternoon,3,6,4
5670,6,2024-02-29,Night,2,4,3
5671,6,2024-03-01,Morning,3,6,4
5672,6,2024-03-01,Afternoon,3,6,3
5673,6,2024-03-01,Night,2,2,2
5674,6,2024-03-02,Morning,3,6,5
5675,6,2024-03-02,Afternoon,3,7,4
5676,6,2024-03-02,Night,1,4,2
5677,6,2024-03-03,Morning,3,7,4
5678,6,2024-03-03,Afternoon,3,6,3
5679,6,2024-03-03,Night,1,4,3
5680,6,2024-03-04,Morning,3,4,2
5681,6,2024-03-04,Afternoon,3,6,3
5682,6,2024-03-04,Night,2,3,2
5683,6,2024-03-05,Morning,4,6,4
5684,6,2024-03-05,Afternoon,3,6,3
5685,6,2024-03-05,Night,3,4,3
5686,6,2024-03-06,Morning,3,6,2
5687,6,2024-03-06,Afternoon,4,6,4
5688,6,2024-03-06,Night,2,5,2
5689,6,2024-03-07,Morning,3,5,3
5690,6,2024-03-07,Afternoon,3,6,4
5691,6,2024-03-07,Night,2,4,2
5692,6,2024-03-08,Morning,3,6,3
5693,6,2024-03-08,Afternoon,3,7,5
5694,6,2024-03-08,Night,1,3,2
5695,6,2024-03-09,Morning,3,7,4
5696,6,2024-03-09,Afternoon,3,5,4
5697,6,2024-03-09,Night,1,4,3
5698,6,2024-03-10,Morning,4,6,4
5699,6,2024-03-10,Afternoon,3,6,3
5700,6,2024-03-10,Night,2,5,3
5701,6,2024-03-11,Morning,3,5,3
5702,6,2024-03-11,Afternoon,4,6,5
5703,6,2024-03-11,Night,1,4,3
5704,6,2024-03-12,Morning,3,6,4
5705,6,2024-03-12,Afternoon,3,6,3
5706,6,2024-03-12,Night,2,3,2
5707,6,2024-03-13,Morning,3,6,3
5708,6,2024-03-13,Afternoon,3,5,3
5709,6,2024-03-13,Night,3,4,3
5710,6,2024-03-14,Morning,3,6,4
5711,6,2024-03-14,Afternoon,3,6,4
5712,6,2024-03-14,Night,2,4,2
5713,6,2024-03-15,Morning,4,5,5
5714,6,2024-03-15,Afternoon,3,6,4
5715,6,2024-03-15,Night,2,3,2
5716,6,2024-03-16,Morning,3,8,5
5717,6,2024-03-16,Afternoon,4,6,4
5718,6,2024-03-16,Night,2,5,3
5719,6,2024-03-17,Morning,3,6,2
5720,6,2024-03-17,Afternoon,3,7,5
5721,6,2024-03-17,Night,2,4,3
5722,6,2024-03-18,Morning,3,4,3
5723,6,2024-03-18,Afternoon,3,7,4
5724,6,2024-03-18,Night,1,4,2
5725,6,2024-03-19,Morning,3,5,2
5726,6,2024-03-19,Afternoon,3,5,3
5727,6,2024-03-19,Night,2,4,2
5728,6,2024-03-20,Morning,3,6,4
5729,6,2024-03-20,Afternoon,3,5,3
5730,6,2024-03-20,Night,2,4,3
5731,6,2024-03-21,Morning,2,6,3
5732,6,2024-03-21,Afternoon,3,7,5
5733,6,2024-03-21,Night,2,5,3
5734,6,2024-03-22,Morning,3,5,3
5735,6,2024-03-22,Afternoon,3,6,4
5736,6,2024-03-22,Night,2,5,3
5737,6,2024-03-23,Morning,3,7,4
5738,6,2024-03-23,Afternoon,3,6,4
5739,6,2024-03-23,Night,2,4,2
5740,6,2024-03-24,Morning,3,6,3
5741,6,2024-03-24,Afternoon,4,6,5
5742,6,2024-03-24,Night,2,3,2
5743,6,2024-03-25,Morning,3,5,4
5744,6,2024-03-25,Afternoon,3,7,3
5745,6,2024-03-25,Night,2,3,3
5746,6,2024-03-26,Morning,3,6,3
5747,6,2024-03-26,Afternoon,3,6,4
5748,6,2024-03-26,Night,3,4,2
5749,6,2024-03-27,Morning,3,6,4
5750,6,2024-03-27,Afternoon,3,6,3
5751,6,2024-03-27,Night,2,4,2
5752,6,2024-03-28,Morning,3,6,4
5753,6,2024-03-28,Afternoon,3,6,4
5754,6,2024-03-28,Night,2,5,3
5755,6,2024-03-29,Morning,3,7,4
5756,6,2024-03-29,Afternoon,3,7,4
5757,6,2024-03-29,Night,2,3,2
5758,6,2024-03-30,Morning,3,7,4
5759,6,2024-03-30,Afternoon,3,6,3
5760,6,2024-03-30,Night,2,4,2
5761,6,2024-03-31,Morning,3,8,4
5762,6,2024-03-31,Afternoon,4,7,4
5763,6,2024-03-31,Night,2,4,2
5764,6,2024-04-01,Morning,2,4,2
5765,6,2024-04-01,Afternoon,4,7,4
5766,6,2024-04-01,Night,2,3,2
5767,6,2024-04-02,Morning,2,6,5
5768,6,2024-04-02,Afternoon,3,7,4
5769,6,2024-04-02,Night,2,4,2
5770,6,2024-04-03,Morning,3,6,4
5771,6,2024-04-03,Afternoon,3,6,4
5772,6,2024-04-03,Night,1,5,2
5773,6,2024-04-04,Morning,3,6,3
5774,6,2024-04-04,Afternoon,3,7,3
5775,6,2024-04-04,Night,2,4,2
5776,6,2024-04-05,Morning,3,6,4
5777,6,2024-04-05,Afternoon,3,5,3
5778,6,2024-04-05,Night,2,4,3
5779,6,2024-04-06,Morning,3,7,5
5780,6,2024-04-06,Afternoon,3,7,4
5781,6,2024-04-06,Night,1,4,2
5782,6,2024-04-07,Morning,3,7,4
5783,6,2024-04-07,Afternoon,2,6,4
5784,6,2024-04-07,Night,2,4,2
5785,6,2024-04-08,Morning,3,6,3
5786,6,2024-04-08,Afternoon,3,7,4
5787,6,2024-04-08,Night,1,4,1
5788,6,2024-04-09,Morning,3,6,4
5789,6,2024-04-09,Afternoon,3,6,3
5790,6,2024-04-09,Night,2,3,1
5791,6,2024-04-10,Morning,2,6,3
5792,6,2024-04-10,Afternoon,3,7,3
5793,6,2024-04-10,Night,3,4,4
5794,6,2024-04-11,Morning,2,6,3
5795,6,2024-04-11,Afternoon,3,7,5
5796,6,2024-04-11,Night,2,3,1
5797,6,2024-04-12,Morning,3,5,3
5798,6,2024-04-12,Afternoon,3,5,3
5799,6,2024-04-12,Night,2,4,3
5800,6,2024-04-13,Morning,4,6,4
5801,6,2024-04-13,Afternoon,3,7,4
5802,6,2024-04-13,Night,2,4,3
5803,6,2024-04-14,Morning,2,7,4
5804,6,2024-04-14,Afternoon,3,5,4
5805,6,2024-04-14,Night,1,3,2
5806,6,2024-04-15,Morning,3,6,3
5807,6,2024-04-15,Afternoon,3,5,3
5808,6,2024-04-15,Night,2,4,2
5809,6,2024-04-16,Morning,3,7,5
5810,6,2024-04-16,Afternoon,3,7,4
5811,6,2024-04-16,Night,2,4,2
5812,6,2024-04-17,Morning,3,7,4
5813,6,2024-04-17,Afternoon,3,6,5
5814,6,2024-04-17,Night,2,4,2
5815,6,2024-04-18,Morning,3,6,3
5816,6,2024-04-18,Afternoon,3,6,4
5817,6,2024-04-18,Night,2,4,2
5818,6,2024-04-19,Morning,3,6,3
5819,6,2024-04-19,Afternoon,3,6,3
5820,6,2024-04-19,Night,2,4,3
5821,6,2024-04-20,Morning,3,6,4
5822,6,2024-04-20,Afternoon,3,6,4
5823,6,2024-04-20,Night,2,5,4
5824,6,2024-04-21,Morning,2,6,4
5825,6,2024-04-21,Afternoon,3,7,4
5826,6,2024-04-21,Night,1,3,2
5827,6,2024-04-22,Morning,3,5,2
5828,6,2024-04-22,Afternoon,3,5,3
5829,6,2024-04-22,Night,2,4,2
5830,6,2024-04-23,Morning,3,6,4
5831,6,2024-04-23,Afternoon,3,7,3
5832,6,2024-04-23,Night,2,4,2
5833,6,2024-04-24,Morning,3,6,4
5834,6,2024-04-24,Afternoon,3,7,5
5835,6,2024-04-24,Night,2,5,2
5836,6,2024-04-25,Morning,3,6,4
5837,6,2024-04-25,Afternoon,3,5,4
5838,6,2024-04-25,Night,2,5,2
5839,6,2024-04-26,Morning,4,6,4
5840,6,2024-04-26,Afternoon,3,6,3
5841,6,2024-04-26,Night,2,4,3
5842,6,2024-04-27,Morning,3,7,4
5843,6,2024-04-27,Afternoon,3,6,4
5844,6,2024-04-27,Night,2,4,3
5845,6,2024-04-28,Morning,3,7,5
5846,6,2024-04-28,Afternoon,3,6,3
5847,6,2024-04-28,Night,2,4,2
5848,6,2024-04-29,Morning,3,5,3
5849,6,2024-04-29,Afternoon,3,7,5
5850,6,2024-04-29,Night,2,4,2
5851,6,2024-04-30,Morning,3,7,5
5852,6,2024-04-30,Afternoon,3,5,3
5853,6,2024-04-30,Night,3,3,3
5854,6,2024-05-01,Morning,3,5,4
5855,6,2024-05-01,Afternoon,4,6,5
5856,6,2024-05-01,Night,3,4,3
5857,6,2024-05-02,Morning,3,6,4
5858,6,2024-05-02,Afternoon,3,6,3
5859,6,2024-05-02,Night,2,4,2
5860,6,2024-05-03,Morning,3,7,5
5861,6,2024-05-03,Afternoon,4,6,4
5862,6,2024-05-03,Night,2,5,3
5863,6,2024-05-04,Morning,4,7,4
5864,6,2024-05-04,Afternoon,3,7,4
5865,6,2024-05-04,Night,1,4,2
5866,6,2024-05-05,Morning,3,7,4
5867,6,2024-05-05,Afternoon,3,6,4
5868,6,2024-05-05,Night,2,5,3
5869,6,2024-05-06,Morning,2,5,3
5870,6,2024-05-06,Afternoon,3,5,4
5871,6,2024-05-06,Night,2,4,3
5872,6,2024-05-07,Morning,3,5,2
5873,6,2024-05-07,Afternoon,4,6,5
5874,6,2024-05-07,Night,2,4,2
5875,6,2024-05-08,Morning,3,6,4
5876,6,2024-05-08,Afternoon,3,5,2
5877,6,2024-05-08,Night,2,4,2
5878,6,2024-05-09,Morning,3,6,4
5879,6,2024-05-09,Afternoon,3,7,4
5880,6,2024-05-09,Night,2,4,3
5881,6,2024-05-10,Morning,3,6,3
5882,6,2024-05-10,Afternoon,3,6,3
5883,6,2024-05-10,Night,2,4,2
5884,6,2024-05-11,Morning,3,5,3
5885,6,2024-05-11,Afternoon,3,6,3
5886,6,2024-05-11,Night,2,4,3
5887,6,2024-05-12,Morning,4,6,5
5888,6,2024-05-12,Afternoon,4,7,5
5889,6,2024-05-12,Night,2,3,3
5890,6,2024-05-13,Morning,3,6,4
5891,6,2024-05-13,Afternoon,4,6,3
5892,6,2024-05-13,Night,1,3,2
5893,6,2024-05-14,Morning,3,7,4
5894,6,2024-05-14,Afternoon,3,6,4
5895,6,2024-05-14,Night,1,4,2
5896,6,2024-05-15,Morning,3,6,4
5897,6,2024-05-15,Afternoon,3,6,4
5898,6,2024-05-15,Night,2,4,2
5899,6,2024-05-16,Morning,3,5,4
5900,6,2024-05-16,Afternoon,3,6,3
5901,6,2024-05-16,Night,3,3,2
5902,6,2024-05-17,Morning,3,5,3
5903,6,2024-05-17,Afternoon,4,6,4
5904,6,2024-05-17,Night,2,4,3
5905,6,2024-05-18,Morning,3,7,5
5906,6,2024-05-18,Afternoon,3,7,4
5907,6,2024-05-18,Night,2,4,2
5908,6,2024-05-19,Morning,3,6,3
5909,6,2024-05-19,Afternoon,3,6,4
5910,6,2024-05-19,Night,2,4,3
5911,6,2024-05-20,Morning,3,4,2
5912,6,2024-05-20,Afternoon,3,6,4
5913,6,2024-05-20,Night,2,4,2
5914,6,2024-05-21,Morning,3,7,4
5915,6,2024-05-21,Afternoon,3,6,5
5916,6,2024-05-21,Night,2,3,2
5917,6,2024-05-22,Morning,3,6,3
5918,6,2024-05-22,Afternoon,3,7,4
5919,6,2024-05-22,Night,2,4,3
5920,6,2024-05-23,Morning,3,6,3
5921,6,2024-05-23,Afternoon,3,6,4
5922,6,2024-05-23,Night,2,4,2
5923,6,2024-05-24,Morning,3,5,3
5924,6,2024-05-24,Afternoon,4,6,3
5925,6,2024-05-24,Night,2,4,3
5926,6,2024-05-25,Morning,3,5,3
5927,6,2024-05-25,Afternoon,3,5,3
5928,6,2024-05-25,Night,1,4,2
5929,6,2024-05-26,Morning,3,7,3
5930,6,2024-05-26,Afternoon,3,6,3
5931,6,2024-05-26,Night,2,4,2
5932,6,2024-05-27,Morning,2,4,2
5933,6,2024-05-27,Afternoon,3,6,3
5934,6,2024-05-27,Night,2,4,2
5935,6,2024-05-28,Morning,3,6,3
5936,6,2024-05-28,Afternoon,3,6,3
5937,6,2024-05-28,Night,2,4,3
5938,6,2024-05-29,Morning,3,6,4
5939,6,2024-05-29,Afternoon,3,5,4
5940,6,2024-05-29,Night,2,4,3
5941,6,2024-05-30,Morning,3,6,3
5942,6,2024-05-30,Afternoon,3,6,4
5943,6,2024-05-30,Night,2,4,3
5944,6,2024-05-31,Morning,3,7,3
5945,6,2024-05-31,Afternoon,3,6,4
5946,6,2024-05-31,Night,2,4,2
5947,6,2024-06-01,Morning,3,6,4
5948,6,2024-06-01,Afternoon,2,5,3
5949,6,2024-06-01,Night,3,5,3
5950,6,2024-06-02,Morning,3,6,4
5951,6,2024-06-02,Afternoon,4,7,4
5952,6,2024-06-02,Night,2,4,3
5953,6,2024-06-03,Morning,2,5,3
5954,6,2024-06-03,Afternoon,2,6,3
5955,6,2024-06-03,Night,3,4,2
5956,6,2024-06-04,Morning,3,6,4
5957,6,2024-06-04,Afternoon,3,5,3
5958,6,2024-06-04,Night,2,4,3
5959,6,2024-06-05,Morning,2,6,3
5960,6,2024-06-05,Afternoon,3,6,4
5961,6,2024-06-05,Night,1,5,2
5962,6,2024-06-06,Morning,2,7,4
5963,6,2024-06-06,Afternoon,3,7,4
5964,6,2024-06-06,Night,1,4,3
5965,6,2024-06-07,Morning,3,5,3
5966,6,2024-06-07,Afternoon,3,6,4
5967,6,2024-06-07,Night,2,5,2
5968,6,2024-06-08,Morning,3,7,4
5969,6,2024-06-08,Afternoon,3,6,3
5970,6,2024-06-08,Night,1,3,2
5971,6,2024-06-09,Morning,3,6,3
5972,6,2024-06-09,Afternoon,3,6,4
5973,6,2024-06-09,Night,2,4,3
5974,6,2024-06-10,Morning,3,5,4
5975,6,2024-06-10,Afternoon,3,7,4
5976,6,2024-06-10,Night,1,3,1
5977,6,2024-06-11,Morning,3,6,4
5978,6,2024-06-11,Afternoon,3,6,3
5979,6,2024-06-11,Night,1,4,2
5980,6,2024-06-12,Morning,2,7,5
5981,6,2024-06-12,Afternoon,3,6,4
5982,6,2024-06-12,Night,2,4,2
5983,6,2024-06-13,Morning,3,6,3
5984,6,2024-06-13,Afternoon,4,6,4
5985,6,2024-06-13,Night,3,5,5
5986,6,2024-06-14,Morning,4,7,5
5987,6,2024-06-14,Afternoon,3,6,4
5988,6,2024-06-14,Night,2,4,2
5989,6,2024-06-15,Morning,3,5,3
5990,6,2024-06-15,Afternoon,3,6,3
5991,6,2024-06-15,Night,2,5,3
5992,6,2024-06-16,Morning,3,6,4
5993,6,2024-06-16,Afternoon,3,6,4
5994,6,2024-06-16,Night,1,5,2
5995,6,2024-06-17,Morning,4,5,4
5996,6,2024-06-17,Afternoon,2,6,3
5997,6,2024-06-17,Night,2,3,3
5998,6,2024-06-18,Morning,3,5,4
5999,6,2024-06-18,Afternoon,3,5,3
6000,6,2024-06-18,Night,1,4,2
6001,6,2024-06-19,Morning,4,6,4
6002,6,2024-06-19,Afternoon,3,6,4
6003,6,2024-06-19,Night,2,4,2
6004,6,2024-06-20,Morning,3,6,4
6005,6,2024-06-20,Afternoon,2,7,3
6006,6,2024-06-20,Night,2,3,3
6007,6,2024-06-21,Morning,3,6,4
6008,6,2024-06-21,Afternoon,3,6,4
6009,6,2024-06-21,Night,2,2,1
6010,6,2024-06-22,Morning,4,6,4
6011,6,2024-06-22,Afternoon,2,7,3
6012,6,2024-06-22,Night,2,5,3
6013,6,2024-06-23,Morning,3,6,3
6014,6,2024-06-23,Afternoon,3,6,4
6015,6,2024-06-23,Night,2,4,2
6016,6,2024-06-24,Morning,3,6,3
6017,6,2024-06-24,Afternoon,3,5,3
6018,6,2024-06-24,Night,2,4,2
6019,6,2024-06-25,Morning,3,7,4
6020,6,2024-06-25,Afternoon,2,7,4
6021,6,2024-06-25,Night,2,4,2
6022,6,2024-06-26,Morning,3,6,4
6023,6,2024-06-26,Afternoon,3,7,4
6024,6,2024-06-26,Night,2,4,2
6025,6,2024-06-27,Morning,3,6,4
6026,6,2024-06-27,Afternoon,3,7,5
6027,6,2024-06-27,Night,2,5,3
6028,6,2024-06-28,Morning,3,6,4
6029,6,2024-06-28,Afternoon,2,7,4
6030,6,2024-06-28,Night,2,5,3
6031,6,2024-06-29,Morning,3,6,4
6032,6,2024-06-29,Afternoon,3,7,4
6033,6,2024-06-29,Night,2,5,2
6034,6,2024-06-30,Morning,4,7,4
6035,6,2024-06-30,Afternoon,3,7,4
6036,6,2024-06-30,Night,2,4,3
6037,6,2024-07-01,Morning,3,5,4
6038,6,2024-07-01,Afternoon,3,6,4
6039,6,2024-07-01,Night,2,3,3
6040,6,2024-07-02,Morning,3,6,4
6041,6,2024-07-02,Afternoon,3,6,4
6042,6,2024-07-02,Night,2,4,3
6043,6,2024-07-03,Morning,3,6,4
6044,6,2024-07-03,Afternoon,3,6,3
6045,6,2024-07-03,Night,1,4,2
6046,6,2024-07-04,Morning,3,6,3
6047,6,2024-07-04,Afternoon,3,5,4
6048,6,2024-07-04,Night,1,4,2
6049,6,2024-07-05,Morning,3,5,3
6050,6,2024-07-05,Afternoon,3,6,5
6051,6,2024-07-05,Night,2,3,2
6052,6,2024-07-06,Morning,2,6,3
6053,6,2024-07-06,Afternoon,3,7,4
6054,6,2024-07-06,Night,1,5,2
6055,6,2024-07-07,Morning,3,5,3
6056,6,2024-07-07,Afternoon,3,7,4
6057,6,2024-07-07,Night,2,3,3
6058,6,2024-07-08,Morning,2,5,2
6059,6,2024-07-08,Afternoon,2,5,3
6060,6,2024-07-08,Night,2,3,2
6061,6,2024-07-09,Morning,3,6,3
6062,6,2024-07-09,Afternoon,3,7,4
6063,6,2024-07-09,Night,2,4,3
6064,6,2024-07-10,Morning,3,4,2
6065,6,2024-07-10,Afternoon,3,6,3
6066,6,2024-07-10,Night,2,4,2
6067,6,2024-07-11,Morning,3,6,3
6068,6,2024-07-11,Afternoon,4,6,3
6069,6,2024-07-11,Night,2,4,3
6070,6,2024-07-12,Morning,3,6,3
6071,6,2024-07-12,Afternoon,3,6,3
6072,6,2024-07-12,Night,2,4,3
6073,6,2024-07-13,Morning,3,6,3
6074,6,2024-07-13,Afternoon,3,7,4
6075,6,2024-07-13,Night,2,4,3
6076,6,2024-07-14,Morning,3,7,4
6077,6,2024-07-14,Afternoon,3,6,3
6078,6,2024-07-14,Night,1,4,2
6079,6,2024-07-15,Morning,3,5,3
6080,6,2024-07-15,Afternoon,3,6,4
6081,6,2024-07-15,Night,2,4,2
6082,6,2024-07-16,Morning,3,5,3
6083,6,2024-07-16,Afternoon,3,6,4
6084,6,2024-07-16,Night,2,5,2
6085,6,2024-07-17,Morning,3,7,4
6086,6,2024-07-17,Afternoon,3,7,4
6087,6,2024-07-17,Night,2,3,2
6088,6,2024-07-18,Morning,3,6,4
6089,6,2024-07-18,Afternoon,3,6,4
6090,6,2024-07-18,Night,2,4,3
6091,6,2024-07-19,Morning,3,5,3
6092,6,2024-07-19,Afternoon,3,6,4
6093,6,2024-07-19,Night,1,4,2
6094,6,2024-07-20,Morning,2,7,3
6095,6,2024-07-20,Afternoon,3,7,4
6096,6,2024-07-20,Night,1,5,2
6097,6,2024-07-21,Morning,3,6,4
6098,6,2024-07-21,Afternoon,3,5,3
6099,6,2024-07-21,Night,2,5,3
6100,6,2024-07-22,Morning,3,4,3
6101,6,2024-07-22,Afternoon,3,6,3
6102,6,2024-07-22,Night,2,4,2
6103,6,2024-07-23,Morning,3,6,3
6104,6,2024-07-23,Afternoon,3,6,4
6105,6,2024-07-23,Night,1,5,3
6106,6,2024-07-24,Morning,3,7,4
6107,6,2024-07-24,Afternoon,3,6,3
6108,6,2024-07-24,Night,2,4,1
6109,6,2024-07-25,Morning,3,5,3
6110,6,2024-07-25,Afternoon,3,5,4
6111,6,2024-07-25,Night,1,4,2
6112,6,2024-07-26,Morning,3,7,4
6113,6,2024-07-26,Afternoon,3,7,3
6114,6,2024-07-26,Night,1,4,1
6115,6,2024-07-27,Morning,3,5,3
6116,6,2024-07-27,Afternoon,3,7,4
6117,6,2024-07-27,Night,2,4,2
6118,6,2024-07-28,Morning,3,6,4
6119,6,2024-07-28,Afternoon,3,6,4
6120,6,2024-07-28,Night,1,4,1
6121,6,2024-07-29,Morning,2,5,2
6122,6,2024-07-29,Afternoon,3,6,5
6123,6,2024-07-29,Night,3,4,3
6124,6,2024-07-30,Morning,3,7,3
6125,6,2024-07-30,Afternoon,3,6,3
6126,6,2024-07-30,Night,2,3,1
6127,6,2024-07-31,Morning,3,5,3
6128,6,2024-07-31,Afternoon,3,5,4
6129,6,2024-07-31,Night,2,4,2
6130,6,2024-08-01,Morning,3,6,4
6131,6,2024-08-01,Afternoon,3,6,4
6132,6,2024-08-01,Night,2,4,2
6133,6,2024-08-02,Morning,3,7,3
6134,6,2024-08-02,Afternoon,3,5,2
6135,6,2024-08-02,Night,3,4,3
6136,6,2024-08-03,Morning,4,7,5
6137,6,2024-08-03,Afternoon,3,6,4
6138,6,2024-08-03,Night,2,5,3
6139,6,2024-08-04,Morning,2,6,4
6140,6,2024-08-04,Afternoon,3,6,4
6141,6,2024-08-04,Night,2,3,3
6142,6,2024-08-05,Morning,3,5,4
6143,6,2024-08-05,Afternoon,2,6,3
6144,6,2024-08-05,Night,2,3,2
6145,6,2024-08-06,Morning,3,6,2
6146,6,2024-08-06,Afternoon,3,6,4
6147,6,2024-08-06,Night,2,4,2
6148,6,2024-08-07,Morning,3,6,3
6149,6,2024-08-07,Afternoon,3,7,3
6150,6,2024-08-07,Night,2,3,2
6151,6,2024-08-08,Morning,3,6,3
6152,6,2024-08-08,Afternoon,3,5,3
6153,6,2024-08-08,Night,1,4,3
6154,6,2024-08-09,Morning,3,6,4
6155,6,2024-08-09,Afternoon,3,5,4
6156,6,2024-08-09,Night,2,5,3
6157,6,2024-08-10,Morning,3,5,3
6158,6,2024-08-10,Afternoon,3,7,4
6159,6,2024-08-10,Night,2,4,3
6160,6,2024-08-11,Morning,2,5,3
6161,6,2024-08-11,Afternoon,3,5,3
6162,6,2024-08-11,Night,2,5,3
6163,6,2024-08-12,Morning,3,5,4
6164,6,2024-08-12,Afternoon,3,6,4
6165,6,2024-08-12,Night,2,4,2
6166,6,2024-08-13,Morning,3,6,3
6167,6,2024-08-13,Afternoon,3,6,4
6168,6,2024-08-13,Night,1,4,2
6169,6,2024-08-14,Morning,2,6,3
6170,6,2024-08-14,Afternoon,3,6,4
6171,6,2024-08-14,Night,1,4,2
6172,6,2024-08-15,Morning,2,7,3
6173,6,2024-08-15,Afternoon,3,5,3
6174,6,2024-08-15,Night,2,4,2
6175,6,2024-08-16,Morning,3,6,4
6176,6,2024-08-16,Afternoon,3,7,3
6177,6,2024-08-16,Night,2,4,2
6178,6,2024-08-17,Morning,2,7,4
6179,6,2024-08-17,Afternoon,3,6,4
6180,6,2024-08-17,Night,2,3,2
6181,6,2024-08-18,Morning,2,6,4
6182,6,2024-08-18,Afternoon,3,6,3
6183,6,2024-08-18,Night,1,4,2
6184,6,2024-08-19,Morning,3,5,3
6185,6,2024-08-19,Afternoon,3,7,4
6186,6,2024-08-19,Night,3,3,3
6187,6,2024-08-20,Morning,4,6,5
6188,6,2024-08-20,Afternoon,3,5,3
6189,6,2024-08-20,Night,2,3,2
6190,6,2024-08-21,Morning,3,5,4
6191,6,2024-08-21,Afternoon,3,6,3
6192,6,2024-08-21,Night,1,4,2
6193,6,2024-08-22,Morning,3,6,3
6194,6,2024-08-22,Afternoon,3,6,4
6195,6,2024-08-22,Night,1,4,2
6196,6,2024-08-23,Morning,3,6,3
6197,6,2024-08-23,Afternoon,3,7,4
6198,6,2024-08-23,Night,2,4,2
6199,6,2024-08-24,Morning,4,7,5
6200,6,2024-08-24,Afternoon,3,6,4
6201,6,2024-08-24,Night,2,5,3
6202,6,2024-08-25,Morning,3,7,4
6203,6,2024-08-25,Afternoon,3,6,3
6204,6,2024-08-25,Night,2,4,2
6205,6,2024-08-26,Morning,3,5,4
6206,6,2024-08-26,Afternoon,4,7,5
6207,6,2024-08-26,Night,1,3,2
6208,6,2024-08-27,Morning,4,7,5
6209,6,2024-08-27,Afternoon,3,5,3
6210,6,2024-08-27,Night,2,5,3
6211,6,2024-08-28,Morning,3,6,4
6212,6,2024-08-28,Afternoon,4,6,3
6213,6,2024-08-28,Night,2,4,2
6214,6,2024-08-29,Morning,2,5,3
6215,6,2024-08-29,Afternoon,3,6,3
6216,6,2024-08-29,Night,1,4,2
6217,6,2024-08-30,Morning,4,5,4
6218,6,2024-08-30,Afternoon,3,4,2
6219,6,2024-08-30,Night,2,4,2
6220,6,2024-08-31,Morning,3,6,4
6221,6,2024-08-31,Afternoon,3,7,4
6222,6,2024-08-31,Night,2,3,2
6223,6,2024-09-01,Morning,3,6,4
6224,6,2024-09-01,Afternoon,3,6,3
6225,6,2024-09-01,Night,2,5,4
6226,6,2024-09-02,Morning,3,6,3
6227,6,2024-09-02,Afternoon,3,6,4
6228,6,2024-09-02,Night,2,4,2
6229,6,2024-09-03,Morning,3,7,4
6230,6,2024-09-03,Afternoon,3,6,4
6231,6,2024-09-03,Night,2,4,3
6232,6,2024-09-04,Morning,3,6,3
6233,6,2024-09-04,Afternoon,3,5,3
6234,6,2024-09-04,Night,2,4,3
6235,6,2024-09-05,Morning,3,6,4
6236,6,2024-09-05,Afternoon,3,6,4
6237,6,2024-09-05,Night,2,4,2
6238,6,2024-09-06,Morning,4,7,4
6239,6,2024-09-06,Afternoon,2,6,4
6240,6,2024-09-06,Night,2,5,2
6241,6,2024-09-07,Morning,3,6,4
6242,6,2024-09-07,Afternoon,3,6,4
6243,6,2024-09-07,Night,2,4,2
6244,6,2024-09-08,Morning,3,7,5
6245,6,2024-09-08,Afternoon,4,6,3
6246,6,2024-09-08,Night,3,5,3
6247,6,2024-09-09,Morning,3,6,3
6248,6,2024-09-09,Afternoon,3,6,4
6249,6,2024-09-09,Night,3,4,3
6250,6,2024-09-10,Morning,4,5,3
6251,6,2024-09-10,Afternoon,3,6,4
6252,6,2024-09-10,Night,2,3,1
6253,6,2024-09-11,Morning,3,6,3
6254,6,2024-09-11,Afternoon,3,7,4
6255,6,2024-09-11,Night,1,3,1
6256,6,2024-09-12,Morning,3,7,3
6257,6,2024-09-12,Afternoon,2,6,3
6258,6,2024-09-12,Night,1,3,2
6259,6,2024-09-13,Morning,4,7,4
6260,6,2024-09-13,Afternoon,3,6,4
6261,6,2024-09-13,Night,2,3,2
6262,6,2024-09-14,Morning,2,5,3
6263,6,2024-09-14,Afternoon,3,6,4
6264,6,2024-09-14,Night,2,5,2
6265,6,2024-09-15,Morning,3,6,4
6266,6,2024-09-15,Afternoon,3,6,4
6267,6,2024-09-15,Night,2,4,2
6268,6,2024-09-16,Morning,3,5,3
6269,6,2024-09-16,Afternoon,4,6,3
6270,6,2024-09-16,Night,2,5,3
6271,6,2024-09-17,Morning,3,6,3
6272,6,2024-09-17,Afternoon,3,7,4
6273,6,2024-09-17,Night,2,5,2
6274,6,2024-09-18,Morning,4,5,3
6275,6,2024-09-18,Afternoon,3,7,4
6276,6,2024-09-18,Night,3,4,2
6277,6,2024-09-19,Morning,3,6,3
6278,6,2024-09-19,Afternoon,3,6,4
6279,6,2024-09-19,Night,1,4,2
6280,6,2024-09-20,Morning,3,6,5
6281,6,2024-09-20,Afternoon,3,7,4
6282,6,2024-09-20,Night,2,4,3
6283,6,2024-09-21,Morning,3,7,4
6284,6,2024-09-21,Afternoon,3,7,4
6285,6,2024-09-21,Night,2,4,2
6286,6,2024-09-22,Morning,2,6,3
6287,6,2024-09-22,Afternoon,4,7,4
6288,6,2024-09-22,Night,2,4,2
6289,6,2024-09-23,Morning,4,6,4
6290,6,2024-09-23,Afternoon,3,5,3
6291,6,2024-09-23,Night,2,4,2
6292,6,2024-09-24,Morning,4,5,4
6293,6,2024-09-24,Afternoon,3,6,3
6294,6,2024-09-24,Night,2,4,3
6295,6,2024-09-25,Morning,3,7,4
6296,6,2024-09-25,Afternoon,3,7,5
6297,6,2024-09-25,Night,1,4,2
6298,6,2024-09-26,Morning,3,5,3
6299,6,2024-09-26,Afternoon,3,6,4
6300,6,2024-09-26,Night,1,5,2
6301,6,2024-09-27,Morning,3,8,5
6302,6,2024-09-27,Afternoon,3,6,3
6303,6,2024-09-27,Night,2,3,2
6304,6,2024-09-28,Morning,4,6,4
6305,6,2024-09-28,Afternoon,3,6,4
6306,6,2024-09-28,Night,2,4,3
6307,6,2024-09-29,Morning,3,6,4
6308,6,2024-09-29,Afternoon,3,6,4
6309,6,2024-09-29,Night,2,4,2
6310,6,2024-09-30,Morning,3,4,3
6311,6,2024-09-30,Afternoon,3,5,4
6312,6,2024-09-30,Night,2,5,3
6313,6,2024-10-01,Morning,3,7,4
6314,6,2024-10-01,Afternoon,3,6,3
6315,6,2024-10-01,Night,2,4,3
6316,6,2024-10-02,Morning,3,6,4
6317,6,2024-10-02,Afternoon,3,6,4
6318,6,2024-10-02,Night,2,3,1
6319,6,2024-10-03,Morning,3,6,4
6320,6,2024-10-03,Afternoon,3,7,4
6321,6,2024-10-03,Night,2,4,3
6322,6,2024-10-04,Morning,3,7,4
6323,6,2024-10-04,Afternoon,3,6,4
6324,6,2024-10-04,Night,1,4,3
6325,6,2024-10-05,Morning,3,6,3
6326,6,2024-10-05,Afternoon,3,6,4
6327,6,2024-10-05,Night,2,4,2
6328,6,2024-10-06,Morning,2,7,3
6329,6,2024-10-06,Afternoon,3,7,4
6330,6,2024-10-06,Night,2,4,2
6331,6,2024-10-07,Morning,3,5,4
6332,6,2024-10-07,Afternoon,2,7,3
6333,6,2024-10-07,Night,2,5,2
6334,6,2024-10-08,Morning,4,6,4
6335,6,2024-10-08,Afternoon,3,7,4
6336,6,2024-10-08,Night,2,3,2
6337,6,2024-10-09,Morning,4,7,4
6338,6,2024-10-09,Afternoon,4,8,5
6339,6,2024-10-09,Night,1,3,1
6340,6,2024-10-10,Morning,4,5,4
6341,6,2024-10-10,Afternoon,3,6,3
6342,6,2024-10-10,Night,1,4,2
6343,6,2024-10-11,Morning,3,6,4
6344,6,2024-10-11,Afternoon,3,6,4
6345,6,2024-10-11,Night,2,4,2
6346,6,2024-10-12,Morning,4,7,4
6347,6,2024-10-12,Afternoon,3,7,5
6348,6,2024-10-12,Night,2,5,2
6349,6,2024-10-13,Morning,3,6,3
6350,6,2024-10-13,Afternoon,3,6,4
6351,6,2024-10-13,Night,2,4,3
6352,6,2024-10-14,Morning,3,5,3
6353,6,2024-10-14,Afternoon,3,6,3
6354,6,2024-10-14,Night,1,4,1
6355,6,2024-10-15,Morning,3,6,3
6356,6,2024-10-15,Afternoon,4,5,4
6357,6,2024-10-15,Night,2,3,2
6358,6,2024-10-16,Morning,3,6,3
6359,6,2024-10-16,Afternoon,3,7,4
6360,6,2024-10-16,Night,2,4,2
6361,6,2024-10-17,Morning,2,6,4
6362,6,2024-10-17,Afternoon,3,7,4
6363,6,2024-10-17,Night,2,5,2
6364,6,2024-10-18,Morning,3,6,3
6365,6,2024-10-18,Afternoon,3,6,3
6366,6,2024-10-18,Night,1,4,1
6367,6,2024-10-19,Morning,3,7,5
6368,6,2024-10-19,Afternoon,3,7,5
6369,6,2024-10-19,Night,2,5,2
6370,6,2024-10-20,Morning,3,7,4
6371,6,2024-10-20,Afternoon,3,6,3
6372,6,2024-10-20,Night,2,5,3
6373,6,2024-10-21,Morning,3,4,2
6374,6,2024-10-21,Afternoon,3,7,4
6375,6,2024-10-21,Night,2,5,3
6376,6,2024-10-22,Morning,2,6,4
6377,6,2024-10-22,Afternoon,3,7,2
6378,6,2024-10-22,Night,1,4,3
6379,6,2024-10-23,Morning,3,7,3
6380,6,2024-10-23,Afternoon,3,7,5
6381,6,2024-10-23,Night,2,4,2
6382,6,2024-10-24,Morning,3,7,5
6383,6,2024-10-24,Afternoon,3,6,4
6384,6,2024-10-24,Night,2,5,3
6385,6,2024-10-25,Morning,3,5,2
6386,6,2024-10-25,Afternoon,3,6,3
6387,6,2024-10-25,Night,3,4,3
6388,6,2024-10-26,Morning,4,7,5
6389,6,2024-10-26,Afternoon,3,6,4
6390,6,2024-10-26,Night,2,5,1
6391,6,2024-10-27,Morning,3,6,3
6392,6,2024-10-27,Afternoon,3,4,3
6393,6,2024-10-27,Night,1,4,2
6394,6,2024-10-28,Morning,3,5,4
6395,6,2024-10-28,Afternoon,3,6,3
6396,6,2024-10-28,Night,2,4,2
6397,6,2024-10-29,Morning,3,6,5
6398,6,2024-10-29,Afternoon,3,6,4
6399,6,2024-10-29,Night,2,4,2
6400,6,2024-10-30,Morning,3,6,3
6401,6,2024-10-30,Afternoon,3,6,3
6402,6,2024-10-30,Night,2,4,3
6403,6,2024-10-31,Morning,3,7,4
6404,6,2024-10-31,Afternoon,3,6,3
6405,6,2024-10-31,Night,2,4,3
6406,6,2024-11-01,Morning,3,5,3
6407,6,2024-11-01,Afternoon,3,6,4
6408,6,2024-11-01,Night,2,4,3
6409,6,2024-11-02,Morning,3,6,4
6410,6,2024-11-02,Afternoon,3,7,3
6411,6,2024-11-02,Night,2,4,3
6412,6,2024-11-03,Morning,2,7,3
6413,6,2024-11-03,Afternoon,3,5,2
6414,6,2024-11-03,Night,2,5,3
6415,6,2024-11-04,Morning,3,4,4
6416,6,2024-11-04,Afternoon,3,6,3
6417,6,2024-11-04,Night,2,3,1
6418,6,2024-11-05,Morning,3,7,4
6419,6,2024-11-05,Afternoon,2,6,4
6420,6,2024-11-05,Night,2,3,2
6421,6,2024-11-06,Morning,3,6,4
6422,6,2024-11-06,Afternoon,3,5,3
6423,6,2024-11-06,Night,2,4,3
6424,6,2024-11-07,Morning,2,5,3
6425,6,2024-11-07,Afternoon,3,6,4
6426,6,2024-11-07,Night,2,4,3
6427,6,2024-11-08,Morning,3,7,4
6428,6,2024-11-08,Afternoon,2,6,3
6429,6,2024-11-08,Night,2,5,3
6430,6,2024-11-09,Morning,3,7,5
6431,6,2024-11-09,Afternoon,3,7,3
6432,6,2024-11-09,Night,2,5,3
6433,6,2024-11-10,Morning,3,6,3
6434,6,2024-11-10,Afternoon,3,6,4
6435,6,2024-11-10,Night,2,3,2
6436,6,2024-11-11,Morning,3,5,3
6437,6,2024-11-11,Afternoon,3,7,3
6438,6,2024-11-11,Night,2,5,3
6439,6,2024-11-12,Morning,4,7,5
6440,6,2024-11-12,Afternoon,3,6,3
6441,6,2024-11-12,Night,2,3,3
6442,6,2024-11-13,Morning,3,6,4
6443,6,2024-11-13,Afternoon,2,6,4
6444,6,2024-11-13,Night,3,3,3
6445,6,2024-11-14,Morning,3,6,5
6446,6,2024-11-14,Afternoon,3,7,5
6447,6,2024-11-14,Night,2,4,2
6448,6,2024-11-15,Morning,3,5,3
6449,6,2024-11-15,Afternoon,2,6,4
6450,6,2024-11-15,Night,2,3,2
6451,6,2024-11-16,Morning,3,6,4
6452,6,2024-11-16,Afternoon,3,7,5
6453,6,2024-11-16,Night,2,4,2
6454,6,2024-11-17,Morning,3,6,4
6455,6,2024-11-17,Afternoon,3,6,3
6456,6,2024-11-17,Night,1,4,2
6457,6,2024-11-18,Morning,4,4,3
6458,6,2024-11-18,Afternoon,4,6,3
6459,6,2024-11-18,Night,3,4,3
6460,6,2024-11-19,Morning,3,7,5
6461,6,2024-11-19,Afternoon,3,7,4
6462,6,2024-11-19,Night,1,4,2
6463,6,2024-11-20,Morning,4,6,4
6464,6,2024-11-20,Afternoon,2,7,3
6465,6,2024-11-20,Night,2,4,2
6466,6,2024-11-21,Morning,3,5,3
6467,6,2024-11-21,Afternoon,4,5,3
6468,6,2024-11-21,Night,2,4,2
6469,6,2024-11-22,Morning,3,5,3
6470,6,2024-11-22,Afternoon,3,7,3
6471,6,2024-11-22,Night,2,4,2
6472,6,2024-11-23,Morning,3,6,4
6473,6,2024-11-23,Afternoon,3,7,5
6474,6,2024-11-23,Night,2,3,2
6475,6,2024-11-24,Morning,3,7,5
6476,6,2024-11-24,Afternoon,3,6,3
6477,6,2024-11-24,Night,1,4,3
6478,6,2024-11-25,Morning,4,6,5
6479,6,2024-11-25,Afternoon,3,6,2
6480,6,2024-11-25,Night,3,4,2
6481,6,2024-11-26,Morning,3,6,4
6482,6,2024-11-26,Afternoon,2,7,3
6483,6,2024-11-26,Night,2,5,3
6484,6,2024-11-27,Morning,2,7,4
6485,6,2024-11-27,Afternoon,3,6,2
6486,6,2024-11-27,Night,2,4,2
6487,6,2024-11-28,Morning,3,7,4
6488,6,2024-11-28,Afternoon,3,6,4
6489,6,2024-11-28,Night,1,4,2
6490,6,2024-11-29,Morning,3,6,4
6491,6,2024-11-29,Afternoon,3,5,4
6492,6,2024-11-29,Night,1,4,2
6493,6,2024-11-30,Morning,2,6,2
6494,6,2024-11-30,Afternoon,3,7,3
6495,6,2024-11-30,Night,2,4,2
6496,6,2024-12-01,Morning,4,7,5
6497,6,2024-12-01,Afternoon,3,7,4
6498,6,2024-12-01,Night,2,4,2
6499,6,2024-12-02,Morning,2,5,3
6500,6,2024-12-02,Afternoon,3,6,4
6501,6,2024-12-02,Night,2,3,2
6502,6,2024-12-03,Morning,3,7,4
6503,6,2024-12-03,Afternoon,3,6,4
6504,6,2024-12-03,Night,2,4,3
6505,6,2024-12-04,Morning,3,5,3
6506,6,2024-12-04,Afternoon,3,6,4
6507,6,2024-12-04,Night,2,3,2
6508,6,2024-12-05,Morning,3,5,3
6509,6,2024-12-05,Afternoon,3,5,2
6510,6,2024-12-05,Night,2,5,3
6511,6,2024-12-06,Morning,3,6,4
6512,6,2024-12-06,Afternoon,4,5,4
6513,6,2024-12-06,Night,2,4,1
6514,6,2024-12-07,Morning,3,6,4
6515,6,2024-12-07,Afternoon,3,7,5
6516,6,2024-12-07,Night,2,5,4
6517,6,2024-12-08,Morning,2,6,3
6518,6,2024-12-08,Afternoon,3,6,4
6519,6,2024-12-08,Night,2,4,2
6520,6,2024-12-09,Morning,2,4,2
6521,6,2024-12-09,Afternoon,3,5,4
6522,6,2024-12-09,Night,1,4,2
6523,6,2024-12-10,Morning,4,7,5
6524,6,2024-12-10,Afternoon,3,5,3
6525,6,2024-12-10,Night,2,4,2
6526,6,2024-12-11,Morning,3,6,4
6527,6,2024-12-11,Afternoon,3,7,4
6528,6,2024-12-11,Night,3,4,3
6529,6,2024-12-12,Morning,3,7,4
6530,6,2024-12-12,Afternoon,3,7,4
6531,6,2024-12-12,Night,2,4,1
6532,6,2024-12-13,Morning,3,5,2
6533,6,2024-12-13,Afternoon,3,5,3
6534,6,2024-12-13,Night,2,4,2
6535,6,2024-12-14,Morning,2,6,3
6536,6,2024-12-14,Afternoon,3,7,4
6537,6,2024-12-14,Night,2,4,2
6538,6,2024-12-15,Morning,3,7,4
6539,6,2024-12-15,Afternoon,3,6,3
6540,6,2024-12-15,Night,1,4,2
6541,6,2024-12-16,Morning,3,6,4
6542,6,2024-12-16,Afternoon,3,7,4
6543,6,2024-12-16,Night,2,4,2
6544,6,2024-12-17,Morning,3,6,3
6545,6,2024-12-17,Afternoon,3,5,4
6546,6,2024-12-17,Night,3,4,2
6547,6,2024-12-18,Morning,4,6,5
6548,6,2024-12-18,Afternoon,3,6,4
6549,6,2024-12-18,Night,2,5,2
6550,6,2024-12-19,Morning,2,6,4
6551,6,2024-12-19,Afternoon,4,6,4
6552,6,2024-12-19,Night,3,3,2
6553,6,2024-12-20,Morning,3,5,4
6554,6,2024-12-20,Afternoon,3,6,4
6555,6,2024-12-20,Night,2,3,3
6556,6,2024-12-21,Morning,3,6,3
6557,6,2024-12-21,Afternoon,2,7,4
6558,6,2024-12-21,Night,3,6,4
6559,6,2024-12-22,Morning,4,7,4
6560,6,2024-12-22,Afternoon,4,7,4
6561,6,2024-12-22,Night,2,4,2
6562,6,2024-12-23,Morning,3,5,3
6563,6,2024-12-23,Afternoon,3,7,4
6564,6,2024-12-23,Night,2,3,2
6565,6,2024-12-24,Morning,3,6,4
6566,6,2024-12-24,Afternoon,3,7,4
6567,6,2024-12-24,Night,2,5,3
6568,6,2024-12-25,Morning,3,6,3
6569,6,2024-12-25,Afternoon,3,7,5
6570,6,2024-12-25,Night,2,3,2
6571,6,2024-12-26,Morning,3,5,2
6572,6,2024-12-26,Afternoon,3,6,3
6573,6,2024-12-26,Night,2,3,2
6574,6,2024-12-27,Morning,4,6,3
6575,6,2024-12-27,Afternoon,3,6,3
6576,6,2024-12-27,Night,2,5,3
6577,6,2024-12-28,Morning,3,7,4
6578,6,2024-12-28,Afternoon,3,6,3
6579,6,2024-12-28,Night,2,3,2
6580,6,2024-12-29,Morning,3,7,4
6581,6,2024-12-29,Afternoon,3,7,4
6582,6,2024-12-29,Night,2,4,2
6583,6,2024-12-30,Morning,4,5,4
6584,6,2024-12-30,Afternoon,3,6,3
6585,6,2024-12-30,Night,2,5,4
6586,6,2024-12-31,Morning,3,7,5
6587,6,2024-12-31,Afternoon,3,6,4
6588,6,2024-12-31,Night,1,5,2
6589,7,2024-01-01,Morning,2,4,2
6590,7,2024-01-01,Afternoon,3,5,4
6591,7,2024-01-01,Night,1,3,2
6592,7,2024-01-02,Morning,2,5,4
6593,7,2024-01-02,Afternoon,2,6,3
6594,7,2024-01-02,Night,1,3,2
6595,7,2024-01-03,Morning,2,6,3
6596,7,2024-01-03,Afternoon,2,4,2
6597,7,2024-01-03,Night,1,2,1
6598,7,2024-01-04,Morning,2,5,2
6599,7,2024-01-04,Afternoon,2,5,2
6600,7,2024-01-04,Night,1,3,1
6601,7,2024-01-05,Morning,2,5,3
6602,7,2024-01-05,Afternoon,2,6,3
6603,7,2024-01-05,Night,1,4,2
6604,7,2024-01-06,Morning,2,5,3
6605,7,2024-01-06,Afternoon,3,5,4
6606,7,2024-01-06,Night,2,3,1
6607,7,2024-01-07,Morning,1,6,3
6608,7,2024-01-07,Afternoon,2,6,3
6609,7,2024-01-07,Night,1,2,1
6610,7,2024-01-08,Morning,2,3,1
6611,7,2024-01-08,Afternoon,2,5,4
6612,7,2024-01-08,Night,1,3,1
6613,7,2024-01-09,Morning,2,4,3
6614,7,2024-01-09,Afternoon,2,5,2
6615,7,2024-01-09,Night,1,4,2
6616,7,2024-01-10,Morning,1,5,3
6617,7,2024-01-10,Afternoon,3,5,3
6618,7,2024-01-10,Night,1,3,1
6619,7,2024-01-11,Morning,2,5,2
6620,7,2024-01-11,Afternoon,3,5,4
6621,7,2024-01-11,Night,2,3,2
6622,7,2024-01-12,Morning,2,6,4
6623,7,2024-01-12,Afternoon,1,6,4
6624,7,2024-01-12,Night,1,3,2
6625,7,2024-01-13,Morning,2,5,2
6626,7,2024-01-13,Afternoon,3,5,3
6627,7,2024-01-13,Night,1,3,1
6628,7,2024-01-14,Morning,2,5,3
6629,7,2024-01-14,Afternoon,2,5,3
6630,7,2024-01-14,Night,2,3,2
6631,7,2024-01-15,Morning,2,5,3
6632,7,2024-01-15,Afternoon,2,5,3
6633,7,2024-01-15,Night,1,4,2
6634,7,2024-01-16,Morning,2,7,4
6635,7,2024-01-16,Afternoon,2,5,3
6636,7,2024-01-16,Night,1,3,2
6637,7,2024-01-17,Morning,2,7,4
6638,7,2024-01-17,Afternoon,3,5,3
6639,7,2024-01-17,Night,1,3,2
6640,7,2024-01-18,Morning,2,6,4
6641,7,2024-01-18,Afternoon,2,5,3
6642,7,2024-01-18,Night,1,4,2
6643,7,2024-01-19,Morning,2,5,3
6644,7,2024-01-19,Afternoon,2,5,4
6645,7,2024-01-19,Night,1,3,2
6646,7,2024-01-20,Morning,2,5,2
6647,7,2024-01-20,Afternoon,3,7,4
6648,7,2024-01-20,Night,1,4,2
6649,7,2024-01-21,Morning,2,5,2
6650,7,2024-01-21,Afternoon,2,5,3
6651,7,2024-01-21,Night,1,3,2
6652,7,2024-01-22,Morning,3,5,3
6653,7,2024-01-22,Afternoon,2,5,2
6654,7,2024-01-22,Night,1,5,3
6655,7,2024-01-23,Morning,2,4,3
6656,7,2024-01-23,Afternoon,2,5,3
6657,7,2024-01-23,Night,1,3,2
6658,7,2024-01-24,Morning,1,4,2
6659,7,2024-01-24,Afternoon,3,5,4
6660,7,2024-01-24,Night,1,4,2
6661,7,2024-01-25,Morning,1,7,3
6662,7,2024-01-25,Afternoon,2,5,2
6663,7,2024-01-25,Night,1,4,2
6664,7,2024-01-26,Morning,3,5,3
6665,7,2024-01-26,Afternoon,2,5,2
6666,7,2024-01-26,Night,1,4,2
6667,7,2024-01-27,Morning,2,6,2
6668,7,2024-01-27,Afternoon,2,6,3
6669,7,2024-01-27,Night,2,3,2
6670,7,2024-01-28,Morning,2,5,2
6671,7,2024-01-28,Afternoon,1,6,3
6672,7,2024-01-28,Night,1,5,3
6673,7,2024-01-29,Morning,2,4,3
6674,7,2024-01-29,Afternoon,2,5,3
6675,7,2024-01-29,Night,1,5,3
6676,7,2024-01-30,Morning,2,5,3
6677,7,2024-01-30,Afternoon,2,4,3
6678,7,2024-01-30,Night,1,4,2
6679,7,2024-01-31,Morning,2,6,3
6680,7,2024-01-31,Afternoon,2,6,3
6681,7,2024-01-31,Night,2,3,3
6682,7,2024-02-01,Morning,2,5,3
6683,7,2024-02-01,Afternoon,2,5,3
6684,7,2024-02-01,Night,1,4,2
6685,7,2024-02-02,Morning,3,6,3
6686,7,2024-02-02,Afternoon,3,4,2
6687,7,2024-02-02,Night,1,2,1
6688,7,2024-02-03,Morning,2,5,3
6689,7,2024-02-03,Afternoon,3,5,3
6690,7,2024-02-03,Night,1,4,1
6691,7,2024-02-04,Morning,3,6,3
6692,7,2024-02-04,Afternoon,2,5,2
6693,7,2024-02-04,Night,1,4,1
6694,7,2024-02-05,Morning,1,3,2
6695,7,2024-02-05,Afternoon,2,5,2
6696,7,2024-02-05,Night,1,4,2
6697,7,2024-02-06,Morning,2,5,3
6698,7,2024-02-06,Afternoon,2,6,3
6699,7,2024-02-06,Night,1,4,2
6700,7,2024-02-07,Morning,2,5,4
6701,7,2024-02-07,Afternoon,3,5,3
6702,7,2024-02-07,Night,1,3,3
6703,7,2024-02-08,Morning,2,5,3
6704,7,2024-02-08,Afternoon,2,5,3
6705,7,2024-02-08,Night,1,4,2
6706,7,2024-02-09,Morning,2,5,3
6707,7,2024-02-09,Afternoon,1,4,2
6708,7,2024-02-09,Night,1,3,1
6709,7,2024-02-10,Morning,2,6,3
6710,7,2024-02-10,Afternoon,2,7,4
6711,7,2024-02-10,Night,1,3,2
6712,7,2024-02-11,Morning,2,5,2
6713,7,2024-02-11,Afternoon,2,6,4
6714,7,2024-02-11,Night,1,3,1
6715,7,2024-02-12,Morning,2,4,2
6716,7,2024-02-12,Afternoon,2,5,2
6717,7,2024-02-12,Night,2,2,1
6718,7,2024-02-13,Morning,1,5,3
6719,7,2024-02-13,Afternoon,2,5,3
6720,7,2024-02-13,Night,1,4,2
6721,7,2024-02-14,Morning,2,5,4
6722,7,2024-02-14,Afternoon,2,5,4
6723,7,2024-02-14,Night,1,4,1
6724,7,2024-02-15,Morning,3,5,3
6725,7,2024-02-15,Afternoon,3,6,4
6726,7,2024-02-15,Night,1,3,2
6727,7,2024-02-16,Morning,3,5,3
6728,7,2024-02-16,Afternoon,2,5,3
6729,7,2024-02-16,Night,1,3,1
6730,7,2024-02-17,Morning,2,5,2
6731,7,2024-02-17,Afternoon,2,6,3
6732,7,2024-02-17,Night,1,3,1
6733,7,2024-02-18,Morning,2,5,3
6734,7,2024-02-18,Afternoon,3,6,4
6735,7,2024-02-18,Night,2,3,2
6736,7,2024-02-19,Morning,2,4,2
6737,7,2024-02-19,Afternoon,2,4,2
6738,7,2024-02-19,Night,1,3,1
6739,7,2024-02-20,Morning,2,5,3
6740,7,2024-02-20,Afternoon,2,4,2
6741,7,2024-02-20,Night,1,4,2
6742,7,2024-02-21,Morning,2,6,3
6743,7,2024-02-21,Afternoon,2,4,3
6744,7,2024-02-21,Night,1,3,2
6745,7,2024-02-22,Morning,2,4,2
6746,7,2024-02-22,Afternoon,2,5,4
6747,7,2024-02-22,Night,1,3,2
6748,7,2024-02-23,Morning,2,5,3
6749,7,2024-02-23,Afternoon,3,6,4
6750,7,2024-02-23,Night,1,4,2
6751,7,2024-02-24,Morning,2,4,2
6752,7,2024-02-24,Afternoon,2,5,2
6753,7,2024-02-24,Night,2,3,2
6754,7,2024-02-25,Morning,2,6,3
6755,7,2024-02-25,Afternoon,2,4,1
6756,7,2024-02-25,Night,1,3,1
6757,7,2024-02-26,Morning,3,6,4
6758,7,2024-02-26,Afternoon,3,4,3
6759,7,2024-02-26,Night,1,3,2
6760,7,2024-02-27,Morning,2,5,3
6761,7,2024-02-27,Afternoon,2,4,2
6762,7,2024-02-27,Night,1,4,2
6763,7,2024-02-28,Morning,2,4,2
6764,7,2024-02-28,Afternoon,2,5,3
6765,7,2024-02-28,Night,1,2,1
6766,7,2024-02-29,Morning,2,5,3
6767,7,2024-02-29,Afternoon,3,5,3
6768,7,2024-02-29,Night,1,3,1
6769,7,2024-03-01,Morning,1,5,2
6770,7,2024-03-01,Afternoon,3,4,4
6771,7,2024-03-01,Night,1,3,2
6772,7,2024-03-02,Morning,2,5,2
6773,7,2024-03-02,Afternoon,2,5,2
6774,7,2024-03-02,Night,2,3,2
6775,7,2024-03-03,Morning,1,5,3
6776,7,2024-03-03,Afternoon,2,5,3
6777,7,2024-03-03,Night,1,3,3
6778,7,2024-03-04,Morning,2,5,4
6779,7,2024-03-04,Afternoon,3,5,3
6780,7,2024-03-04,Night,1,4,2
6781,7,2024-03-05,Morning,1,5,3
6782,7,2024-03-05,Afternoon,1,5,2
6783,7,2024-03-05,Night,2,3,2
6784,7,2024-03-06,Morning,2,6,3
6785,7,2024-03-06,Afternoon,2,5,3
6786,7,2024-03-06,Night,1,3,2
6787,7,2024-03-07,Morning,2,5,3
6788,7,2024-03-07,Afternoon,2,4,3
6789,7,2024-03-07,Night,1,4,3
6790,7,2024-03-08,Morning,2,6,3
6791,7,2024-03-08,Afternoon,1,4,2
6792,7,2024-03-08,Night,2,2,1
6793,7,2024-03-09,Morning,2,5,3
6794,7,2024-03-09,Afternoon,2,6,3
6795,7,2024-03-09,Night,1,3,2
6796,7,2024-03-10,Morning,2,7,3
6797,7,2024-03-10,Afternoon,2,6,4
6798,7,2024-03-10,Night,2,4,3
6799,7,2024-03-11,Morning,2,5,2
6800,7,2024-03-11,Afternoon,2,5,3
6801,7,2024-03-11,Night,2,3,2
6802,7,2024-03-12,Morning,2,5,2
6803,7,2024-03-12,Afternoon,1,4,2
6804,7,2024-03-12,Night,1,3,1
6805,7,2024-03-13,Morning,2,5,2
6806,7,2024-03-13,Afternoon,2,4,3
6807,7,2024-03-13,Night,1,3,2
6808,7,2024-03-14,Morning,2,6,3
6809,7,2024-03-14,Afternoon,2,5,2
6810,7,2024-03-14,Night,2,2,2
6811,7,2024-03-15,Morning,2,5,3
6812,7,2024-03-15,Afternoon,2,5,3
6813,7,2024-03-15,Night,2,5,3
6814,7,2024-03-16,Morning,2,6,3
6815,7,2024-03-16,Afternoon,2,5,3
6816,7,2024-03-16,Night,1,3,1
6817,7,2024-03-17,Morning,1,6,3
6818,7,2024-03-17,Afternoon,2,4,3
6819,7,2024-03-17,Night,1,4,3
6820,7,2024-03-18,Morning,2,5,3
6821,7,2024-03-18,Afternoon,2,5,2
6822,7,2024-03-18,Night,2,4,2
6823,7,2024-03-19,Morning,2,5,3
6824,7,2024-03-19,Afternoon,2,5,4
6825,7,2024-03-19,Night,2,3,2
6826,7,2024-03-20,Morning,3,4,3
6827,7,2024-03-20,Afternoon,2,5,2
6828,7,2024-03-20,Night,1,2,2
6829,7,2024-03-21,Morning,3,5,4
6830,7,2024-03-21,Afternoon,2,5,4
6831,7,2024-03-21,Night,1,3,2
6832,7,2024-03-22,Morning,2,4,3
6833,7,2024-03-22,Afternoon,2,5,3
6834,7,2024-03-22,Night,2,2,1
6835,7,2024-03-23,Morning,3,5,4
6836,7,2024-03-23,Afternoon,2,5,2
6837,7,2024-03-23,Night,2,3,2
6838,7,2024-03-24,Morning,2,5,3
6839,7,2024-03-24,Afternoon,1,6,2
6840,7,2024-03-24,Night,1,4,2
6841,7,2024-03-25,Morning,2,3,2
6842,7,2024-03-25,Afternoon,2,5,2
6843,7,2024-03-25,Night,1,3,1
6844,7,2024-03-26,Morning,2,5,3
6845,7,2024-03-26,Afternoon,2,4,3
6846,7,2024-03-26,Night,1,3,2
6847,7,2024-03-27,Morning,2,5,3
6848,7,2024-03-27,Afternoon,2,5,3
6849,7,2024-03-27,Night,1,3,2
6850,7,2024-03-28,Morning,2,6,3
6851,7,2024-03-28,Afternoon,1,5,3
6852,7,2024-03-28,Night,1,3,1
6853,7,2024-03-29,Morning,2,5,4
6854,7,2024-03-29,Afternoon,1,4,2
6855,7,2024-03-29,Night,1,3,2
6856,7,2024-03-30,Morning,2,5,2
6857,7,2024-03-30,Afternoon,2,4,2
6858,7,2024-03-30,Night,1,4,2
6859,7,2024-03-31,Morning,2,5,3
6860,7,2024-03-31,Afternoon,2,5,3
6861,7,2024-03-31,Night,2,3,2
6862,7,2024-04-01,Morning,2,4,3
6863,7,2024-04-01,Afternoon,2,5,4
6864,7,2024-04-01,Night,2,4,2
6865,7,2024-04-02,Morning,2,4,3
6866,7,2024-04-02,Afternoon,2,5,3
6867,7,2024-04-02,Night,2,4,2
6868,7,2024-04-03,Morning,2,5,3
6869,7,2024-04-03,Afternoon,2,5,3
6870,7,2024-04-03,Night,1,4,2
6871,7,2024-04-04,Morning,2,5,3
6872,7,2024-04-04,Afternoon,2,5,3
6873,7,2024-04-04,Night,2,3,2
6874,7,2024-04-05,Morning,2,5,3
6875,7,2024-04-05,Afternoon,2,5,2
6876,7,2024-04-05,Night,1,2,1
6877,7,2024-04-06,Morning,2,5,1
6878,7,2024-04-06,Afternoon,2,6,3
6879,7,2024-04-06,Night,1,3,2
6880,7,2024-04-07,Morning,1,5,3
6881,7,2024-04-07,Afternoon,2,6,3
6882,7,2024-04-07,Night,1,4,1
6883,7,2024-04-08,Morning,2,4,2
6884,7,2024-04-08,Afternoon,1,5,2
6885,7,2024-04-08,Night,1,3,2
6886,7,2024-04-09,Morning,2,6,4
6887,7,2024-04-09,Afternoon,2,5,3
6888,7,2024-04-09,Night,1,3,1
6889,7,2024-04-10,Morning,2,5,3
6890,7,2024-04-10,Afternoon,2,5,2
6891,7,2024-04-10,Night,2,3,1
6892,7,2024-04-11,Morning,2,5,2
6893,7,2024-04-11,Afternoon,1,5,2
6894,7,2024-04-11,Night,2,2,2
6895,7,2024-04-12,Morning,2,5,2
6896,7,2024-04-12,Afternoon,1,5,3
6897,7,2024-04-12,Night,1,4,2
6898,7,2024-04-13,Morning,2,5,3
6899,7,2024-04-13,Afternoon,2,5,2
6900,7,2024-04-13,Night,1,4,2
6901,7,2024-04-14,Morning,2,4,2
6902,7,2024-04-14,Afternoon,2,6,3
6903,7,2024-04-14,Night,1,3,1
6904,7,2024-04-15,Morning,2,4,2
6905,7,2024-04-15,Afternoon,2,4,2
6906,7,2024-04-15,Night,1,4,2
6907,7,2024-04-16,Morning,2,5,3
6908,7,2024-04-16,Afternoon,2,6,4
6909,7,2024-04-16,Night,1,3,1
6910,7,2024-04-17,Morning,2,5,2
6911,7,2024-04-17,Afternoon,2,5,3
6912,7,2024-04-17,Night,2,3,2
6913,7,2024-04-18,Morning,2,5,3
6914,7,2024-04-18,Afternoon,2,6,3
6915,7,2024-04-18,Night,1,4,1
6916,7,2024-04-19,Morning,3,5,4
6917,7,2024-04-19,Afternoon,1,5,2
6918,7,2024-04-19,Night,1,3,2
6919,7,2024-04-20,Morning,3,5,3
6920,7,2024-04-20,Afternoon,2,5,3
6921,7,2024-04-20,Night,1,4,2
6922,7,2024-04-21,Morning,2,5,3
6923,7,2024-04-21,Afternoon,2,5,3
6924,7,2024-04-21,Night,1,3,2
6925,7,2024-04-22,Morning,2,4,3
6926,7,2024-04-22,Afternoon,2,5,3
6927,7,2024-04-22,Night,1,4,2
6928,7,2024-04-23,Morning,1,5,2
6929,7,2024-04-23,Afternoon,2,5,3
6930,7,2024-04-23,Night,1,3,1
6931,7,2024-04-24,Morning,3,5,3
6932,7,2024-04-24,Afternoon,2,5,2
6933,7,2024-04-24,Night,2,3,2
6934,7,2024-04-25,Morning,2,4,3
6935,7,2024-04-25,Afternoon,2,5,3
6936,7,2024-04-25,Night,2,5,4
6937,7,2024-04-26,Morning,2,4,2
6938,7,2024-04-26,Afternoon,2,5,3
6939,7,2024-04-26,Night,1,3,2
6940,7,2024-04-27,Morning,2,6,3
6941,7,2024-04-27,Afternoon,2,5,3
6942,7,2024-04-27,Night,1,4,2
6943,7,2024-04-28,Morning,2,5,2
6944,7,2024-04-28,Afternoon,2,6,4
6945,7,2024-04-28,Night,2,3,2
6946,7,2024-04-29,Morning,2,5,3
6947,7,2024-04-29,Afternoon,1,5,3
6948,7,2024-04-29,Night,2,5,3
6949,7,2024-04-30,Morning,2,5,3
6950,7,2024-04-30,Afternoon,2,6,3
6951,7,2024-04-30,Night,1,3,1
6952,7,2024-05-01,Morning,2,5,2
6953,7,2024-05-01,Afternoon,2,4,3
6954,7,2024-05-01,Night,1,4,2
6955,7,2024-05-02,Morning,2,5,3
6956,7,2024-05-02,Afternoon,2,5,3
6957,7,2024-05-02,Night,1,4,3
6958,7,2024-05-03,Morning,2,6,3
6959,7,2024-05-03,Afternoon,2,4,3
6960,7,2024-05-03,Night,1,3,2
6961,7,2024-05-04,Morning,2,5,3
6962,7,2024-05-04,Afternoon,2,5,3
6963,7,2024-05-04,Night,1,3,1
6964,7,2024-05-05,Morning,2,6,3
6965,7,2024-05-05,Afternoon,2,5,3
6966,7,2024-05-05,Night,1,4,2
6967,7,2024-05-06,Morning,2,4,3
6968,7,2024-05-06,Afternoon,2,5,3
6969,7,2024-05-06,Night,1,4,2
6970,7,2024-05-07,Morning,2,5,3
6971,7,2024-05-07,Afternoon,3,6,4
6972,7,2024-05-07,Night,2,4,2
6973,7,2024-05-08,Morning,1,5,3
6974,7,2024-05-08,Afternoon,1,4,1
6975,7,2024-05-08,Night,1,2,1
6976,7,2024-05-09,Morning,2,4,2
6977,7,2024-05-09,Afternoon,2,4,2
6978,7,2024-05-09,Night,1,3,2
6979,7,2024-05-10,Morning,2,6,3
6980,7,2024-05-10,Afternoon,2,5,3
6981,7,2024-05-10,Night,2,4,2
6982,7,2024-05-11,Morning,3,5,3
6983,7,2024-05-11,Afternoon,2,6,4
6984,7,2024-05-11,Night,1,5,2
6985,7,2024-05-12,Morning,3,5,2
6986,7,2024-05-12,Afternoon,1,6,2
6987,7,2024-05-12,Night,1,4,2
6988,7,2024-05-13,Morning,1,4,2
6989,7,2024-05-13,Afternoon,1,5,2
6990,7,2024-05-13,Night,1,4,2
6991,7,2024-05-14,Morning,2,5,3
6992,7,2024-05-14,Afternoon,2,5,3
6993,7,2024-05-14,Night,1,3,2
6994,7,2024-05-15,Morning,2,5,3
6995,7,2024-05-15,Afternoon,1,6,4
6996,7,2024-05-15,Night,1,4,2
6997,7,2024-05-16,Morning,2,5,3
6998,7,2024-05-16,Afternoon,1,4,3
6999,7,2024-05-16,Night,1,3,2
7000,7,2024-05-17,Morning,2,5,3
7001,7,2024-05-17,Afternoon,2,5,3
7002,7,2024-05-17,Night,1,3,2
7003,7,2024-05-18,Morning,2,5,4
7004,7,2024-05-18,Afternoon,1,5,3
7005,7,2024-05-18,Night,1,3,2
7006,7,2024-05-19,Morning,1,5,3
7007,7,2024-05-19,Afternoon,2,4,1
7008,7,2024-05-19,Night,1,4,2
7009,7,2024-05-20,Morning,3,4,3
7010,7,2024-05-20,Afternoon,2,4,2
7011,7,2024-05-20,Night,1,2,1
7012,7,2024-05-21,Morning,2,6,3
7013,7,2024-05-21,Afternoon,1,5,2
7014,7,2024-05-21,Night,1,3,1
7015,7,2024-05-22,Morning,2,5,3
7016,7,2024-05-22,Afternoon,2,6,3
7017,7,2024-05-22,Night,2,4,3
7018,7,2024-05-23,Morning,1,5,2
7019,7,2024-05-23,Afternoon,3,5,3
7020,7,2024-05-23,Night,1,3,2
7021,7,2024-05-24,Morning,2,5,3
7022,7,2024-05-24,Afternoon,2,6,3
7023,7,2024-05-24,Night,1,4,3
7024,7,2024-05-25,Morning,3,6,4
7025,7,2024-05-25,Afternoon,2,4,3
7026,7,2024-05-25,Night,1,3,2
7027,7,2024-05-26,Morning,2,5,3
7028,7,2024-05-26,Afternoon,2,6,4
7029,7,2024-05-26,Night,2,3,2
7030,7,2024-05-27,Morning,1,5,3
7031,7,2024-05-27,Afternoon,2,5,3
7032,7,2024-05-27,Night,1,4,2
7033,7,2024-05-28,Morning,2,5,2
7034,7,2024-05-28,Afternoon,2,4,2
7035,7,2024-05-28,Night,1,4,1
7036,7,2024-05-29,Morning,2,5,2
7037,7,2024-05-29,Afternoon,2,4,3
7038,7,2024-05-29,Night,1,4,2
7039,7,2024-05-30,Morning,2,4,2
7040,7,2024-05-30,Afternoon,1,5,2
7041,7,2024-05-30,Night,2,3,2
7042,7,2024-05-31,Morning,2,5,3
7043,7,2024-05-31,Afternoon,1,5,2
7044,7,2024-05-31,Night,2,4,3
7045,7,2024-06-01,Morning,1,6,2
7046,7,2024-06-01,Afternoon,3,5,3
7047,7,2024-06-01,Night,1,4,2
7048,7,2024-06-02,Morning,2,5,1
7049,7,2024-06-02,Afternoon,2,6,2
7050,7,2024-06-02,Night,1,4,2
7051,7,2024-06-03,Morning,2,5,2
7052,7,2024-06-03,Afternoon,2,5,2
7053,7,2024-06-03,Night,2,3,2
7054,7,2024-06-04,Morning,2,5,1
7055,7,2024-06-04,Afternoon,2,6,4
7056,7,2024-06-04,Night,1,3,2
7057,7,2024-06-05,Morning,2,4,3
7058,7,2024-06-05,Afternoon,2,5,3
7059,7,2024-06-05,Night,1,3,2
7060,7,2024-06-06,Morning,3,4,2
7061,7,2024-06-06,Afternoon,2,6,4
7062,7,2024-06-06,Night,1,4,2
7063,7,2024-06-07,Morning,2,5,4
7064,7,2024-06-07,Afternoon,1,4,2
7065,7,2024-06-07,Night,1,3,1
7066,7,2024-06-08,Morning,1,6,3
7067,7,2024-06-08,Afternoon,2,6,3
7068,7,2024-06-08,Night,1,4,2
7069,7,2024-06-09,Morning,2,6,4
7070,7,2024-06-09,Afternoon,2,4,2
7071,7,2024-06-09,Night,1,4,2
7072,7,2024-06-10,Morning,2,4,2
7073,7,2024-06-10,Afternoon,3,6,4
7074,7,2024-06-10,Night,2,3,2
7075,7,2024-06-11,Morning,2,5,2
7076,7,2024-06-11,Afternoon,2,5,2
7077,7,2024-06-11,Night,1,3,2
7078,7,2024-06-12,Morning,2,5,2
7079,7,2024-06-12,Afternoon,2,4,3
7080,7,2024-06-12,Night,1,3,1
7081,7,2024-06-13,Morning,2,6,3
7082,7,2024-06-13,Afternoon,2,4,2
7083,7,2024-06-13,Night,1,3,2
7084,7,2024-06-14,Morning,2,5,4
7085,7,2024-06-14,Afternoon,1,5,2
7086,7,2024-06-14,Night,2,3,2
7087,7,2024-06-15,Morning,2,6,4
7088,7,2024-06-15,Afternoon,2,5,3
7089,7,2024-06-15,Night,1,4,2
7090,7,2024-06-16,Morning,1,6,3
7091,7,2024-06-16,Afternoon,2,5,3
7092,7,2024-06-16,Night,1,3,1
7093,7,2024-06-17,Morning,2,4,3
7094,7,2024-06-17,Afternoon,2,4,3
7095,7,2024-06-17,Night,2,2,2
7096,7,2024-06-18,Morning,2,5,2
7097,7,2024-06-18,Afternoon,3,5,4
7098,7,2024-06-18,Night,1,3,2
7099,7,2024-06-19,Morning,2,5,3
7100,7,2024-06-19,Afternoon,2,5,3
7101,7,2024-06-19,Night,1,3,1
7102,7,2024-06-20,Morning,2,5,3
7103,7,2024-06-20,Afternoon,2,5,3
7104,7,2024-06-20,Night,1,3,2
7105,7,2024-06-21,Morning,2,5,3
7106,7,2024-06-21,Afternoon,2,5,2
7107,7,2024-06-21,Night,2,4,3
7108,7,2024-06-22,Morning,3,6,4
7109,7,2024-06-22,Afternoon,2,5,2
7110,7,2024-06-22,Night,1,3,2
7111,7,2024-06-23,Morning,2,4,3
7112,7,2024-06-23,Afternoon,2,5,3
7113,7,2024-06-23,Night,2,4,2
7114,7,2024-06-24,Morning,2,4,3
7115,7,2024-06-24,Afternoon,3,5,2
7116,7,2024-06-24,Night,1,4,2
7117,7,2024-06-25,Morning,2,4,2
7118,7,2024-06-25,Afternoon,2,6,3
7119,7,2024-06-25,Night,1,2,2
7120,7,2024-06-26,Morning,2,5,3
7121,7,2024-06-26,Afternoon,2,6,2
7122,7,2024-06-26,Night,2,2,2
7123,7,2024-06-27,Morning,1,4,2
7124,7,2024-06-27,Afternoon,2,4,2
7125,7,2024-06-27,Night,2,3,3
7126,7,2024-06-28,Morning,2,5,3
7127,7,2024-06-28,Afternoon,2,6,4
7128,7,2024-06-28,Night,1,3,1
7129,7,2024-06-29,Morning,2,5,3
7130,7,2024-06-29,Afternoon,2,6,2
7131,7,2024-06-29,Night,1,3,2
7132,7,2024-06-30,Morning,3,5,3
7133,7,2024-06-30,Afternoon,2,5,2
7134,7,2024-06-30,Night,1,4,1
7135,7,2024-07-01,Morning,2,4,2
7136,7,2024-07-01,Afternoon,2,5,3
7137,7,2024-07-01,Night,1,3,2
7138,7,2024-07-02,Morning,2,6,3
7139,7,2024-07-02,Afternoon,3,5,3
7140,7,2024-07-02,Night,1,3,2
7141,7,2024-07-03,Morning,2,5,2
7142,7,2024-07-03,Afternoon,2,5,3
7143,7,2024-07-03,Night,1,4,1
7144,7,2024-07-04,Morning,1,5,3
7145,7,2024-07-04,Afternoon,2,5,3
7146,7,2024-07-04,Night,1,3,2
7147,7,2024-07-05,Morning,1,6,3
7148,7,2024-07-05,Afternoon,2,4,3
7149,7,2024-07-05,Night,1,5,2
7150,7,2024-07-06,Morning,2,5,2
7151,7,2024-07-06,Afternoon,2,5,3
7152,7,2024-07-06,Night,1,3,1
7153,7,2024-07-07,Morning,2,5,2
7154,7,2024-07-07,Afternoon,2,6,2
7155,7,2024-07-07,Night,1,4,1
7156,7,2024-07-08,Morning,2,4,3
7157,7,2024-07-08,Afternoon,2,5,3
7158,7,2024-07-08,Night,2,2,2
7159,7,2024-07-09,Morning,2,5,3
7160,7,2024-07-09,Afternoon,3,5,5
7161,7,2024-07-09,Night,1,3,1
7162,7,2024-07-10,Morning,2,4,2
7163,7,2024-07-10,Afternoon,2,6,3
7164,7,2024-07-10,Night,2,3,2
7165,7,2024-07-11,Morning,2,5,3
7166,7,2024-07-11,Afternoon,2,6,3
7167,7,2024-07-11,Night,2,4,3
7168,7,2024-07-12,Morning,2,7,4
7169,7,2024-07-12,Afternoon,2,5,3
7170,7,2024-07-12,Night,2,4,3
7171,7,2024-07-13,Morning,2,6,3
7172,7,2024-07-13,Afternoon,2,5,3
7173,7,2024-07-13,Night,2,3,3
7174,7,2024-07-14,Morning,2,5,3
7175,7,2024-07-14,Afternoon,2,5,3
7176,7,2024-07-14,Night,1,3,2
7177,7,2024-07-15,Morning,2,5,1
7178,7,2024-07-15,Afternoon,1,5,2
7179,7,2024-07-15,Night,1,4,2
7180,7,2024-07-16,Morning,2,5,2
7181,7,2024-07-16,Afternoon,2,6,4
7182,7,2024-07-16,Night,1,4,3
7183,7,2024-07-17,Morning,1,6,3
7184,7,2024-07-17,Afternoon,2,5,3
7185,7,2024-07-17,Night,2,3,3
7186,7,2024-07-18,Morning,2,6,3
7187,7,2024-07-18,Afternoon,3,5,3
7188,7,2024-07-18,Night,1,3,3
7189,7,2024-07-19,Morning,2,5,2
7190,7,2024-07-19,Afternoon,1,6,2
7191,7,2024-07-19,Night,1,3,1
7192,7,2024-07-20,Morning,2,6,3
7193,7,2024-07-20,Afternoon,2,6,3
7194,7,2024-07-20,Night,1,4,2
7195,7,2024-07-21,Morning,2,5,4
7196,7,2024-07-21,Afternoon,2,5,3
7197,7,2024-07-21,Night,1,4,2
7198,7,2024-07-22,Morning,2,5,3
7199,7,2024-07-22,Afternoon,2,4,3
7200,7,2024-07-22,Night,1,4,1
7201,7,2024-07-23,Morning,3,5,3
7202,7,2024-07-23,Afternoon,1,6,3
7203,7,2024-07-23,Night,2,3,2
7204,7,2024-07-24,Morning,2,6,3
7205,7,2024-07-24,Afternoon,2,5,3
7206,7,2024-07-24,Night,2,4,2
7207,7,2024-07-25,Morning,2,5,2
7208,7,2024-07-25,Afternoon,3,5,4
7209,7,2024-07-25,Night,1,4,2
7210,7,2024-07-26,Morning,2,5,3
7211,7,2024-07-26,Afternoon,3,6,4
7212,7,2024-07-26,Night,1,3,2
7213,7,2024-07-27,Morning,2,6,2
7214,7,2024-07-27,Afternoon,2,7,4
7215,7,2024-07-27,Night,1,3,2
7216,7,2024-07-28,Morning,2,6,3
7217,7,2024-07-28,Afternoon,3,5,4
7218,7,2024-07-28,Night,1,3,2
7219,7,2024-07-29,Morning,2,4,2
7220,7,2024-07-29,Afternoon,2,4,2
7221,7,2024-07-29,Night,1,5,2
7222,7,2024-07-30,Morning,2,4,2
7223,7,2024-07-30,Afternoon,2,6,2
7224,7,2024-07-30,Night,1,3,2
7225,7,2024-07-31,Morning,2,4,2
7226,7,2024-07-31,Afternoon,2,5,4
7227,7,2024-07-31,Night,1,3,2
7228,7,2024-08-01,Morning,2,5,2
7229,7,2024-08-01,Afternoon,2,5,3
7230,7,2024-08-01,Night,1,4,2
7231,7,2024-08-02,Morning,2,5,2
7232,7,2024-08-02,Afternoon,2,5,3
7233,7,2024-08-02,Night,1,4,2
7234,7,2024-08-03,Morning,2,5,3
7235,7,2024-08-03,Afternoon,2,5,2
7236,7,2024-08-03,Night,1,4,2
7237,7,2024-08-04,Morning,2,6,4
7238,7,2024-08-04,Afternoon,2,5,2
7239,7,2024-08-04,Night,1,3,1
7240,7,2024-08-05,Morning,2,4,3
7241,7,2024-08-05,Afternoon,2,5,4
7242,7,2024-08-05,Night,1,3,1
7243,7,2024-08-06,Morning,2,5,2
7244,7,2024-08-06,Afternoon,2,4,3
7245,7,2024-08-06,Night,1,4,2
7246,7,2024-08-07,Morning,1,5,2
7247,7,2024-08-07,Afternoon,2,5,4
7248,7,2024-08-07,Night,1,3,2
7249,7,2024-08-08,Morning,2,5,3
7250,7,2024-08-08,Afternoon,2,4,3
7251,7,2024-08-08,Night,1,4,3
7252,7,2024-08-09,Morning,2,5,3
7253,7,2024-08-09,Afternoon,2,4,3
7254,7,2024-08-09,Night,1,3,1
7255,7,2024-08-10,Morning,2,5,3
7256,7,2024-08-10,Afternoon,2,5,3
7257,7,2024-08-10,Night,1,4,3
7258,7,2024-08-11,Morning,1,5,3
7259,7,2024-08-11,Afternoon,2,5,2
7260,7,2024-08-11,Night,1,4,2
7261,7,2024-08-12,Morning,2,4,2
7262,7,2024-08-12,Afternoon,2,6,3
7263,7,2024-08-12,Night,1,4,1
7264,7,2024-08-13,Morning,2,6,4
7265,7,2024-08-13,Afternoon,2,6,2
7266,7,2024-08-13,Night,1,3,2
7267,7,2024-08-14,Morning,1,5,2
7268,7,2024-08-14,Afternoon,2,4,3
7269,7,2024-08-14,Night,1,3,2
7270,7,2024-08-15,Morning,2,6,4
7271,7,2024-08-15,Afternoon,1,4,1
7272,7,2024-08-15,Night,1,2,1
7273,7,2024-08-16,Morning,2,4,3
7274,7,2024-08-16,Afternoon,2,6,3
7275,7,2024-08-16,Night,1,3,1
7276,7,2024-08-17,Morning,1,5,2
7277,7,2024-08-17,Afternoon,3,5,4
7278,7,2024-08-17,Night,1,4,2
7279,7,2024-08-18,Morning,2,4,2
7280,7,2024-08-18,Afternoon,2,6,4
7281,7,2024-08-18,Night,1,4,2
7282,7,2024-08-19,Morning,2,4,3
7283,7,2024-08-19,Afternoon,2,5,3
7284,7,2024-08-19,Night,2,3,1
7285,7,2024-08-20,Morning,2,5,3
7286,7,2024-08-20,Afternoon,1,4,2
7287,7,2024-08-20,Night,1,3,1
7288,7,2024-08-21,Morning,2,6,3
7289,7,2024-08-21,Afternoon,2,4,2
7290,7,2024-08-21,Night,1,3,2
7291,7,2024-08-22,Morning,2,6,3
7292,7,2024-08-22,Afternoon,2,5,3
7293,7,2024-08-22,Night,1,3,2
7294,7,2024-08-23,Morning,2,4,2
7295,7,2024-08-23,Afternoon,1,6,4
7296,7,2024-08-23,Night,1,2,1
7297,7,2024-08-24,Morning,2,6,4
7298,7,2024-08-24,Afternoon,2,5,3
7299,7,2024-08-24,Night,1,3,2
7300,7,2024-08-25,Morning,2,5,2
7301,7,2024-08-25,Afternoon,2,5,3
7302,7,2024-08-25,Night,1,4,2
7303,7,2024-08-26,Morning,2,5,2
7304,7,2024-08-26,Afternoon,2,5,3
7305,7,2024-08-26,Night,1,3,1
7306,7,2024-08-27,Morning,2,5,3
7307,7,2024-08-27,Afternoon,2,4,3
7308,7,2024-08-27,Night,1,2,2
7309,7,2024-08-28,Morning,3,5,4
7310,7,2024-08-28,Afternoon,2,5,2
7311,7,2024-08-28,Night,1,3,2
7312,7,2024-08-29,Morning,2,6,4
7313,7,2024-08-29,Afternoon,2,6,3
7314,7,2024-08-29,Night,1,3,2
7315,7,2024-08-30,Morning,2,5,2
7316,7,2024-08-30,Afternoon,3,5,3
7317,7,2024-08-30,Night,1,4,2
7318,7,2024-08-31,Morning,2,5,2
7319,7,2024-08-31,Afternoon,3,6,4
7320,7,2024-08-31,Night,1,4,3
7321,7,2024-09-01,Morning,2,5,2
7322,7,2024-09-01,Afternoon,2,5,3
7323,7,2024-09-01,Night,1,4,1
7324,7,2024-09-02,Morning,2,5,3
7325,7,2024-09-02,Afternoon,2,4,2
7326,7,2024-09-02,Night,1,4,1
7327,7,2024-09-03,Morning,2,5,3
7328,7,2024-09-03,Afternoon,2,5,3
7329,7,2024-09-03,Night,1,4,1
7330,7,2024-09-04,Morning,2,5,3
7331,7,2024-09-04,Afternoon,2,4,3
7332,7,2024-09-04,Night,1,3,3
7333,7,2024-09-05,Morning,2,4,3
7334,7,2024-09-05,Afternoon,2,5,3
7335,7,2024-09-05,Night,1,3,1
7336,7,2024-09-06,Morning,2,5,3
7337,7,2024-09-06,Afternoon,2,4,2
7338,7,2024-09-06,Night,1,2,1
7339,7,2024-09-07,Morning,2,6,4
7340,7,2024-09-07,Afternoon,2,6,3
7341,7,2024-09-07,Night,1,4,2
7342,7,2024-09-08,Morning,2,5,3
7343,7,2024-09-08,Afternoon,2,4,2
7344,7,2024-09-08,Night,1,3,2
7345,7,2024-09-09,Morning,2,4,2
7346,7,2024-09-09,Afternoon,2,5,2
7347,7,2024-09-09,Night,2,3,2
7348,7,2024-09-10,Morning,2,5,3
7349,7,2024-09-10,Afternoon,2,6,4
7350,7,2024-09-10,Night,1,3,1
7351,7,2024-09-11,Morning,2,4,3
7352,7,2024-09-11,Afternoon,2,5,2
7353,7,2024-09-11,Night,1,3,1
7354,7,2024-09-12,Morning,2,6,3
7355,7,2024-09-12,Afternoon,2,5,3
7356,7,2024-09-12,Night,1,3,2
7357,7,2024-09-13,Morning,2,5,3
7358,7,2024-09-13,Afternoon,2,5,2
7359,7,2024-09-13,Night,1,4,2
7360,7,2024-09-14,Morning,2,4,2
7361,7,2024-09-14,Afternoon,3,5,3
7362,7,2024-09-14,Night,2,4,3
7363,7,2024-09-15,Morning,3,5,4
7364,7,2024-09-15,Afternoon,2,5,3
7365,7,2024-09-15,Night,1,3,2
7366,7,2024-09-16,Morning,2,5,3
7367,7,2024-09-16,Afternoon,3,5,3
7368,7,2024-09-16,Night,1,3,1
7369,7,2024-09-17,Morning,2,6,3
7370,7,2024-09-17,Afternoon,1,4,2
7371,7,2024-09-17,Night,1,3,2
7372,7,2024-09-18,Morning,2,4,2
7373,7,2024-09-18,Afternoon,2,4,3
7374,7,2024-09-18,Night,1,3,2
7375,7,2024-09-19,Morning,2,4,3
7376,7,2024-09-19,Afternoon,2,4,3
7377,7,2024-09-19,Night,1,3,1
7378,7,2024-09-20,Morning,2,5,2
7379,7,2024-09-20,Afternoon,2,5,3
7380,7,2024-09-20,Night,1,3,2
7381,7,2024-09-21,Morning,2,5,3
7382,7,2024-09-21,Afternoon,2,5,3
7383,7,2024-09-21,Night,2,4,3
7384,7,2024-09-22,Morning,3,5,3
7385,7,2024-09-22,Afternoon,2,5,2
7386,7,2024-09-22,Night,1,4,2
7387,7,2024-09-23,Morning,2,5,2
7388,7,2024-09-23,Afternoon,1,5,2
7389,7,2024-09-23,Night,1,4,2
7390,7,2024-09-24,Morning,2,5,3
7391,7,2024-09-24,Afternoon,2,6,3
7392,7,2024-09-24,Night,2,3,2
7393,7,2024-09-25,Morning,2,6,4
7394,7,2024-09-25,Afternoon,2,5,2
7395,7,2024-09-25,Night,1,3,2
7396,7,2024-09-26,Morning,2,4,3
7397,7,2024-09-26,Afternoon,2,5,2
7398,7,2024-09-26,Night,2,4,2
7399,7,2024-09-27,Morning,2,6,2
7400,7,2024-09-27,Afternoon,2,4,2
7401,7,2024-09-27,Night,1,4,2
7402,7,2024-09-28,Morning,2,5,3
7403,7,2024-09-28,Afternoon,2,5,3
7404,7,2024-09-28,Night,2,4,2
7405,7,2024-09-29,Morning,2,4,2
7406,7,2024-09-29,Afternoon,2,5,2
7407,7,2024-09-29,Night,1,3,2
7408,7,2024-09-30,Morning,2,4,2
7409,7,2024-09-30,Afternoon,2,6,2
7410,7,2024-09-30,Night,2,3,2
7411,7,2024-10-01,Morning,2,6,4
7412,7,2024-10-01,Afternoon,2,6,3
7413,7,2024-10-01,Night,2,3,2
7414,7,2024-10-02,Morning,2,6,3
7415,7,2024-10-02,Afternoon,2,5,2
7416,7,2024-10-02,Night,1,3,2
7417,7,2024-10-03,Morning,2,6,2
7418,7,2024-10-03,Afternoon,2,4,2
7419,7,2024-10-03,Night,2,4,3
7420,7,2024-10-04,Morning,2,5,2
7421,7,2024-10-04,Afternoon,2,6,2
7422,7,2024-10-04,Night,2,4,2
7423,7,2024-10-05,Morning,1,6,2
7424,7,2024-10-05,Afternoon,2,5,2
7425,7,2024-10-05,Night,1,3,1
7426,7,2024-10-06,Morning,2,5,3
7427,7,2024-10-06,Afternoon,2,5,3
7428,7,2024-10-06,Night,2,4,3
7429,7,2024-10-07,Morning,2,4,3
7430,7,2024-10-07,Afternoon,2,4,3
7431,7,2024-10-07,Night,1,3,2
7432,7,2024-10-08,Morning,2,4,2
7433,7,2024-10-08,Afternoon,2,5,3
7434,7,2024-10-08,Night,1,3,1
7435,7,2024-10-09,Morning,2,5,3
7436,7,2024-10-09,Afternoon,2,5,4
7437,7,2024-10-09,Night,1,3,1
7438,7,2024-10-10,Morning,1,4,2
7439,7,2024-10-10,Afternoon,2,4,2
7440,7,2024-10-10,Night,2,3,2
7441,7,2024-10-11,Morning,2,5,3
7442,7,2024-10-11,Afternoon,2,4,2
7443,7,2024-10-11,Night,2,3,2
7444,7,2024-10-12,Morning,2,5,3
7445,7,2024-10-12,Afternoon,2,5,3
7446,7,2024-10-12,Night,2,3,1
7447,7,2024-10-13,Morning,1,5,2
7448,7,2024-10-13,Afternoon,2,6,4
7449,7,2024-10-13,Night,1,3,2
7450,7,2024-10-14,Morning,2,5,3
7451,7,2024-10-14,Afternoon,3,4,3
7452,7,2024-10-14,Night,1,3,2
7453,7,2024-10-15,Morning,2,4,2
7454,7,2024-10-15,Afternoon,1,6,3
7455,7,2024-10-15,Night,1,4,2
7456,7,2024-10-16,Morning,2,4,3
7457,7,2024-10-16,Afternoon,2,5,3
7458,7,2024-10-16,Night,2,3,2
7459,7,2024-10-17,Morning,1,5,3
7460,7,2024-10-17,Afternoon,2,5,3
7461,7,2024-10-17,Night,1,3,2
7462,7,2024-10-18,Morning,2,5,3
7463,7,2024-10-18,Afternoon,2,6,4
7464,7,2024-10-18,Night,1,3,2
7465,7,2024-10-19,Morning,2,5,3
7466,7,2024-10-19,Afternoon,3,5,4
7467,7,2024-10-19,Night,2,3,2
7468,7,2024-10-20,Morning,2,5,3
7469,7,2024-10-20,Afternoon,2,5,3
7470,7,2024-10-20,Night,2,3,2
7471,7,2024-10-21,Morning,2,3,1
7472,7,2024-10-21,Afternoon,2,6,2
7473,7,2024-10-21,Night,1,3,2
7474,7,2024-10-22,Morning,2,4,2
7475,7,2024-10-22,Afternoon,2,5,3
7476,7,2024-10-22,Night,1,4,2
7477,7,2024-10-23,Morning,2,5,2
7478,7,2024-10-23,Afternoon,2,5,3
7479,7,2024-10-23,Night,1,3,2
7480,7,2024-10-24,Morning,2,5,2
7481,7,2024-10-24,Afternoon,2,5,3
7482,7,2024-10-24,Night,2,3,2
7483,7,2024-10-25,Morning,2,5,3
7484,7,2024-10-25,Afternoon,1,5,2
7485,7,2024-10-25,Night,1,3,2
7486,7,2024-10-26,Morning,2,5,3
7487,7,2024-10-26,Afternoon,3,4,3
7488,7,2024-10-26,Night,1,4,1
7489,7,2024-10-27,Morning,2,5,3
7490,7,2024-10-27,Afternoon,2,4,2
7491,7,2024-10-27,Night,1,4,2
7492,7,2024-10-28,Morning,2,3,3
7493,7,2024-10-28,Afternoon,2,5,3
7494,7,2024-10-28,Night,1,3,2
7495,7,2024-10-29,Morning,2,6,2
7496,7,2024-10-29,Afternoon,2,5,2
7497,7,2024-10-29,Night,1,3,1
7498,7,2024-10-30,Morning,2,5,3
7499,7,2024-10-30,Afternoon,2,5,3
7500,7,2024-10-30,Night,2,3,2
7501,7,2024-10-31,Morning,2,6,4
7502,7,2024-10-31,Afternoon,2,4,2
7503,7,2024-10-31,Night,1,4,1
7504,7,2024-11-01,Morning,3,3,2
7505,7,2024-11-01,Afternoon,2,3,2
7506,7,2024-11-01,Night,1,3,2
7507,7,2024-11-02,Morning,2,6,4
7508,7,2024-11-02,Afternoon,2,6,2
7509,7,2024-11-02,Night,1,3,2
7510,7,2024-11-03,Morning,2,6,3
7511,7,2024-11-03,Afternoon,2,5,4
7512,7,2024-11-03,Night,1,3,3
7513,7,2024-11-04,Morning,2,4,3
7514,7,2024-11-04,Afternoon,2,4,2
7515,7,2024-11-04,Night,1,3,2
7516,7,2024-11-05,Morning,2,5,3
7517,7,2024-11-05,Afternoon,2,5,3
7518,7,2024-11-05,Night,1,3,2
7519,7,2024-11-06,Morning,2,5,2
7520,7,2024-11-06,Afternoon,2,5,3
7521,7,2024-11-06,Night,1,3,2
7522,7,2024-11-07,Morning,2,5,2
7523,7,2024-11-07,Afternoon,2,6,3
7524,7,2024-11-07,Night,1,4,2
7525,7,2024-11-08,Morning,2,5,2
7526,7,2024-11-08,Afternoon,3,5,4
7527,7,2024-11-08,Night,2,2,1
7528,7,2024-11-09,Morning,2,5,3
7529,7,2024-11-09,Afternoon,2,5,3
7530,7,2024-11-09,Night,1,3,2
7531,7,2024-11-10,Morning,2,5,3
7532,7,2024-11-10,Afternoon,2,7,4
7533,7,2024-11-10,Night,1,4,2
7534,7,2024-11-11,Morning,2,2,2
7535,7,2024-11-11,Afternoon,2,5,3
7536,7,2024-11-11,Night,1,3,2
7537,7,2024-11-12,Morning,3,5,3
7538,7,2024-11-12,Afternoon,2,6,3
7539,7,2024-11-12,Night,1,3,2
7540,7,2024-11-13,Morning,2,5,3
7541,7,2024-11-13,Afternoon,2,4,2
7542,7,2024-11-13,Night,2,4,2
7543,7,2024-11-14,Morning,2,5,3
7544,7,2024-11-14,Afternoon,2,5,4
7545,7,2024-11-14,Night,1,3,1
7546,7,2024-11-15,Morning,2,5,2
7547,7,2024-11-15,Afternoon,2,5,3
7548,7,2024-11-15,Night,1,4,3
7549,7,2024-11-16,Morning,3,5,4
7550,7,2024-11-16,Afternoon,2,6,4
7551,7,2024-11-16,Night,1,4,1
7552,7,2024-11-17,Morning,2,5,3
7553,7,2024-11-17,Afternoon,2,6,3
7554,7,2024-11-17,Night,1,3,1
7555,7,2024-11-18,Morning,1,4,2
7556,7,2024-11-18,Afternoon,2,5,2
7557,7,2024-11-18,Night,1,4,3
7558,7,2024-11-19,Morning,1,5,3
7559,7,2024-11-19,Afternoon,2,5,3
7560,7,2024-11-19,Night,1,2,1
7561,7,2024-11-20,Morning,2,5,3
7562,7,2024-11-20,Afternoon,2,4,2
7563,7,2024-11-20,Night,1,3,2
7564,7,2024-11-21,Morning,2,5,3
7565,7,2024-11-21,Afternoon,2,5,2
7566,7,2024-11-21,Night,1,4,2
7567,7,2024-11-22,Morning,1,5,1
7568,7,2024-11-22,Afternoon,2,4,3
7569,7,2024-11-22,Night,1,3,1
7570,7,2024-11-23,Morning,1,6,4
7571,7,2024-11-23,Afternoon,3,6,4
7572,7,2024-11-23,Night,1,3,2
7573,7,2024-11-24,Morning,2,5,3
7574,7,2024-11-24,Afternoon,2,5,2
7575,7,2024-11-24,Night,2,3,3
7576,7,2024-11-25,Morning,2,4,2
7577,7,2024-11-25,Afternoon,3,6,3
7578,7,2024-11-25,Night,1,4,2
7579,7,2024-11-26,Morning,2,5,3
7580,7,2024-11-26,Afternoon,2,4,2
7581,7,2024-11-26,Night,1,2,1
7582,7,2024-11-27,Morning,2,5,2
7583,7,2024-11-27,Afternoon,2,6,3
7584,7,2024-11-27,Night,2,3,1
7585,7,2024-11-28,Morning,2,6,3
7586,7,2024-11-28,Afternoon,2,6,3
7587,7,2024-11-28,Night,2,3,2
7588,7,2024-11-29,Morning,2,5,3
7589,7,2024-11-29,Afternoon,2,5,2
7590,7,2024-11-29,Night,1,2,2
7591,7,2024-11-30,Morning,2,5,3
7592,7,2024-11-30,Afternoon,2,5,2
7593,7,2024-11-30,Night,1,3,1
7594,7,2024-12-01,Morning,2,4,2
7595,7,2024-12-01,Afternoon,2,5,3
7596,7,2024-12-01,Night,1,3,2
7597,7,2024-12-02,Morning,2,3,2
7598,7,2024-12-02,Afternoon,2,5,2
7599,7,2024-12-02,Night,1,4,2
7600,7,2024-12-03,Morning,2,5,2
7601,7,2024-12-03,Afternoon,3,5,3
7602,7,2024-12-03,Night,2,3,2
7603,7,2024-12-04,Morning,2,6,3
7604,7,2024-12-04,Afternoon,2,4,2
7605,7,2024-12-04,Night,1,4,2
7606,7,2024-12-05,Morning,3,5,4
7607,7,2024-12-05,Afternoon,2,6,3
7608,7,2024-12-05,Night,2,4,3
7609,7,2024-12-06,Morning,2,4,3
7610,7,2024-12-06,Afternoon,1,5,2
7611,7,2024-12-06,Night,1,3,1
7612,7,2024-12-07,Morning,2,6,3
7613,7,2024-12-07,Afternoon,2,5,3
7614,7,2024-12-07,Night,1,3,1
7615,7,2024-12-08,Morning,2,6,3
7616,7,2024-12-08,Afternoon,2,5,3
7617,7,2024-12-08,Night,1,3,2
7618,7,2024-12-09,Morning,3,4,3
7619,7,2024-12-09,Afternoon,2,5,4
7620,7,2024-12-09,Night,2,3,2
7621,7,2024-12-10,Morning,2,7,3
7622,7,2024-12-10,Afternoon,3,5,3
7623,7,2024-12-10,Night,1,3,1
7624,7,2024-12-11,Morning,2,5,4
7625,7,2024-12-11,Afternoon,2,4,3
7626,7,2024-12-11,Night,1,3,1
7627,7,2024-12-12,Morning,2,5,2
7628,7,2024-12-12,Afternoon,2,5,3
7629,7,2024-12-12,Night,1,3,2
7630,7,2024-12-13,Morning,2,4,2
7631,7,2024-12-13,Afternoon,2,4,2
7632,7,2024-12-13,Night,1,2,1
7633,7,2024-12-14,Morning,2,5,3
7634,7,2024-12-14,Afternoon,2,7,3
7635,7,2024-12-14,Night,1,3,2
7636,7,2024-12-15,Morning,2,5,2
7637,7,2024-12-15,Afternoon,2,5,3
7638,7,2024-12-15,Night,2,3,2
7639,7,2024-12-16,Morning,2,3,1
7640,7,2024-12-16,Afternoon,3,6,4
7641,7,2024-12-16,Night,1,3,1
7642,7,2024-12-17,Morning,3,5,4
7643,7,2024-12-17,Afternoon,2,6,3
7644,7,2024-12-17,Night,1,3,1
7645,7,2024-12-18,Morning,2,5,3
7646,7,2024-12-18,Afternoon,1,5,3
7647,7,2024-12-18,Night,1,2,2
7648,7,2024-12-19,Morning,1,5,2
7649,7,2024-12-19,Afternoon,2,5,2
7650,7,2024-12-19,Night,1,3,2
7651,7,2024-12-20,Morning,2,4,2
7652,7,2024-12-20,Afternoon,2,6,3
7653,7,2024-12-20,Night,2,3,2
7654,7,2024-12-21,Morning,2,5,2
7655,7,2024-12-21,Afternoon,2,6,3
7656,7,2024-12-21,Night,1,4,1
7657,7,2024-12-22,Morning,3,7,4
7658,7,2024-12-22,Afternoon,2,6,4
7659,7,2024-12-22,Night,1,3,3
7660,7,2024-12-23,Morning,2,3,2
7661,7,2024-12-23,Afternoon,2,5,3
7662,7,2024-12-23,Night,1,3,2
7663,7,2024-12-24,Morning,1,5,3
7664,7,2024-12-24,Afternoon,2,5,2
7665,7,2024-12-24,Night,2,3,2
7666,7,2024-12-25,Morning,1,5,3
7667,7,2024-12-25,Afternoon,2,6,3
7668,7,2024-12-25,Night,1,4,3
7669,7,2024-12-26,Morning,2,5,2
7670,7,2024-12-26,Afternoon,2,6,3
7671,7,2024-12-26,Night,1,3,2
7672,7,2024-12-27,Morning,2,5,4
7673,7,2024-12-27,Afternoon,2,6,5
7674,7,2024-12-27,Night,1,3,1
7675,7,2024-12-28,Morning,1,5,3
7676,7,2024-12-28,Afternoon,2,4,2
7677,7,2024-12-28,Night,1,3,2
7678,7,2024-12-29,Morning,2,6,3
7679,7,2024-12-29,Afternoon,2,6,2
7680,7,2024-12-29,Night,2,4,2
7681,7,2024-12-30,Morning,2,4,3
7682,7,2024-12-30,Afternoon,2,6,3
7683,7,2024-12-30,Night,2,2,1
7684,7,2024-12-31,Morning,2,5,3
7685,7,2024-12-31,Afternoon,2,5,2
7686,7,2024-12-31,Night,1,3,2
7687,8,2024-01-01,Morning,2,4,2
7688,8,2024-01-01,Afternoon,1,5,3
7689,8,2024-01-01,Night,2,3,3
7690,8,2024-01-02,Morning,2,3,2
7691,8,2024-01-02,Afternoon,2,4,2
7692,8,2024-01-02,Night,2,3,3
7693,8,2024-01-03,Morning,2,4,2
7694,8,2024-01-03,Afternoon,2,5,3
7695,8,2024-01-03,Night,1,3,2
7696,8,2024-01-04,Morning,3,5,3
7697,8,2024-01-04,Afternoon,2,5,3
7698,8,2024-01-04,Night,1,2,2
7699,8,2024-01-05,Morning,2,4,2
7700,8,2024-01-05,Afternoon,2,5,2
7701,8,2024-01-05,Night,1,3,1
7702,8,2024-01-06,Morning,2,5,4
7703,8,2024-01-06,Afternoon,2,5,3
7704,8,2024-01-06,Night,1,3,1
7705,8,2024-01-07,Morning,2,4,3
7706,8,2024-01-07,Afternoon,2,3,2
7707,8,2024-01-07,Night,1,2,2
7708,8,2024-01-08,Morning,2,4,3
7709,8,2024-01-08,Afternoon,2,4,2
7710,8,2024-01-08,Night,1,3,1
7711,8,2024-01-09,Morning,2,4,1
7712,8,2024-01-09,Afternoon,3,4,2
7713,8,2024-01-09,Night,1,3,2
7714,8,2024-01-10,Morning,2,5,3
7715,8,2024-01-10,Afternoon,2,5,3
7716,8,2024-01-10,Night,1,3,2
7717,8,2024-01-11,Morning,1,4,2
7718,8,2024-01-11,Afternoon,2,4,3
7719,8,2024-01-11,Night,1,3,1
7720,8,2024-01-12,Morning,2,4,2
7721,8,2024-01-12,Afternoon,2,4,3
7722,8,2024-01-12,Night,1,3,2
7723,8,2024-01-13,Morning,2,4,3
7724,8,2024-01-13,Afternoon,2,6,3
7725,8,2024-01-13,Night,1,2,1
7726,8,2024-01-14,Morning,2,5,3
7727,8,2024-01-14,Afternoon,2,4,2
7728,8,2024-01-14,Night,1,2,2
7729,8,2024-01-15,Morning,1,5,3
7730,8,2024-01-15,Afternoon,2,4,2
7731,8,2024-01-15,Night,1,3,2
7732,8,2024-01-16,Morning,1,4,2
7733,8,2024-01-16,Afternoon,2,3,1
7734,8,2024-01-16,Night,1,2,1
7735,8,2024-01-17,Morning,2,4,3
7736,8,2024-01-17,Afternoon,2,4,3
7737,8,2024-01-17,Night,1,3,2
7738,8,2024-01-18,Morning,2,4,2
7739,8,2024-01-18,Afternoon,1,4,2
7740,8,2024-01-18,Night,1,3,2
7741,8,2024-01-19,Morning,2,4,2
7742,8,2024-01-19,Afternoon,2,5,3
7743,8,2024-01-19,Night,1,3,1
7744,8,2024-01-20,Morning,3,4,3
7745,8,2024-01-20,Afternoon,2,4,2
7746,8,2024-01-20,Night,1,3,1
7747,8,2024-01-21,Morning,2,4,3
7748,8,2024-01-21,Afternoon,2,5,2
7749,8,2024-01-21,Night,2,3,2
7750,8,2024-01-22,Morning,2,4,3
7751,8,2024-01-22,Afternoon,2,4,2
7752,8,2024-01-22,Night,1,3,2
7753,8,2024-01-23,Morning,2,5,3
7754,8,2024-01-23,Afternoon,2,3,2
7755,8,2024-01-23,Night,1,3,2
7756,8,2024-01-24,Morning,2,3,2
7757,8,2024-01-24,Afternoon,2,4,3
7758,8,2024-01-24,Night,1,4,2
7759,8,2024-01-25,Morning,3,4,3
7760,8,2024-01-25,Afternoon,1,5,3
7761,8,2024-01-25,Night,1,2,1
7762,8,2024-01-26,Morning,2,4,2
7763,8,2024-01-26,Afternoon,2,4,3
7764,8,2024-01-26,Night,2,3,2
7765,8,2024-01-27,Morning,1,4,2
7766,8,2024-01-27,Afternoon,2,4,3
7767,8,2024-01-27,Night,2,4,2
7768,8,2024-01-28,Morning,2,3,2
7769,8,2024-01-28,Afternoon,2,3,2
7770,8,2024-01-28,Night,1,2,1
7771,8,2024-01-29,Morning,2,3,2
7772,8,2024-01-29,Afternoon,3,4,2
7773,8,2024-01-29,Night,1,2,2
7774,8,2024-01-30,Morning,3,4,3
7775,8,2024-01-30,Afternoon,2,3,2
7776,8,2024-01-30,Night,2,3,1
7777,8,2024-01-31,Morning,2,5,3
7778,8,2024-01-31,Afternoon,3,4,2
7779,8,2024-01-31,Night,2,3,2
7780,8,2024-02-01,Morning,2,4,2
7781,8,2024-02-01,Afternoon,2,4,2
7782,8,2024-02-01,Night,1,2,1
7783,8,2024-02-02,Morning,2,3,2
7784,8,2024-02-02,Afternoon,2,4,3
7785,8,2024-02-02,Night,2,3,3
7786,8,2024-02-03,Morning,2,4,3
7787,8,2024-02-03,Afternoon,2,4,3
7788,8,2024-02-03,Night,1,3,2
7789,8,2024-02-04,Morning,1,4,1
7790,8,2024-02-04,Afternoon,2,4,1
7791,8,2024-02-04,Night,2,3,2
7792,8,2024-02-05,Morning,2,3,2
7793,8,2024-02-05,Afternoon,2,3,2
7794,8,2024-02-05,Night,2,2,2
7795,8,2024-02-06,Morning,2,3,3
7796,8,2024-02-06,Afternoon,2,4,3
7797,8,2024-02-06,Night,1,3,2
7798,8,2024-02-07,Morning,3,4,3
7799,8,2024-02-07,Afternoon,2,5,3
7800,8,2024-02-07,Night,1,3,1
7801,8,2024-02-08,Morning,2,4,1
7802,8,2024-02-08,Afternoon,3,4,2
7803,8,2024-02-08,Night,1,3,1
7804,8,2024-02-09,Morning,3,4,2
7805,8,2024-02-09,Afternoon,1,3,2
7806,8,2024-02-09,Night,2,2,2
7807,8,2024-02-10,Morning,2,4,2
7808,8,2024-02-10,Afternoon,2,4,3
7809,8,2024-02-10,Night,1,2,1
7810,8,2024-02-11,Morning,2,4,4
7811,8,2024-02-11,Afternoon,2,4,2
7812,8,2024-02-11,Night,1,2,2
7813,8,2024-02-12,Morning,2,4,2
7814,8,2024-02-12,Afternoon,2,4,2
7815,8,2024-02-12,Night,1,3,2
7816,8,2024-02-13,Morning,2,4,2
7817,8,2024-02-13,Afternoon,3,4,2
7818,8,2024-02-13,Night,1,2,1
7819,8,2024-02-14,Morning,2,5,4
7820,8,2024-02-14,Afternoon,2,4,2
7821,8,2024-02-14,Night,1,4,1
7822,8,2024-02-15,Morning,2,5,3
7823,8,2024-02-15,Afternoon,2,5,3
7824,8,2024-02-15,Night,1,3,2
7825,8,2024-02-16,Morning,2,4,2
7826,8,2024-02-16,Afternoon,2,4,3
7827,8,2024-02-16,Night,2,3,3
7828,8,2024-02-17,Morning,2,4,3
7829,8,2024-02-17,Afternoon,3,4,2
7830,8,2024-02-17,Night,1,3,2
7831,8,2024-02-18,Morning,2,3,1
7832,8,2024-02-18,Afternoon,2,3,3
7833,8,2024-02-18,Night,2,2,2
7834,8,2024-02-19,Morning,3,3,2
7835,8,2024-02-19,Afternoon,1,4,1
7836,8,2024-02-19,Night,1,3,2
7837,8,2024-02-20,Morning,3,5,3
7838,8,2024-02-20,Afternoon,2,3,2
7839,8,2024-02-20,Night,1,3,1
7840,8,2024-02-21,Morning,2,3,1
7841,8,2024-02-21,Afternoon,2,4,2
7842,8,2024-02-21,Night,1,2,1
7843,8,2024-02-22,Morning,2,4,2
7844,8,2024-02-22,Afternoon,2,4,3
7845,8,2024-02-22,Night,1,3,1
7846,8,2024-02-23,Morning,2,4,2
7847,8,2024-02-23,Afternoon,2,4,2
7848,8,2024-02-23,Night,1,2,1
7849,8,2024-02-24,Morning,3,4,4
7850,8,2024-02-24,Afternoon,2,4,3
7851,8,2024-02-24,Night,1,3,2
7852,8,2024-02-25,Morning,2,5,4
7853,8,2024-02-25,Afternoon,2,5,2
7854,8,2024-02-25,Night,2,2,2
7855,8,2024-02-26,Morning,3,3,2
7856,8,2024-02-26,Afternoon,2,5,4
7857,8,2024-02-26,Night,1,3,2
7858,8,2024-02-27,Morning,2,4,2
7859,8,2024-02-27,Afternoon,2,4,2
7860,8,2024-02-27,Night,1,3,2
7861,8,2024-02-28,Morning,2,5,4
7862,8,2024-02-28,Afternoon,2,4,2
7863,8,2024-02-28,Night,2,2,1
7864,8,2024-02-29,Morning,2,3,1
7865,8,2024-02-29,Afternoon,2,3,2
7866,8,2024-02-29,Night,2,2,1
7867,8,2024-03-01,Morning,2,4,3
7868,8,2024-03-01,Afternoon,2,4,2
7869,8,2024-03-01,Night,1,2,2
7870,8,2024-03-02,Morning,2,5,3
7871,8,2024-03-02,Afternoon,2,4,3
7872,8,2024-03-02,Night,1,3,1
7873,8,2024-03-03,Morning,1,4,2
7874,8,2024-03-03,Afternoon,2,5,3
7875,8,2024-03-03,Night,1,4,1
7876,8,2024-03-04,Morning,2,3,2
7877,8,2024-03-04,Afternoon,2,4,3
7878,8,2024-03-04,Night,1,2,1
7879,8,2024-03-05,Morning,2,4,1
7880,8,2024-03-05,Afternoon,2,4,3
7881,8,2024-03-05,Night,1,3,2
7882,8,2024-03-06,Morning,2,5,3
7883,8,2024-03-06,Afternoon,2,5,2
7884,8,2024-03-06,Night,1,3,1
7885,8,2024-03-07,Morning,2,4,2
7886,8,2024-03-07,Afternoon,2,4,2
7887,8,2024-03-07,Night,1,3,2
7888,8,2024-03-08,Morning,2,3,3
7889,8,2024-03-08,Afternoon,2,3,1
7890,8,2024-03-08,Night,1,2,2
7891,8,2024-03-09,Morning,2,4,2
7892,8,2024-03-09,Afternoon,1,4,2
7893,8,2024-03-09,Night,1,3,2
7894,8,2024-03-10,Morning,2,5,3
7895,8,2024-03-10,Afternoon,2,4,2
7896,8,2024-03-10,Night,1,3,2
7897,8,2024-03-11,Morning,3,4,3
7898,8,2024-03-11,Afternoon,2,4,3
7899,8,2024-03-11,Night,1,2,1
7900,8,2024-03-12,Morning,3,4,2
7901,8,2024-03-12,Afternoon,2,4,3
7902,8,2024-03-12,Night,1,4,2
7903,8,2024-03-13,Morning,1,5,3
7904,8,2024-03-13,Afternoon,2,3,3
7905,8,2024-03-13,Night,2,3,3
7906,8,2024-03-14,Morning,1,3,2
7907,8,2024-03-14,Afternoon,2,5,3
7908,8,2024-03-14,Night,2,3,2
7909,8,2024-03-15,Morning,2,5,3
7910,8,2024-03-15,Afternoon,2,4,2
7911,8,2024-03-15,Night,1,4,2
7912,8,2024-03-16,Morning,2,5,3
7913,8,2024-03-16,Afternoon,2,4,3
7914,8,2024-03-16,Night,2,2,2
7915,8,2024-03-17,Morning,2,4,2
7916,8,2024-03-17,Afternoon,2,4,2
7917,8,2024-03-17,Night,2,2,2
7918,8,2024-03-18,Morning,2,3,2
7919,8,2024-03-18,Afternoon,2,4,2
7920,8,2024-03-18,Night,1,3,1
7921,8,2024-03-19,Morning,2,4,2
7922,8,2024-03-19,Afternoon,3,4,3
7923,8,2024-03-19,Night,1,4,3
7924,8,2024-03-20,Morning,2,4,3
7925,8,2024-03-20,Afternoon,2,4,3
7926,8,2024-03-20,Night,1,2,2
7927,8,2024-03-21,Morning,2,4,2
7928,8,2024-03-21,Afternoon,2,4,2
7929,8,2024-03-21,Night,2,2,2
7930,8,2024-03-22,Morning,3,4,3
7931,8,2024-03-22,Afternoon,2,5,3
7932,8,2024-03-22,Night,1,2,1
7933,8,2024-03-23,Morning,2,4,2
7934,8,2024-03-23,Afternoon,1,4,3
7935,8,2024-03-23,Night,1,3,2
7936,8,2024-03-24,Morning,2,4,2
7937,8,2024-03-24,Afternoon,3,4,3
7938,8,2024-03-24,Night,2,3,2
7939,8,2024-03-25,Morning,2,4,3
7940,8,2024-03-25,Afternoon,2,4,3
7941,8,2024-03-25,Night,1,4,2
7942,8,2024-03-26,Morning,2,4,3
7943,8,2024-03-26,Afternoon,2,6,4
7944,8,2024-03-26,Night,1,4,2
7945,8,2024-03-27,Morning,2,4,3
7946,8,2024-03-27,Afternoon,2,3,2
7947,8,2024-03-27,Night,2,2,2
7948,8,2024-03-28,Morning,2,4,2
7949,8,2024-03-28,Afternoon,2,4,2
7950,8,2024-03-28,Night,1,3,1
7951,8,2024-03-29,Morning,3,4,3
7952,8,2024-03-29,Afternoon,2,5,3
7953,8,2024-03-29,Night,1,3,2
7954,8,2024-03-30,Morning,2,5,3
7955,8,2024-03-30,Afternoon,2,4,3
7956,8,2024-03-30,Night,1,3,2
7957,8,2024-03-31,Morning,2,4,3
7958,8,2024-03-31,Afternoon,2,4,3
7959,8,2024-03-31,Night,1,2,2
7960,8,2024-04-01,Morning,2,4,2
7961,8,2024-04-01,Afternoon,2,5,3
7962,8,2024-04-01,Night,1,3,2
7963,8,2024-04-02,Morning,2,3,2
7964,8,2024-04-02,Afternoon,2,4,2
7965,8,2024-04-02,Night,1,3,2
7966,8,2024-04-03,Morning,2,4,2
7967,8,2024-04-03,Afternoon,1,4,2
7968,8,2024-04-03,Night,1,2,1
7969,8,2024-04-04,Morning,2,5,3
7970,8,2024-04-04,Afternoon,2,5,3
7971,8,2024-04-04,Night,1,2,2
7972,8,2024-04-05,Morning,2,4,2
7973,8,2024-04-05,Afternoon,2,5,2
7974,8,2024-04-05,Night,2,2,1
7975,8,2024-04-06,Morning,3,4,3
7976,8,2024-04-06,Afternoon,2,4,2
7977,8,2024-04-06,Night,1,3,2
7978,8,2024-04-07,Morning,1,3,2
7979,8,2024-04-07,Afternoon,2,6,3
7980,8,2024-04-07,Night,1,2,1
7981,8,2024-04-08,Morning,2,3,2
7982,8,2024-04-08,Afternoon,2,4,3
7983,8,2024-04-08,Night,1,2,1
7984,8,2024-04-09,Morning,2,4,3
7985,8,2024-04-09,Afternoon,2,4,3
7986,8,2024-04-09,Night,1,2,2
7987,8,2024-04-10,Morning,2,4,3
7988,8,2024-04-10,Afternoon,2,4,2
7989,8,2024-04-10,Night,2,3,2
7990,8,2024-04-11,Morning,2,3,1
7991,8,2024-04-11,Afternoon,2,4,3
7992,8,2024-04-11,Night,1,2,1
7993,8,2024-04-12,Morning,2,3,1
7994,8,2024-04-12,Afternoon,2,5,3
7995,8,2024-04-12,Night,1,3,1
7996,8,2024-04-13,Morning,2,4,2
7997,8,2024-04-13,Afternoon,1,4,1
7998,8,2024-04-13,Night,1,3,1
7999,8,2024-04-14,Morning,2,4,2
8000,8,2024-04-14,Afternoon,1,3,2
8001,8,2024-04-14,Night,2,2,1
8002,8,2024-04-15,Morning,2,4,2
8003,8,2024-04-15,Afternoon,2,4,2
8004,8,2024-04-15,Night,2,3,3
8005,8,2024-04-16,Morning,2,4,2
8006,8,2024-04-16,Afternoon,2,4,2
8007,8,2024-04-16,Night,1,2,1
8008,8,2024-04-17,Morning,2,4,3
8009,8,2024-04-17,Afternoon,2,5,3
8010,8,2024-04-17,Night,1,2,1
8011,8,2024-04-18,Morning,3,3,2
8012,8,2024-04-18,Afternoon,1,4,2
8013,8,2024-04-18,Night,2,2,2
8014,8,2024-04-19,Morning,2,4,3
8015,8,2024-04-19,Afternoon,2,4,2
8016,8,2024-04-19,Night,1,3,3
8017,8,2024-04-20,Morning,1,5,2
8018,8,2024-04-20,Afternoon,3,4,3
8019,8,2024-04-20,Night,1,3,1
8020,8,2024-04-21,Morning,2,5,2
8021,8,2024-04-21,Afternoon,2,4,2
8022,8,2024-04-21,Night,1,2,1
8023,8,2024-04-22,Morning,2,4,3
8024,8,2024-04-22,Afternoon,2,4,2
8025,8,2024-04-22,Night,1,2,1
8026,8,2024-04-23,Morning,2,4,3
8027,8,2024-04-23,Afternoon,2,5,2
8028,8,2024-04-23,Night,1,2,2
8029,8,2024-04-24,Morning,2,5,2
8030,8,2024-04-24,Afternoon,2,3,2
8031,8,2024-04-24,Night,1,3,2
8032,8,2024-04-25,Morning,2,3,2
8033,8,2024-04-25,Afternoon,1,4,2
8034,8,2024-04-25,Night,2,2,2
8035,8,2024-04-26,Morning,3,4,2
8036,8,2024-04-26,Afternoon,2,5,3
8037,8,2024-04-26,Night,1,3,1
8038,8,2024-04-27,Morning,2,4,3
8039,8,2024-04-27,Afternoon,2,4,3
8040,8,2024-04-27,Night,1,3,2
8041,8,2024-04-28,Morning,2,5,2
8042,8,2024-04-28,Afternoon,3,3,1
8043,8,2024-04-28,Night,1,3,2
8044,8,2024-04-29,Morning,2,3,2
8045,8,2024-04-29,Afternoon,2,6,4
8046,8,2024-04-29,Night,2,2,2
8047,8,2024-04-30,Morning,2,4,3
8048,8,2024-04-30,Afternoon,2,4,2
8049,8,2024-04-30,Night,1,3,1
8050,8,2024-05-01,Morning,2,4,3
8051,8,2024-05-01,Afternoon,2,4,2
8052,8,2024-05-01,Night,1,4,3
8053,8,2024-05-02,Morning,2,6,4
8054,8,2024-05-02,Afternoon,3,4,2
8055,8,2024-05-02,Night,1,3,2
8056,8,2024-05-03,Morning,2,3,2
8057,8,2024-05-03,Afternoon,1,4,2
8058,8,2024-05-03,Night,1,3,2
8059,8,2024-05-04,Morning,2,4,2
8060,8,2024-05-04,Afternoon,2,5,3
8061,8,2024-05-04,Night,1,2,1
8062,8,2024-05-05,Morning,2,3,1
8063,8,2024-05-05,Afternoon,1,5,2
8064,8,2024-05-05,Night,1,3,1
8065,8,2024-05-06,Morning,2,4,2
8066,8,2024-05-06,Afternoon,2,3,2
8067,8,2024-05-06,Night,1,3,1
8068,8,2024-05-07,Morning,2,3,2
8069,8,2024-05-07,Afternoon,2,4,3
8070,8,2024-05-07,Night,1,3,1
8071,8,2024-05-08,Morning,2,4,3
8072,8,2024-05-08,Afternoon,3,3,3
8073,8,2024-05-08,Night,1,2,2
8074,8,2024-05-09,Morning,2,4,2
8075,8,2024-05-09,Afternoon,2,4,2
8076,8,2024-05-09,Night,2,2,2
8077,8,2024-05-10,Morning,3,5,3
8078,8,2024-05-10,Afternoon,2,3,3
8079,8,2024-05-10,Night,2,3,2
8080,8,2024-05-11,Morning,2,4,1
8081,8,2024-05-11,Afternoon,2,4,3
8082,8,2024-05-11,Night,1,2,1
8083,8,2024-05-12,Morning,2,4,3
8084,8,2024-05-12,Afternoon,2,5,4
8085,8,2024-05-12,Night,1,4,2
8086,8,2024-05-13,Morning,2,3,2
8087,8,2024-05-13,Afternoon,2,5,3
8088,8,2024-05-13,Night,1,2,1
8089,8,2024-05-14,Morning,2,5,3
8090,8,2024-05-14,Afternoon,2,4,3
8091,8,2024-05-14,Night,1,3,1
8092,8,2024-05-15,Morning,2,4,3
8093,8,2024-05-15,Afternoon,3,4,2
8094,8,2024-05-15,Night,1,2,1
8095,8,2024-05-16,Morning,1,5,2
8096,8,2024-05-16,Afternoon,2,5,3
8097,8,2024-05-16,Night,1,4,3
8098,8,2024-05-17,Morning,2,5,3
8099,8,2024-05-17,Afternoon,2,5,3
8100,8,2024-05-17,Night,2,2,1
8101,8,2024-05-18,Morning,2,5,4
8102,8,2024-05-18,Afternoon,2,4,3
8103,8,2024-05-18,Night,1,2,2
8104,8,2024-05-19,Morning,2,3,3
8105,8,2024-05-19,Afternoon,2,4,2
8106,8,2024-05-19,Night,1,2,1
8107,8,2024-05-20,Morning,2,3,3
8108,8,2024-05-20,Afternoon,3,4,4
8109,8,2024-05-20,Night,1,2,1
8110,8,2024-05-21,Morning,2,3,1
8111,8,2024-05-21,Afternoon,1,4,2
8112,8,2024-05-21,Night,1,2,1
8113,8,2024-05-22,Morning,2,4,2
8114,8,2024-05-22,Afternoon,2,4,3
8115,8,2024-05-22,Night,2,3,2
8116,8,2024-05-23,Morning,2,5,2
8117,8,2024-05-23,Afternoon,2,4,2
8118,8,2024-05-23,Night,1,3,1
8119,8,2024-05-24,Morning,2,5,4
8120,8,2024-05-24,Afternoon,2,4,3
8121,8,2024-05-24,Night,2,3,1
8122,8,2024-05-25,Morning,2,4,3
8123,8,2024-05-25,Afternoon,2,5,3
8124,8,2024-05-25,Night,1,3,2
8125,8,2024-05-26,Morning,2,4,2
8126,8,2024-05-26,Afternoon,2,4,1
8127,8,2024-05-26,Night,2,2,1
8128,8,2024-05-27,Morning,2,3,1
8129,8,2024-05-27,Afternoon,2,4,3
8130,8,2024-05-27,Night,1,2,1
8131,8,2024-05-28,Morning,2,3,2
8132,8,2024-05-28,Afternoon,2,4,2
8133,8,2024-05-28,Night,2,3,2
8134,8,2024-05-29,Morning,2,4,3
8135,8,2024-05-29,Afternoon,2,3,2
8136,8,2024-05-29,Night,1,3,1
8137,8,2024-05-30,Morning,2,5,3
8138,8,2024-05-30,Afternoon,2,4,2
8139,8,2024-05-30,Night,1,3,2
8140,8,2024-05-31,Morning,2,4,3
8141,8,2024-05-31,Afternoon,2,4,2
8142,8,2024-05-31,Night,1,2,1
8143,8,2024-06-01,Morning,2,4,3
8144,8,2024-06-01,Afternoon,2,4,3
8145,8,2024-06-01,Night,1,2,1
8146,8,2024-06-02,Morning,2,4,2
8147,8,2024-06-02,Afternoon,2,4,3
8148,8,2024-06-02,Night,1,3,2
8149,8,2024-06-03,Morning,2,3,2
8150,8,2024-06-03,Afternoon,2,5,3
8151,8,2024-06-03,Night,1,2,1
8152,8,2024-06-04,Morning,2,5,2
8153,8,2024-06-04,Afternoon,2,6,3
8154,8,2024-06-04,Night,1,3,2
8155,8,2024-06-05,Morning,2,4,3
8156,8,2024-06-05,Afternoon,3,3,3
8157,8,2024-06-05,Night,1,3,2
8158,8,2024-06-06,Morning,2,4,1
8159,8,2024-06-06,Afternoon,2,5,2
8160,8,2024-06-06,Night,1,3,2
8161,8,2024-06-07,Morning,1,4,2
8162,8,2024-06-07,Afternoon,2,4,2
8163,8,2024-06-07,Night,2,3,2
8164,8,2024-06-08,Morning,3,4,2
8165,8,2024-06-08,Afternoon,2,5,4
8166,8,2024-06-08,Night,1,3,2
8167,8,2024-06-09,Morning,2,4,2
8168,8,2024-06-09,Afternoon,2,5,3
8169,8,2024-06-09,Night,1,4,1
8170,8,2024-06-10,Morning,2,2,2
8171,8,2024-06-10,Afternoon,2,5,3
8172,8,2024-06-10,Night,1,3,2
8173,8,2024-06-11,Morning,3,4,2
8174,8,2024-06-11,Afternoon,2,4,2
8175,8,2024-06-11,Night,1,2,2
8176,8,2024-06-12,Morning,3,4,3
8177,8,2024-06-12,Afternoon,2,4,2
8178,8,2024-06-12,Night,1,3,1
8179,8,2024-06-13,Morning,2,4,3
8180,8,2024-06-13,Afternoon,2,4,2
8181,8,2024-06-13,Night,2,3,2
8182,8,2024-06-14,Morning,2,3,2
8183,8,2024-06-14,Afternoon,1,5,3
8184,8,2024-06-14,Night,1,2,1
8185,8,2024-06-15,Morning,2,4,3
8186,8,2024-06-15,Afternoon,1,4,3
8187,8,2024-06-15,Night,1,3,1
8188,8,2024-06-16,Morning,3,5,3
8189,8,2024-06-16,Afternoon,2,4,2
8190,8,2024-06-16,Night,1,2,1
8191,8,2024-06-17,Morning,2,4,2
8192,8,2024-06-17,Afternoon,2,3,1
8193,8,2024-06-17,Night,1,3,2
8194,8,2024-06-18,Morning,2,3,2
8195,8,2024-06-18,Afternoon,1,4,1
8196,8,2024-06-18,Night,2,2,2
8197,8,2024-06-19,Morning,2,4,2
8198,8,2024-06-19,Afternoon,2,4,3
8199,8,2024-06-19,Night,1,4,2
8200,8,2024-06-20,Morning,2,3,3
8201,8,2024-06-20,Afternoon,2,3,3
8202,8,2024-06-20,Night,1,2,2
8203,8,2024-06-21,Morning,2,4,2
8204,8,2024-06-21,Afternoon,2,4,2
8205,8,2024-06-21,Night,1,2,1
8206,8,2024-06-22,Morning,2,5,3
8207,8,2024-06-22,Afternoon,2,4,3
8208,8,2024-06-22,Night,1,3,2
8209,8,2024-06-23,Morning,2,5,3
8210,8,2024-06-23,Afternoon,1,5,3
8211,8,2024-06-23,Night,1,4,2
8212,8,2024-06-24,Morning,2,3,2
8213,8,2024-06-24,Afternoon,2,5,3
8214,8,2024-06-24,Night,2,2,2
8215,8,2024-06-25,Morning,1,4,2
8216,8,2024-06-25,Afternoon,2,4,2
8217,8,2024-06-25,Night,2,2,3
8218,8,2024-06-26,Morning,3,5,4
8219,8,2024-06-26,Afternoon,2,5,2
8220,8,2024-06-26,Night,1,4,1
8221,8,2024-06-27,Morning,2,3,1
8222,8,2024-06-27,Afternoon,2,3,1
8223,8,2024-06-27,Night,1,3,2
8224,8,2024-06-28,Morning,2,4,3
8225,8,2024-06-28,Afternoon,2,4,2
8226,8,2024-06-28,Night,1,3,2
8227,8,2024-06-29,Morning,1,4,2
8228,8,2024-06-29,Afternoon,2,4,2
8229,8,2024-06-29,Night,1,2,1
8230,8,2024-06-30,Morning,2,4,3
8231,8,2024-06-30,Afternoon,2,5,2
8232,8,2024-06-30,Night,1,4,2
8233,8,2024-07-01,Morning,2,5,3
8234,8,2024-07-01,Afternoon,2,4,4
8235,8,2024-07-01,Night,1,2,1
8236,8,2024-07-02,Morning,2,5,3
8237,8,2024-07-02,Afternoon,2,5,3
8238,8,2024-07-02,Night,1,3,1
8239,8,2024-07-03,Morning,2,4,4
8240,8,2024-07-03,Afternoon,2,4,2
8241,8,2024-07-03,Night,1,3,2
8242,8,2024-07-04,Morning,3,4,3
8243,8,2024-07-04,Afternoon,2,4,2
8244,8,2024-07-04,Night,1,3,2
8245,8,2024-07-05,Morning,3,4,2
8246,8,2024-07-05,Afternoon,2,4,2
8247,8,2024-07-05,Night,1,3,2
8248,8,2024-07-06,Morning,2,5,3
8249,8,2024-07-06,Afternoon,2,4,2
8250,8,2024-07-06,Night,2,3,3
8251,8,2024-07-07,Morning,2,5,3
8252,8,2024-07-07,Afternoon,2,4,2
8253,8,2024-07-07,Night,1,3,1
8254,8,2024-07-08,Morning,1,4,2
8255,8,2024-07-08,Afternoon,2,5,3
8256,8,2024-07-08,Night,1,4,1
8257,8,2024-07-09,Morning,1,4,2
8258,8,2024-07-09,Afternoon,2,4,3
8259,8,2024-07-09,Night,2,2,1
8260,8,2024-07-10,Morning,2,5,4
8261,8,2024-07-10,Afternoon,3,3,2
8262,8,2024-07-10,Night,1,2,2
8263,8,2024-07-11,Morning,2,4,3
8264,8,2024-07-11,Afternoon,2,4,2
8265,8,2024-07-11,Night,1,2,1
8266,8,2024-07-12,Morning,2,5,3
8267,8,2024-07-12,Afternoon,3,4,2
8268,8,2024-07-12,Night,1,3,2
8269,8,2024-07-13,Morning,2,4,3
8270,8,2024-07-13,Afternoon,2,4,3
8271,8,2024-07-13,Night,1,2,1
8272,8,2024-07-14,Morning,2,3,3
8273,8,2024-07-14,Afternoon,2,3,2
8274,8,2024-07-14,Night,1,4,2
8275,8,2024-07-15,Morning,3,3,2
8276,8,2024-07-15,Afternoon,2,4,2
8277,8,2024-07-15,Night,1,3,1
8278,8,2024-07-16,Morning,2,4,2
8279,8,2024-07-16,Afternoon,2,4,3
8280,8,2024-07-16,Night,1,3,2
8281,8,2024-07-17,Morning,1,3,2
8282,8,2024-07-17,Afternoon,2,4,2
8283,8,2024-07-17,Night,2,3,2
8284,8,2024-07-18,Morning,2,4,2
8285,8,2024-07-18,Afternoon,3,4,3
8286,8,2024-07-18,Night,1,3,1
8287,8,2024-07-19,Morning,2,4,3
8288,8,2024-07-19,Afternoon,3,3,3
8289,8,2024-07-19,Night,1,3,1
8290,8,2024-07-20,Morning,2,5,1
8291,8,2024-07-20,Afternoon,2,4,3
8292,8,2024-07-20,Night,1,3,2
8293,8,2024-07-21,Morning,2,5,3
8294,8,2024-07-21,Afternoon,2,4,3
8295,8,2024-07-21,Night,1,3,1
8296,8,2024-07-22,Morning,2,2,2
8297,8,2024-07-22,Afternoon,2,4,2
8298,8,2024-07-22,Night,1,3,2
8299,8,2024-07-23,Morning,2,5,3
8300,8,2024-07-23,Afternoon,2,3,2
8301,8,2024-07-23,Night,1,3,2
8302,8,2024-07-24,Morning,1,4,2
8303,8,2024-07-24,Afternoon,2,4,2
8304,8,2024-07-24,Night,1,2,1
8305,8,2024-07-25,Morning,2,3,2
8306,8,2024-07-25,Afternoon,1,5,3
8307,8,2024-07-25,Night,1,4,2
8308,8,2024-07-26,Morning,2,4,2
8309,8,2024-07-26,Afternoon,2,3,1
8310,8,2024-07-26,Night,1,3,2
8311,8,2024-07-27,Morning,3,4,3
8312,8,2024-07-27,Afternoon,2,4,2
8313,8,2024-07-27,Night,1,4,3
8314,8,2024-07-28,Morning,3,5,4
8315,8,2024-07-28,Afternoon,2,4,3
8316,8,2024-07-28,Night,2,3,2
8317,8,2024-07-29,Morning,2,3,2
8318,8,2024-07-29,Afternoon,2,3,2
8319,8,2024-07-29,Night,1,3,1
8320,8,2024-07-30,Morning,2,3,2
8321,8,2024-07-30,Afternoon,2,4,3
8322,8,2024-07-30,Night,1,3,1
8323,8,2024-07-31,Morning,2,3,2
8324,8,2024-07-31,Afternoon,1,5,2
8325,8,2024-07-31,Night,1,2,1
8326,8,2024-08-01,Morning,2,4,3
8327,8,2024-08-01,Afternoon,2,5,3
8328,8,2024-08-01,Night,1,3,1
8329,8,2024-08-02,Morning,1,4,2
8330,8,2024-08-02,Afternoon,2,3,1
8331,8,2024-08-02,Night,1,3,2
8332,8,2024-08-03,Morning,2,4,3
8333,8,2024-08-03,Afternoon,2,4,2
8334,8,2024-08-03,Night,1,3,1
8335,8,2024-08-04,Morning,2,4,3
8336,8,2024-08-04,Afternoon,1,4,2
8337,8,2024-08-04,Night,2,4,2
8338,8,2024-08-05,Morning,2,3,2
8339,8,2024-08-05,Afternoon,2,4,2
8340,8,2024-08-05,Night,1,3,1
8341,8,2024-08-06,Morning,2,3,2
8342,8,2024-08-06,Afternoon,2,5,2
8343,8,2024-08-06,Night,1,2,1
8344,8,2024-08-07,Morning,2,3,2
8345,8,2024-08-07,Afternoon,2,4,1
8346,8,2024-08-07,Night,1,3,1
8347,8,2024-08-08,Morning,2,4,3
8348,8,2024-08-08,Afternoon,3,5,3
8349,8,2024-08-08,Night,1,2,2
8350,8,2024-08-09,Morning,2,3,2
8351,8,2024-08-09,Afternoon,2,4,2
8352,8,2024-08-09,Night,1,3,1
8353,8,2024-08-10,Morning,2,3,2
8354,8,2024-08-10,Afternoon,2,5,3
8355,8,2024-08-10,Night,1,4,2
8356,8,2024-08-11,Morning,2,4,2
8357,8,2024-08-11,Afternoon,1,4,1
8358,8,2024-08-11,Night,1,2,1
8359,8,2024-08-12,Morning,2,4,3
8360,8,2024-08-12,Afternoon,2,4,2
8361,8,2024-08-12,Night,1,3,1
8362,8,2024-08-13,Morning,2,4,3
8363,8,2024-08-13,Afternoon,2,4,3
8364,8,2024-08-13,Night,1,3,1
8365,8,2024-08-14,Morning,1,4,2
8366,8,2024-08-14,Afternoon,3,5,3
8367,8,2024-08-14,Night,1,3,1
8368,8,2024-08-15,Morning,2,4,3
8369,8,2024-08-15,Afternoon,2,3,2
8370,8,2024-08-15,Night,1,2,2
8371,8,2024-08-16,Morning,2,4,3
8372,8,2024-08-16,Afternoon,1,4,1
8373,8,2024-08-16,Night,1,3,1
8374,8,2024-08-17,Morning,1,5,2
8375,8,2024-08-17,Afternoon,3,4,3
8376,8,2024-08-17,Night,1,2,2
8377,8,2024-08-18,Morning,2,5,3
8378,8,2024-08-18,Afternoon,2,4,3
8379,8,2024-08-18,Night,1,2,1
8380,8,2024-08-19,Morning,2,3,1
8381,8,2024-08-19,Afternoon,2,5,3
8382,8,2024-08-19,Night,2,3,2
8383,8,2024-08-20,Morning,2,4,3
8384,8,2024-08-20,Afternoon,2,4,3
8385,8,2024-08-20,Night,1,4,2
8386,8,2024-08-21,Morning,3,5,4
8387,8,2024-08-21,Afternoon,2,4,1
8388,8,2024-08-21,Night,1,3,1
8389,8,2024-08-22,Morning,2,5,3
8390,8,2024-08-22,Afternoon,2,3,2
8391,8,2024-08-22,Night,1,3,3
8392,8,2024-08-23,Morning,2,3,2
8393,8,2024-08-23,Afternoon,2,3,3
8394,8,2024-08-23,Night,1,3,2
8395,8,2024-08-24,Morning,2,4,2
8396,8,2024-08-24,Afternoon,2,5,2
8397,8,2024-08-24,Night,1,3,1
8398,8,2024-08-25,Morning,2,4,3
8399,8,2024-08-25,Afternoon,2,3,2
8400,8,2024-08-25,Night,1,2,2
8401,8,2024-08-26,Morning,2,4,2
8402,8,2024-08-26,Afternoon,2,4,2
8403,8,2024-08-26,Night,1,3,2
8404,8,2024-08-27,Morning,2,4,3
8405,8,2024-08-27,Afternoon,2,3,2
8406,8,2024-08-27,Night,2,2,3
8407,8,2024-08-28,Morning,2,3,2
8408,8,2024-08-28,Afternoon,2,4,2
8409,8,2024-08-28,Night,1,2,1
8410,8,2024-08-29,Morning,2,4,2
8411,8,2024-08-29,Afternoon,2,6,4
8412,8,2024-08-29,Night,1,2,1
8413,8,2024-08-30,Morning,2,3,2
8414,8,2024-08-30,Afternoon,2,4,2
8415,8,2024-08-30,Night,1,3,1
8416,8,2024-08-31,Morning,2,4,2
8417,8,2024-08-31,Afternoon,3,4,3
8418,8,2024-08-31,Night,1,3,1
8419,8,2024-09-01,Morning,2,4,2
8420,8,2024-09-01,Afternoon,2,3,3
8421,8,2024-09-01,Night,2,3,2
8422,8,2024-09-02,Morning,2,4,3
8423,8,2024-09-02,Afternoon,2,5,4
8424,8,2024-09-02,Night,1,2,1
8425,8,2024-09-03,Morning,2,4,2
8426,8,2024-09-03,Afternoon,2,4,3
8427,8,2024-09-03,Night,1,3,1
8428,8,2024-09-04,Morning,1,4,2
8429,8,2024-09-04,Afternoon,2,4,2
8430,8,2024-09-04,Night,1,4,3
8431,8,2024-09-05,Morning,2,4,3
8432,8,2024-09-05,Afternoon,2,4,3
8433,8,2024-09-05,Night,1,2,1
8434,8,2024-09-06,Morning,2,5,4
8435,8,2024-09-06,Afternoon,1,4,1
8436,8,2024-09-06,Night,1,3,2
8437,8,2024-09-07,Morning,2,4,2
8438,8,2024-09-07,Afternoon,1,5,3
8439,8,2024-09-07,Night,1,3,1
8440,8,2024-09-08,Morning,2,5,2
8441,8,2024-09-08,Afternoon,2,5,2
8442,8,2024-09-08,Night,1,3,2
8443,8,2024-09-09,Morning,2,3,2
8444,8,2024-09-09,Afternoon,2,4,3
8445,8,2024-09-09,Night,1,3,2
8446,8,2024-09-10,Morning,2,4,3
8447,8,2024-09-10,Afternoon,3,4,2
8448,8,2024-09-10,Night,1,2,1
8449,8,2024-09-11,Morning,2,4,3
8450,8,2024-09-11,Afternoon,2,5,2
8451,8,2024-09-11,Night,1,2,1
8452,8,2024-09-12,Morning,2,4,3
8453,8,2024-09-12,Afternoon,2,5,4
8454,8,2024-09-12,Night,2,3,2
8455,8,2024-09-13,Morning,2,4,2
8456,8,2024-09-13,Afternoon,3,4,3
8457,8,2024-09-13,Night,1,3,2
8458,8,2024-09-14,Morning,2,5,3
8459,8,2024-09-14,Afternoon,2,4,3
8460,8,2024-09-14,Night,1,3,1
8461,8,2024-09-15,Morning,2,4,2
8462,8,2024-09-15,Afternoon,3,4,3
8463,8,2024-09-15,Night,1,4,2
8464,8,2024-09-16,Morning,2,3,1
8465,8,2024-09-16,Afternoon,2,3,2
8466,8,2024-09-16,Night,1,2,1
8467,8,2024-09-17,Morning,2,3,2
8468,8,2024-09-17,Afternoon,2,5,3
8469,8,2024-09-17,Night,1,2,2
8470,8,2024-09-18,Morning,2,4,3
8471,8,2024-09-18,Afternoon,2,4,2
8472,8,2024-09-18,Night,2,2,1
8473,8,2024-09-19,Morning,2,4,1
8474,8,2024-09-19,Afternoon,2,3,2
8475,8,2024-09-19,Night,2,3,1
8476,8,2024-09-20,Morning,2,4,3
8477,8,2024-09-20,Afternoon,1,4,2
8478,8,2024-09-20,Night,1,3,3
8479,8,2024-09-21,Morning,3,3,2
8480,8,2024-09-21,Afternoon,2,5,3
8481,8,2024-09-21,Night,1,3,2
8482,8,2024-09-22,Morning,2,4,1
8483,8,2024-09-22,Afternoon,3,4,3
8484,8,2024-09-22,Night,1,3,2
8485,8,2024-09-23,Morning,2,4,3
8486,8,2024-09-23,Afternoon,2,5,3
8487,8,2024-09-23,Night,2,3,2
8488,8,2024-09-24,Morning,2,3,2
8489,8,2024-09-24,Afternoon,1,4,3
8490,8,2024-09-24,Night,1,2,1
8491,8,2024-09-25,Morning,2,5,3
8492,8,2024-09-25,Afternoon,2,4,2
8493,8,2024-09-25,Night,1,2,1
8494,8,2024-09-26,Morning,2,4,3
8495,8,2024-09-26,Afternoon,2,3,2
8496,8,2024-09-26,Night,2,4,3
8497,8,2024-09-27,Morning,2,4,2
8498,8,2024-09-27,Afternoon,2,4,3
8499,8,2024-09-27,Night,1,4,2
8500,8,2024-09-28,Morning,2,3,3
8501,8,2024-09-28,Afternoon,3,5,3
8502,8,2024-09-28,Night,2,3,1
8503,8,2024-09-29,Morning,3,4,2
8504,8,2024-09-29,Afternoon,2,4,2
8505,8,2024-09-29,Night,2,3,2
8506,8,2024-09-30,Morning,2,4,2
8507,8,2024-09-30,Afternoon,3,5,3
8508,8,2024-09-30,Night,1,3,2
8509,8,2024-10-01,Morning,3,5,3
8510,8,2024-10-01,Afternoon,2,5,3
8511,8,2024-10-01,Night,2,2,2
8512,8,2024-10-02,Morning,2,4,3
8513,8,2024-10-02,Afternoon,2,4,2
8514,8,2024-10-02,Night,1,3,1
8515,8,2024-10-03,Morning,2,4,2
8516,8,2024-10-03,Afternoon,2,4,3
8517,8,2024-10-03,Night,1,3,1
8518,8,2024-10-04,Morning,2,4,3
8519,8,2024-10-04,Afternoon,2,4,2
8520,8,2024-10-04,Night,1,3,2
8521,8,2024-10-05,Morning,2,4,3
8522,8,2024-10-05,Afternoon,2,5,4
8523,8,2024-10-05,Night,1,2,1
8524,8,2024-10-06,Morning,2,4,2
8525,8,2024-10-06,Afternoon,2,5,3
8526,8,2024-10-06,Night,1,3,2
8527,8,2024-10-07,Morning,2,3,2
8528,8,2024-10-07,Afternoon,2,4,3
8529,8,2024-10-07,Night,1,4,2
8530,8,2024-10-08,Morning,2,5,3
8531,8,2024-10-08,Afternoon,1,5,2
8532,8,2024-10-08,Night,1,4,2
8533,8,2024-10-09,Morning,2,4,3
8534,8,2024-10-09,Afternoon,2,4,2
8535,8,2024-10-09,Night,1,3,2
8536,8,2024-10-10,Morning,2,5,3
8537,8,2024-10-10,Afternoon,2,4,3
8538,8,2024-10-10,Night,1,2,2
8539,8,2024-10-11,Morning,2,3,2
8540,8,2024-10-11,Afternoon,3,4,3
8541,8,2024-10-11,Night,1,2,1
8542,8,2024-10-12,Morning,2,5,2
8543,8,2024-10-12,Afternoon,2,4,3
8544,8,2024-10-12,Night,1,2,2
8545,8,2024-10-13,Morning,2,5,2
8546,8,2024-10-13,Afternoon,2,4,3
8547,8,2024-10-13,Night,2,2,2
8548,8,2024-10-14,Morning,2,4,3
8549,8,2024-10-14,Afternoon,2,3,2
8550,8,2024-10-14,Night,2,2,2
8551,8,2024-10-15,Morning,2,4,2
8552,8,2024-10-15,Afternoon,2,4,2
8553,8,2024-10-15,Night,1,2,1
8554,8,2024-10-16,Morning,2,3,2
8555,8,2024-10-16,Afternoon,3,4,3
8556,8,2024-10-16,Night,1,4,3
8557,8,2024-10-17,Morning,2,4,2
8558,8,2024-10-17,Afternoon,2,4,2
8559,8,2024-10-17,Night,1,3,2
8560,8,2024-10-18,Morning,2,3,3
8561,8,2024-10-18,Afternoon,3,5,3
8562,8,2024-10-18,Night,1,2,1
8563,8,2024-10-19,Morning,2,3,2
8564,8,2024-10-19,Afternoon,2,3,2
8565,8,2024-10-19,Night,1,3,2
8566,8,2024-10-20,Morning,2,3,2
8567,8,2024-10-20,Afternoon,2,5,3
8568,8,2024-10-20,Night,2,3,3
8569,8,2024-10-21,Morning,2,2,2
8570,8,2024-10-21,Afternoon,2,4,3
8571,8,2024-10-21,Night,2,3,2
8572,8,2024-10-22,Morning,2,5,2
8573,8,2024-10-22,Afternoon,2,4,3
8574,8,2024-10-22,Night,1,2,1
8575,8,2024-10-23,Morning,2,5,3
8576,8,2024-10-23,Afternoon,2,5,2
8577,8,2024-10-23,Night,2,3,3
8578,8,2024-10-24,Morning,1,5,3
8579,8,2024-10-24,Afternoon,3,4,2
8580,8,2024-10-24,Night,1,3,1
8581,8,2024-10-25,Morning,1,4,3
8582,8,2024-10-25,Afternoon,2,3,2
8583,8,2024-10-25,Night,1,3,1
8584,8,2024-10-26,Morning,2,4,3
8585,8,2024-10-26,Afternoon,2,4,3
8586,8,2024-10-26,Night,1,3,1
8587,8,2024-10-27,Morning,2,4,3
8588,8,2024-10-27,Afternoon,2,4,2
8589,8,2024-10-27,Night,2,2,1
8590,8,2024-10-28,Morning,1,4,1
8591,8,2024-10-28,Afternoon,2,3,2
8592,8,2024-10-28,Night,2,3,2
8593,8,2024-10-29,Morning,2,4,3
8594,8,2024-10-29,Afternoon,2,5,3
8595,8,2024-10-29,Night,1,2,1
8596,8,2024-10-30,Morning,2,4,2
8597,8,2024-10-30,Afternoon,2,4,3
8598,8,2024-10-30,Night,1,4,2
8599,8,2024-10-31,Morning,3,3,3
8600,8,2024-10-31,Afternoon,2,5,3
8601,8,2024-10-31,Night,1,3,2
8602,8,2024-11-01,Morning,2,3,3
8603,8,2024-11-01,Afternoon,2,5,1
8604,8,2024-11-01,Night,1,2,1
8605,8,2024-11-02,Morning,2,4,2
8606,8,2024-11-02,Afternoon,2,4,2
8607,8,2024-11-02,Night,1,4,1
8608,8,2024-11-03,Morning,2,5,3
8609,8,2024-11-03,Afternoon,2,4,2
8610,8,2024-11-03,Night,1,3,1
8611,8,2024-11-04,Morning,2,4,1
8612,8,2024-11-04,Afternoon,3,4,2
8613,8,2024-11-04,Night,1,3,3
8614,8,2024-11-05,Morning,2,3,2
8615,8,2024-11-05,Afternoon,2,4,2
8616,8,2024-11-05,Night,1,2,2
8617,8,2024-11-06,Morning,2,4,3
8618,8,2024-11-06,Afternoon,3,5,3
8619,8,2024-11-06,Night,1,3,1
8620,8,2024-11-07,Morning,2,5,3
8621,8,2024-11-07,Afternoon,1,3,1
8622,8,2024-11-07,Night,1,3,1
8623,8,2024-11-08,Morning,2,4,3
8624,8,2024-11-08,Afternoon,2,4,2
8625,8,2024-11-08,Night,1,2,2
8626,8,2024-11-09,Morning,2,4,4
8627,8,2024-11-09,Afternoon,2,4,2
8628,8,2024-11-09,Night,1,3,2
8629,8,2024-11-10,Morning,2,5,3
8630,8,2024-11-10,Afternoon,2,4,2
8631,8,2024-11-10,Night,1,3,1
8632,8,2024-11-11,Morning,2,4,1
8633,8,2024-11-11,Afternoon,3,4,3
8634,8,2024-11-11,Night,1,2,2
8635,8,2024-11-12,Morning,2,3,2
8636,8,2024-11-12,Afternoon,2,5,4
8637,8,2024-11-12,Night,1,2,2
8638,8,2024-11-13,Morning,2,4,3
8639,8,2024-11-13,Afternoon,2,4,2
8640,8,2024-11-13,Night,1,2,1
8641,8,2024-11-14,Morning,2,3,1
8642,8,2024-11-14,Afternoon,2,3,2
8643,8,2024-11-14,Night,1,2,2
8644,8,2024-11-15,Morning,2,3,1
8645,8,2024-11-15,Afternoon,2,5,3
8646,8,2024-11-15,Night,1,2,1
8647,8,2024-11-16,Morning,2,4,3
8648,8,2024-11-16,Afternoon,2,4,1
8649,8,2024-11-16,Night,1,3,2
8650,8,2024-11-17,Morning,2,4,2
8651,8,2024-11-17,Afternoon,2,5,4
8652,8,2024-11-17,Night,1,3,2
8653,8,2024-11-18,Morning,2,4,3
8654,8,2024-11-18,Afternoon,2,3,2
8655,8,2024-11-18,Night,2,3,3
8656,8,2024-11-19,Morning,2,5,2
8657,8,2024-11-19,Afternoon,3,4,2
8658,8,2024-11-19,Night,1,3,1
8659,8,2024-11-20,Morning,2,4,2
8660,8,2024-11-20,Afternoon,3,3,2
8661,8,2024-11-20,Night,1,3,2
8662,8,2024-11-21,Morning,2,4,3
8663,8,2024-11-21,Afternoon,2,4,2
8664,8,2024-11-21,Night,1,2,1
8665,8,2024-11-22,Morning,3,5,3
8666,8,2024-11-22,Afternoon,2,4,3
8667,8,2024-11-22,Night,1,2,1
8668,8,2024-11-23,Morning,2,4,2
8669,8,2024-11-23,Afternoon,2,4,3
8670,8,2024-11-23,Night,2,3,2
8671,8,2024-11-24,Morning,2,4,2
8672,8,2024-11-24,Afternoon,2,5,2
8673,8,2024-11-24,Night,1,2,2
8674,8,2024-11-25,Morning,2,3,2
8675,8,2024-11-25,Afternoon,2,4,2
8676,8,2024-11-25,Night,2,3,3
8677,8,2024-11-26,Morning,2,3,1
8678,8,2024-11-26,Afternoon,2,4,3
8679,8,2024-11-26,Night,1,2,1
8680,8,2024-11-27,Morning,2,3,2
8681,8,2024-11-27,Afternoon,2,3,1
8682,8,2024-11-27,Night,1,3,1
8683,8,2024-11-28,Morning,2,3,3
8684,8,2024-11-28,Afternoon,2,4,2
8685,8,2024-11-28,Night,1,4,3
8686,8,2024-11-29,Morning,2,4,2
8687,8,2024-11-29,Afternoon,2,4,3
8688,8,2024-11-29,Night,1,3,2
8689,8,2024-11-30,Morning,2,4,3
8690,8,2024-11-30,Afternoon,2,4,3
8691,8,2024-11-30,Night,1,3,2
8692,8,2024-12-01,Morning,2,4,2
8693,8,2024-12-01,Afternoon,3,4,3
8694,8,2024-12-01,Night,1,2,1
8695,8,2024-12-02,Morning,2,4,2
8696,8,2024-12-02,Afternoon,2,4,3
8697,8,2024-12-02,Night,2,2,2
8698,8,2024-12-03,Morning,2,4,3
8699,8,2024-12-03,Afternoon,2,4,2
8700,8,2024-12-03,Night,2,3,3
8701,8,2024-12-04,Morning,2,4,2
8702,8,2024-12-04,Afternoon,2,5,2
8703,8,2024-12-04,Night,1,2,2
8704,8,2024-12-05,Morning,2,3,2
8705,8,2024-12-05,Afternoon,2,5,4
8706,8,2024-12-05,Night,1,3,2
8707,8,2024-12-06,Morning,1,3,2
8708,8,2024-12-06,Afternoon,2,4,2
8709,8,2024-12-06,Night,1,3,2
8710,8,2024-12-07,Morning,2,4,2
8711,8,2024-12-07,Afternoon,2,4,2
8712,8,2024-12-07,Night,1,2,2
8713,8,2024-12-08,Morning,2,5,3
8714,8,2024-12-08,Afternoon,2,5,2
8715,8,2024-12-08,Night,1,3,1
8716,8,2024-12-09,Morning,3,3,3
8717,8,2024-12-09,Afternoon,2,3,2
8718,8,2024-12-09,Night,1,3,1
8719,8,2024-12-10,Morning,2,4,3
8720,8,2024-12-10,Afternoon,2,4,3
8721,8,2024-12-10,Night,1,3,2
8722,8,2024-12-11,Morning,2,4,3
8723,8,2024-12-11,Afternoon,1,4,2
8724,8,2024-12-11,Night,1,3,1
8725,8,2024-12-12,Morning,2,4,3
8726,8,2024-12-12,Afternoon,2,5,3
8727,8,2024-12-12,Night,1,3,2
8728,8,2024-12-13,Morning,2,4,3
8729,8,2024-12-13,Afternoon,2,4,3
8730,8,2024-12-13,Night,1,3,2
8731,8,2024-12-14,Morning,3,5,5
8732,8,2024-12-14,Afternoon,2,4,2
8733,8,2024-12-14,Night,1,2,1
8734,8,2024-12-15,Morning,2,4,2
8735,8,2024-12-15,Afternoon,1,4,3
8736,8,2024-12-15,Night,1,3,1
8737,8,2024-12-16,Morning,2,3,2
8738,8,2024-12-16,Afternoon,2,4,2
8739,8,2024-12-16,Night,1,3,1
8740,8,2024-12-17,Morning,2,4,3
8741,8,2024-12-17,Afternoon,2,4,3
8742,8,2024-12-17,Night,1,3,3
8743,8,2024-12-18,Morning,3,3,2
8744,8,2024-12-18,Afternoon,2,4,3
8745,8,2024-12-18,Night,1,3,2
8746,8,2024-12-19,Morning,1,4,2
8747,8,2024-12-19,Afternoon,2,4,2
8748,8,2024-12-19,Night,1,3,2
8749,8,2024-12-20,Morning,3,5,4
8750,8,2024-12-20,Afternoon,2,4,2
8751,8,2024-12-20,Night,2,2,1
8752,8,2024-12-21,Morning,2,4,3
8753,8,2024-12-21,Afternoon,2,4,2
8754,8,2024-12-21,Night,2,2,1
8755,8,2024-12-22,Morning,2,3,2
8756,8,2024-12-22,Afternoon,2,5,2
8757,8,2024-12-22,Night,2,3,2
8758,8,2024-12-23,Morning,2,4,3
8759,8,2024-12-23,Afternoon,2,3,2
8760,8,2024-12-23,Night,1,3,2
8761,8,2024-12-24,Morning,2,4,2
8762,8,2024-12-24,Afternoon,2,5,3
8763,8,2024-12-24,Night,1,2,1
8764,8,2024-12-25,Morning,2,5,3
8765,8,2024-12-25,Afternoon,3,4,2
8766,8,2024-12-25,Night,1,2,1
8767,8,2024-12-26,Morning,2,4,3
8768,8,2024-12-26,Afternoon,2,4,2
8769,8,2024-12-26,Night,1,3,1
8770,8,2024-12-27,Morning,2,4,4
8771,8,2024-12-27,Afternoon,2,4,3
8772,8,2024-12-27,Night,2,4,2
8773,8,2024-12-28,Morning,2,4,3
8774,8,2024-12-28,Afternoon,2,5,3
8775,8,2024-12-28,Night,1,3,2
8776,8,2024-12-29,Morning,2,5,3
8777,8,2024-12-29,Afternoon,2,5,4
8778,8,2024-12-29,Night,1,3,1
8779,8,2024-12-30,Morning,2,4,3
8780,8,2024-12-30,Afternoon,2,3,3
8781,8,2024-12-30,Night,2,2,2
8782,8,2024-12-31,Morning,2,3,2
8783,8,2024-12-31,Afternoon,2,3,2
8784,8,2024-12-31,Night,1,3,2
