department_id,arrival_date,shift_type,patient_count,avg_wait_minutes,avg_satisfaction,shift_date,nurses_on_shift,doctors_on_shift,patients_per_nurse,department_name,target_wait_minutes
1,2024-01-01,Afternoon,33,33.05757575757576,3.5757575757575757,2024-01-01,11,3,3.0,Emergency,30
1,2024-01-01,Morning,26,32.36538461538461,3.730769230769231,2024-01-01,9,4,2.888888888888889,Emergency,30
1,2024-01-01,Night,6,18.583333333333332,4.0,2024-01-01,5,2,1.2,Emergency,30
1,2024-01-02,Afternoon,37,37.33783783783784,3.2972972972972974,2024-01-02,10,4,3.7,Emergency,30
1,2024-01-02,Morning,28,34.43571428571429,3.5714285714285716,2024-01-02,9,4,3.111111111111111,Emergency,30
1,2024-01-02,Night,6,19.75,3.6666666666666665,2024-01-02,5,3,1.2,Emergency,30
1,2024-01-03,Afternoon,25,28.928,3.56,2024-01-03,10,4,2.5,Emergency,30
1,2024-01-03,Morning,26,28.076923076923077,3.576923076923077,2024-01-03,11,4,2.3636363636363638,Emergency,30
1,2024-01-03,Night,5,18.92,3.8,2024-01-03,5,2,1.0,Emergency,30
1,2024-01-04,Afternoon,25,28.1,3.68,2024-01-04,11,4,2.272727272727273,Emergency,30
1,2024-01-04,Morning,28,31.960714285714285,3.357142857142857,2024-01-04,10,4,2.8,Emergency,30
1,2024-01-04,Night,9,24.077777777777776,4.0,2024-01-04,5,3,1.8,Emergency,30
1,2024-01-05,Afternoon,38,39.77894736842105,3.5526315789473686,2024-01-05,10,4,3.8,Emergency,30
1,2024-01-05,Morning,36,38.17777777777778,3.388888888888889,2024-01-05,10,4,3.6,Emergency,30
1,2024-01-05,Night,10,22.61,3.6,2024-01-05,5,2,2.0,Emergency,30
1,2024-01-06,Afternoon,42,38.102380952380955,3.2857142857142856,2024-01-06,11,4,3.8181818181818183,Emergency,30
1,2024-01-06,Morning,40,36.43,3.575,2024-01-06,11,4,3.6363636363636362,Emergency,30
1,2024-01-06,Night,10,23.82,3.5,2024-01-06,6,2,1.6666666666666667,Emergency,30
1,2024-01-07,Afternoon,36,34.541666666666664,3.5833333333333335,2024-01-07,11,4,3.272727272727273,Emergency,30
1,2024-01-07,Morning,32,34.278125,3.5,2024-01-07,10,4,3.2,Emergency,30
1,2024-01-07,Night,6,18.75,3.6666666666666665,2024-01-07,4,2,1.5,Emergency,30
1,2024-01-08,Afternoon,33,35.11515151515152,3.4242424242424243,2024-01-08,10,4,3.3,Emergency,30
1,2024-01-08,Morning,33,38.39696969696969,3.272727272727273,2024-01-08,9,4,3.6666666666666665,Emergency,30
1,2024-01-08,Night,4,13.55,4.0,2024-01-08,5,2,0.8,Emergency,30
1,2024-01-09,Afternoon,41,41.821951219512194,3.268292682926829,2024-01-09,10,4,4.1,Emergency,30
1,2024-01-09,Morning,37,39.872972972972974,3.3513513513513513,2024-01-09,9,4,4.111111111111111,Emergency,30
1,2024-01-09,Night,5,19.5,3.8,2024-01-09,6,2,0.8333333333333334,Emergency,30
1,2024-01-10,Afternoon,32,37.778125,3.625,2024-01-10,9,4,3.5555555555555554,Emergency,30
1,2024-01-10,Morning,20,23.93,3.95,2024-01-10,10,4,2.0,Emergency,30
1,2024-01-10,Night,6,22.833333333333332,4.666666666666667,2024-01-10,5,3,1.2,Emergency,30
1,2024-01-11,Afternoon,41,40.50243902439024,3.2439024390243905,2024-01-11,10,3,4.1,Emergency,30
1,2024-01-11,Morning,39,39.65128205128205,3.1794871794871793,2024-01-11,10,4,3.9,Emergency,30
1,2024-01-11,Night,7,26.599999999999998,4.0,2024-01-11,4,2,1.75,Emergency,30
1,2024-01-12,Afternoon,38,38.86052631578948,3.210526315789474,2024-01-12,10,4,3.8,Emergency,30
1,2024-01-12,Morning,35,39.98571428571429,3.342857142857143,2024-01-12,9,4,3.888888888888889,Emergency,30
1,2024-01-12,Night,9,22.577777777777776,4.111111111111111,2024-01-12,5,2,1.8,Emergency,30
1,2024-01-13,Afternoon,40,37.97,3.375,2024-01-13,11,4,3.6363636363636362,Emergency,30
1,2024-01-13,Morning,36,34.40833333333333,3.5277777777777777,2024-01-13,11,3,3.272727272727273,Emergency,30
1,2024-01-13,Night,5,23.3,4.0,2024-01-13,6,2,0.8333333333333334,Emergency,30
1,2024-01-14,Afternoon,29,31.70689655172414,3.5172413793103448,2024-01-14,10,4,2.9,Emergency,30
1,2024-01-14,Morning,35,34.26285714285714,3.657142857142857,2024-01-14,11,5,3.1818181818181817,Emergency,30
1,2024-01-14,Night,8,20.5625,3.875,2024-01-14,6,3,1.3333333333333333,Emergency,30
1,2024-01-15,Afternoon,38,40.997368421052634,3.1578947368421053,2024-01-15,9,4,4.222222222222222,Emergency,30
1,2024-01-15,Morning,29,34.717241379310344,3.310344827586207,2024-01-15,9,4,3.2222222222222223,Emergency,30
1,2024-01-15,Night,4,15.125,3.5,2024-01-15,6,2,0.6666666666666666,Emergency,30
1,2024-01-16,Afternoon,31,31.36774193548387,3.7096774193548385,2024-01-16,11,5,2.8181818181818183,Emergency,30
1,2024-01-16,Morning,24,29.412499999999998,3.5416666666666665,2024-01-16,9,4,2.6666666666666665,Emergency,30
1,2024-01-16,Night,5,23.54,3.8,2024-01-16,5,2,1.0,Emergency,30
1,2024-01-17,Afternoon,31,33.93870967741936,3.7419354838709675,2024-01-17,10,4,3.1,Emergency,30
1,2024-01-17,Morning,37,37.92702702702702,3.5675675675675675,2024-01-17,10,4,3.7,Emergency,30
1,2024-01-17,Night,8,23.525,4.0,2024-01-17,5,2,1.6,Emergency,30
1,2024-01-18,Afternoon,26,30.484615384615385,3.6153846153846154,2024-01-18,10,4,2.6,Emergency,30
1,2024-01-18,Morning,28,32.739285714285714,3.4285714285714284,2024-01-18,10,4,2.8,Emergency,30
1,2024-01-18,Night,9,27.033333333333335,3.6666666666666665,2024-01-18,4,2,2.25,Emergency,30
1,2024-01-19,Afternoon,44,46.184090909090905,3.340909090909091,2024-01-19,9,4,4.888888888888889,Emergency,30
1,2024-01-19,Morning,32,33.46875,3.40625,2024-01-19,11,4,2.909090909090909,Emergency,30
1,2024-01-19,Night,3,16.8,4.333333333333333,2024-01-19,5,2,0.6,Emergency,30
1,2024-01-20,Afternoon,46,45.14565217391304,3.282608695652174,2024-01-20,10,4,4.6,Emergency,30
1,2024-01-20,Morning,33,33.481818181818184,3.6666666666666665,2024-01-20,11,4,3.0,Emergency,30
1,2024-01-20,Night,7,19.900000000000002,3.857142857142857,2024-01-20,6,2,1.1666666666666667,Emergency,30
1,2024-01-21,Afternoon,38,37.01578947368421,3.3421052631578947,2024-01-21,11,4,3.4545454545454546,Emergency,30
1,2024-01-21,Morning,32,32.734375,3.71875,2024-01-21,11,4,2.909090909090909,Emergency,30
1,2024-01-21,Night,11,27.11818181818182,3.8181818181818183,2024-01-21,6,2,1.8333333333333333,Emergency,30
1,2024-01-22,Afternoon,43,42.08372093023256,3.4186046511627906,2024-01-22,10,5,4.3,Emergency,30
1,2024-01-22,Morning,30,34.166666666666664,3.2666666666666666,2024-01-22,9,5,3.3333333333333335,Emergency,30
1,2024-01-22,Night,6,18.383333333333336,4.166666666666667,2024-01-22,5,3,1.2,Emergency,30
1,2024-01-23,Afternoon,33,33.44242424242424,3.515151515151515,2024-01-23,11,4,3.0,Emergency,30
1,2024-01-23,Morning,32,35.678125,3.875,2024-01-23,10,4,3.2,Emergency,30
1,2024-01-23,Night,6,23.866666666666664,3.5,2024-01-23,4,2,1.5,Emergency,30
1,2024-01-24,Afternoon,33,32.27272727272727,3.393939393939394,2024-01-24,11,3,3.0,Emergency,30
1,2024-01-24,Morning,41,44.646341463414636,3.2195121951219514,2024-01-24,9,4,4.555555555555555,Emergency,30
1,2024-01-24,Night,6,17.8,3.8333333333333335,2024-01-24,5,2,1.2,Emergency,30
1,2024-01-25,Afternoon,31,33.725806451612904,3.6774193548387095,2024-01-25,10,4,3.1,Emergency,30
1,2024-01-25,Morning,22,27.40909090909091,3.727272727272727,2024-01-25,10,5,2.2,Emergency,30
1,2024-01-25,Night,3,16.400000000000002,3.6666666666666665,2024-01-25,5,2,0.6,Emergency,30
1,2024-01-26,Afternoon,32,36.065625,3.21875,2024-01-26,9,4,3.5555555555555554,Emergency,30
1,2024-01-26,Morning,35,36.59714285714286,3.257142857142857,2024-01-26,10,5,3.5,Emergency,30
1,2024-01-26,Night,4,12.4,3.0,2024-01-26,5,3,0.8,Emergency,30
1,2024-01-27,Afternoon,45,43.022222222222226,3.2,2024-01-27,10,4,4.5,Emergency,30
1,2024-01-27,Morning,32,35.790625,3.53125,2024-01-27,10,4,3.2,Emergency,30
1,2024-01-27,Night,14,29.392857142857142,3.5714285714285716,2024-01-27,5,2,2.8,Emergency,30
1,2024-01-28,Afternoon,47,44.84255319148936,3.3404255319148937,2024-01-28,10,5,4.7,Emergency,30
1,2024-01-28,Morning,42,41.71666666666666,3.3333333333333335,2024-01-28,10,5,4.2,Emergency,30
1,2024-01-28,Night,12,30.71666666666667,3.75,2024-01-28,5,2,2.4,Emergency,30
1,2024-01-29,Afternoon,35,35.222857142857144,3.5428571428571427,2024-01-29,10,4,3.5,Emergency,30
1,2024-01-29,Morning,24,27.283333333333335,3.9166666666666665,2024-01-29,10,4,2.4,Emergency,30
1,2024-01-29,Night,5,13.180000000000001,3.8,2024-01-29,5,2,1.0,Emergency,30
1,2024-01-30,Afternoon,36,38.455555555555556,3.5,2024-01-30,10,4,3.6,Emergency,30
1,2024-01-30,Morning,36,37.12222222222223,3.5555555555555554,2024-01-30,10,4,3.6,Emergency,30
1,2024-01-30,Night,10,28.310000000000002,4.2,2024-01-30,5,2,2.0,Emergency,30
1,2024-01-31,Afternoon,34,33.53823529411765,3.5588235294117645,2024-01-31,11,5,3.090909090909091,Emergency,30
1,2024-01-31,Morning,40,40.165,3.0,2024-01-31,10,4,4.0,Emergency,30
1,2024-01-31,Night,6,21.400000000000002,4.166666666666667,2024-01-31,5,2,1.2,Emergency,30
1,2024-02-01,Afternoon,38,35.04736842105263,3.5526315789473686,2024-02-01,11,4,3.4545454545454546,Emergency,30
1,2024-02-01,Morning,31,33.04838709677419,3.4193548387096775,2024-02-01,10,4,3.1,Emergency,30
1,2024-02-01,Night,4,20.55,3.5,2024-02-01,5,3,0.8,Emergency,30
1,2024-02-02,Afternoon,38,37.123684210526314,3.3421052631578947,2024-02-02,10,5,3.8,Emergency,30
1,2024-02-02,Morning,49,45.504081632653055,3.0816326530612246,2024-02-02,10,4,4.9,Emergency,30
1,2024-02-02,Night,7,20.62857142857143,3.142857142857143,2024-02-02,5,2,1.4,Emergency,30
1,2024-02-03,Afternoon,47,37.67659574468085,3.3617021276595747,2024-02-03,12,3,3.9166666666666665,Emergency,30
1,2024-02-03,Morning,28,33.075,3.5,2024-02-03,10,3,2.8,Emergency,30
1,2024-02-03,Night,8,22.1375,3.5,2024-02-03,5,2,1.6,Emergency,30
1,2024-02-04,Afternoon,42,36.3,3.3095238095238093,2024-02-04,12,4,3.5,Emergency,30
1,2024-02-04,Morning,35,36.85142857142857,3.2857142857142856,2024-02-04,10,5,3.5,Emergency,30
1,2024-02-04,Night,6,19.95,3.8333333333333335,2024-02-04,7,3,0.8571428571428571,Emergency,30
1,2024-02-05,Afternoon,35,34.98285714285714,3.5142857142857142,2024-02-05,11,4,3.1818181818181817,Emergency,30
1,2024-02-05,Morning,34,43.188235294117646,3.0588235294117645,2024-02-05,8,4,4.25,Emergency,30
1,2024-02-05,Night,12,26.116666666666664,3.75,2024-02-05,5,3,2.4,Emergency,30
1,2024-02-06,Afternoon,35,37.46,3.1714285714285713,2024-02-06,10,4,3.5,Emergency,30
1,2024-02-06,Morning,25,26.627999999999997,3.96,2024-02-06,11,4,2.272727272727273,Emergency,30
1,2024-02-06,Night,4,15.1,4.0,2024-02-06,6,3,0.6666666666666666,Emergency,30
1,2024-02-07,Afternoon,37,37.32972972972973,3.27027027027027,2024-02-07,10,4,3.7,Emergency,30
1,2024-02-07,Morning,31,35.63548387096775,3.4193548387096775,2024-02-07,9,4,3.4444444444444446,Emergency,30
1,2024-02-07,Night,5,15.319999999999999,4.2,2024-02-07,6,1,0.8333333333333334,Emergency,30
1,2024-02-08,Afternoon,43,45.86046511627907,2.953488372093023,2024-02-08,9,4,4.777777777777778,Emergency,30
1,2024-02-08,Morning,35,37.065714285714286,3.5428571428571427,2024-02-08,10,4,3.5,Emergency,30
1,2024-02-08,Night,4,19.275,4.25,2024-02-08,4,3,1.0,Emergency,30
1,2024-02-09,Afternoon,42,38.35476190476191,3.3095238095238093,2024-02-09,11,4,3.8181818181818183,Emergency,30
1,2024-02-09,Morning,44,39.800000000000004,3.2954545454545454,2024-02-09,11,4,4.0,Emergency,30
1,2024-02-09,Night,11,29.327272727272728,3.4545454545454546,2024-02-09,5,2,2.2,Emergency,30
1,2024-02-10,Afternoon,25,29.624000000000002,3.76,2024-02-10,10,4,2.5,Emergency,30
1,2024-02-10,Morning,31,34.50322580645161,3.3225806451612905,2024-02-10,10,4,3.1,Emergency,30
1,2024-02-10,Night,10,27.07,4.1,2024-02-10,5,2,2.0,Emergency,30
1,2024-02-11,Afternoon,44,39.89090909090909,3.522727272727273,2024-02-11,11,4,4.0,Emergency,30
1,2024-02-11,Morning,29,32.3551724137931,3.4827586206896552,2024-02-11,11,4,2.6363636363636362,Emergency,30
1,2024-02-11,Night,8,20.475,3.875,2024-02-11,7,2,1.1428571428571428,Emergency,30
1,2024-02-12,Afternoon,31,31.81935483870968,3.4838709677419355,2024-02-12,11,3,2.8181818181818183,Emergency,30
1,2024-02-12,Morning,34,38.73235294117647,3.264705882352941,2024-02-12,9,4,3.7777777777777777,Emergency,30
1,2024-02-12,Night,9,25.833333333333332,3.4444444444444446,2024-02-12,4,2,2.25,Emergency,30
1,2024-02-13,Afternoon,25,30.848000000000003,3.72,2024-02-13,9,4,2.7777777777777777,Emergency,30
1,2024-02-13,Morning,28,32.40714285714286,3.357142857142857,2024-02-13,10,4,2.8,Emergency,30
1,2024-02-13,Night,10,27.78,3.9,2024-02-13,5,3,2.0,Emergency,30
1,2024-02-14,Afternoon,33,34.25151515151515,3.4545454545454546,2024-02-14,10,4,3.3,Emergency,30
1,2024-02-14,Morning,30,33.4,3.5,2024-02-14,10,4,3.0,Emergency,30
1,2024-02-14,Night,2,16.25,4.0,2024-02-14,6,2,0.3333333333333333,Emergency,30
1,2024-02-15,Afternoon,40,42.5925,3.025,2024-02-15,9,3,4.444444444444445,Emergency,30
1,2024-02-15,Morning,28,32.1,3.4642857142857144,2024-02-15,10,4,2.8,Emergency,30
1,2024-02-15,Night,11,29.727272727272727,3.727272727272727,2024-02-15,4,2,2.75,Emergency,30
1,2024-02-16,Afternoon,34,35.71764705882353,3.7058823529411766,2024-02-16,11,4,3.090909090909091,Emergency,30
1,2024-02-16,Morning,44,42.48863636363637,3.3863636363636362,2024-02-16,10,4,4.4,Emergency,30
1,2024-02-16,Night,9,25.57777777777778,3.7777777777777777,2024-02-16,5,2,1.8,Emergency,30
1,2024-02-17,Afternoon,44,41.175000000000004,3.25,2024-02-17,11,5,4.0,Emergency,30
1,2024-02-17,Morning,23,28.482608695652175,3.5217391304347827,2024-02-17,10,4,2.3,Emergency,30
1,2024-02-17,Night,6,20.833333333333332,3.8333333333333335,2024-02-17,6,2,1.0,Emergency,30
1,2024-02-18,Afternoon,39,40.15897435897436,3.1538461538461537,2024-02-18,10,4,3.9,Emergency,30
1,2024-02-18,Morning,33,35.04545454545455,3.5757575757575757,2024-02-18,10,3,3.3,Emergency,30
1,2024-02-18,Night,9,25.977777777777774,3.888888888888889,2024-02-18,5,3,1.8,Emergency,30
1,2024-02-19,Afternoon,41,40.880487804878044,3.4878048780487805,2024-02-19,10,3,4.1,Emergency,30
1,2024-02-19,Morning,32,37.665625,3.53125,2024-02-19,9,4,3.5555555555555554,Emergency,30
1,2024-02-19,Night,2,13.0,4.5,2024-02-19,5,3,0.4,Emergency,30
1,2024-02-20,Afternoon,31,31.458064516129035,3.5483870967741935,2024-02-20,11,4,2.8181818181818183,Emergency,30
1,2024-02-20,Morning,36,37.775000000000006,3.361111111111111,2024-02-20,10,4,3.6,Emergency,30
1,2024-02-20,Night,3,9.066666666666668,4.333333333333333,2024-02-20,6,2,0.5,Emergency,30
1,2024-02-21,Afternoon,38,41.44210526315789,3.289473684210526,2024-02-21,9,3,4.222222222222222,Emergency,30
1,2024-02-21,Morning,26,28.696153846153848,3.576923076923077,2024-02-21,10,4,2.6,Emergency,30
1,2024-02-21,Night,8,27.2125,3.5,2024-02-21,5,2,1.6,Emergency,30
1,2024-02-22,Afternoon,26,30.176923076923078,3.730769230769231,2024-02-22,10,4,2.6,Emergency,30
1,2024-02-22,Morning,17,22.323529411764707,3.9411764705882355,2024-02-22,11,4,1.5454545454545454,Emergency,30
1,2024-02-22,Night,9,21.233333333333334,3.4444444444444446,2024-02-22,6,2,1.5,Emergency,30
1,2024-02-23,Afternoon,35,36.09714285714286,3.2857142857142856,2024-02-23,10,5,3.5,Emergency,30
1,2024-02-23,Morning,52,52.05,3.0,2024-02-23,9,4,5.777777777777778,Emergency,30
1,2024-02-23,Night,9,22.844444444444445,3.5555555555555554,2024-02-23,6,2,1.5,Emergency,30
1,2024-02-24,Afternoon,45,40.65111111111111,3.311111111111111,2024-02-24,11,4,4.090909090909091,Emergency,30
1,2024-02-24,Morning,41,41.35121951219512,3.292682926829268,2024-02-24,10,4,4.1,Emergency,30
1,2024-02-24,Night,16,34.6875,3.5,2024-02-24,5,3,3.2,Emergency,30
1,2024-02-25,Afternoon,39,42.57692307692308,3.1025641025641026,2024-02-25,9,3,4.333333333333333,Emergency,30
1,2024-02-25,Morning,30,31.743333333333332,3.6333333333333333,2024-02-25,11,3,2.727272727272727,Emergency,30
1,2024-02-25,Night,9,24.255555555555556,3.5555555555555554,2024-02-25,6,2,1.5,Emergency,30
1,2024-02-26,Afternoon,33,35.800000000000004,3.484848484848485,2024-02-26,10,4,3.3,Emergency,30
1,2024-02-26,Morning,24,37.18333333333333,3.3333333333333335,2024-02-26,7,4,3.4285714285714284,Emergency,30
1,2024-02-26,Night,5,22.8,3.6,2024-02-26,4,2,1.25,Emergency,30
1,2024-02-27,Afternoon,36,37.358333333333334,3.2777777777777777,2024-02-27,10,4,3.6,Emergency,30
1,2024-02-27,Morning,27,31.31851851851852,3.5555555555555554,2024-02-27,10,4,2.7,Emergency,30
1,2024-02-27,Night,9,23.177777777777777,3.6666666666666665,2024-02-27,6,2,1.5,Emergency,30
1,2024-02-28,Afternoon,31,33.3258064516129,3.4838709677419355,2024-02-28,10,5,3.1,Emergency,30
1,2024-02-28,Morning,23,25.347826086956523,3.652173913043478,2024-02-28,11,4,2.090909090909091,Emergency,30
1,2024-02-28,Night,7,24.17142857142857,4.0,2024-02-28,5,3,1.4,Emergency,30
1,2024-02-29,Afternoon,27,35.25185185185185,3.4814814814814814,2024-02-29,9,4,3.0,Emergency,30
1,2024-02-29,Morning,32,36.59375,3.75,2024-02-29,9,4,3.5555555555555554,Emergency,30
1,2024-02-29,Night,12,26.3,3.8333333333333335,2024-02-29,6,1,2.0,Emergency,30
1,2024-03-01,Afternoon,42,41.85952380952381,3.238095238095238,2024-03-01,10,4,4.2,Emergency,30
1,2024-03-01,Morning,23,31.660869565217393,3.739130434782609,2024-03-01,9,4,2.5555555555555554,Emergency,30
1,2024-03-01,Night,7,26.514285714285712,3.2857142857142856,2024-03-01,5,2,1.4,Emergency,30
1,2024-03-02,Afternoon,29,30.099999999999998,3.5517241379310347,2024-03-02,11,5,2.6363636363636362,Emergency,30
1,2024-03-02,Morning,32,31.69375,3.5625,2024-03-02,11,4,2.909090909090909,Emergency,30
1,2024-03-02,Night,8,25.325,3.875,2024-03-02,5,2,1.6,Emergency,30
1,2024-03-03,Afternoon,35,33.46857142857143,3.5428571428571427,2024-03-03,11,4,3.1818181818181817,Emergency,30
1,2024-03-03,Morning,37,38.15405405405406,3.3783783783783785,2024-03-03,10,4,3.7,Emergency,30
1,2024-03-03,Night,7,19.74285714285714,3.5714285714285716,2024-03-03,6,3,1.1666666666666667,Emergency,30
1,2024-03-04,Afternoon,23,30.660869565217393,3.652173913043478,2024-03-04,9,4,2.5555555555555554,Emergency,30
1,2024-03-04,Morning,21,31.06190476190476,3.380952380952381,2024-03-04,8,4,2.625,Emergency,30
1,2024-03-04,Night,8,21.9625,3.875,2024-03-04,5,2,1.6,Emergency,30
1,2024-03-05,Afternoon,35,37.56285714285715,3.4,2024-03-05,10,3,3.5,Emergency,30
1,2024-03-05,Morning,20,26.660000000000004,3.8,2024-03-05,11,4,1.8181818181818181,Emergency,30
1,2024-03-05,Night,5,18.3,4.4,2024-03-05,5,2,1.0,Emergency,30
1,2024-03-06,Afternoon,26,31.47307692307692,3.5384615384615383,2024-03-06,10,5,2.6,Emergency,30
1,2024-03-06,Morning,28,28.914285714285715,3.7857142857142856,2024-03-06,11,4,2.5454545454545454,Emergency,30
1,2024-03-06,Night,6,21.366666666666664,3.6666666666666665,2024-03-06,5,3,1.2,Emergency,30
1,2024-03-07,Afternoon,20,25.925,3.5,2024-03-07,10,4,2.0,Emergency,30
1,2024-03-07,Morning,12,22.483333333333334,3.75,2024-03-07,9,4,1.3333333333333333,Emergency,30
1,2024-03-07,Night,8,20.0,3.875,2024-03-07,6,2,1.3333333333333333,Emergency,30
1,2024-03-08,Afternoon,21,26.56190476190476,3.6666666666666665,2024-03-08,10,4,2.1,Emergency,30
1,2024-03-08,Morning,31,35.28709677419355,3.4838709677419355,2024-03-08,10,4,3.1,Emergency,30
1,2024-03-08,Night,4,17.15,3.75,2024-03-08,6,2,0.6666666666666666,Emergency,30
1,2024-03-09,Afternoon,31,34.38709677419355,3.7096774193548385,2024-03-09,10,4,3.1,Emergency,30
1,2024-03-09,Morning,28,30.62857142857143,3.4285714285714284,2024-03-09,10,4,2.8,Emergency,30
1,2024-03-09,Night,7,23.928571428571427,3.4285714285714284,2024-03-09,5,3,1.4,Emergency,30
1,2024-03-10,Afternoon,36,35.736111111111114,3.4166666666666665,2024-03-10,11,4,3.272727272727273,Emergency,30
1,2024-03-10,Morning,23,27.2,3.5217391304347827,2024-03-10,11,4,2.090909090909091,Emergency,30
1,2024-03-10,Night,6,20.116666666666667,3.5,2024-03-10,6,2,1.0,Emergency,30
1,2024-03-11,Afternoon,23,30.904347826086955,3.739130434782609,2024-03-11,9,4,2.5555555555555554,Emergency,30
1,2024-03-11,Morning,30,36.13333333333333,3.4,2024-03-11,9,5,3.3333333333333335,Emergency,30
1,2024-03-11,Night,6,19.900000000000002,4.5,2024-03-11,5,2,1.2,Emergency,30
1,2024-03-12,Afternoon,26,29.52692307692308,3.730769230769231,2024-03-12,11,4,2.3636363636363638,Emergency,30
1,2024-03-12,Morning,25,31.68,3.44,2024-03-12,10,3,2.5,Emergency,30
1,2024-03-12,Night,5,19.2,4.6,2024-03-12,5,3,1.0,Emergency,30
1,2024-03-13,Afternoon,32,34.528125,3.53125,2024-03-13,10,5,3.2,Emergency,30
1,2024-03-13,Morning,21,27.32857142857143,3.6666666666666665,2024-03-13,10,4,2.1,Emergency,30
1,2024-03-13,Night,6,22.066666666666666,3.8333333333333335,2024-03-13,6,3,1.0,Emergency,30
1,2024-03-14,Afternoon,29,35.40689655172414,3.5172413793103448,2024-03-14,9,4,3.2222222222222223,Emergency,30
1,2024-03-14,Morning,20,24.44,3.65,2024-03-14,10,4,2.0,Emergency,30
1,2024-03-14,Night,7,20.557142857142857,3.857142857142857,2024-03-14,5,2,1.4,Emergency,30
1,2024-03-15,Afternoon,27,35.166666666666664,3.4074074074074074,2024-03-15,8,4,3.375,Emergency,30
1,2024-03-15,Morning,28,34.025,3.7142857142857144,2024-03-15,9,4,3.111111111111111,Emergency,30
1,2024-03-15,Night,10,27.24,3.3,2024-03-15,5,2,2.0,Emergency,30
1,2024-03-16,Afternoon,35,34.857142857142854,3.4857142857142858,2024-03-16,11,4,3.1818181818181817,Emergency,30
1,2024-03-16,Morning,29,30.66551724137931,3.4827586206896552,2024-03-16,11,5,2.6363636363636362,Emergency,30
1,2024-03-16,Night,9,25.044444444444444,3.7777777777777777,2024-03-16,6,3,1.5,Emergency,30
1,2024-03-17,Afternoon,22,26.75,3.8636363636363638,2024-03-17,11,4,2.0,Emergency,30
1,2024-03-17,Morning,32,33.8875,3.59375,2024-03-17,10,4,3.2,Emergency,30
1,2024-03-17,Night,9,20.688888888888886,4.0,2024-03-17,6,2,1.5,Emergency,30
1,2024-03-18,Afternoon,30,34.769999999999996,3.466666666666667,2024-03-18,9,4,3.3333333333333335,Emergency,30
1,2024-03-18,Morning,19,30.968421052631577,3.4210526315789473,2024-03-18,7,4,2.7142857142857144,Emergency,30
1,2024-03-18,Night,3,10.366666666666667,4.333333333333333,2024-03-18,5,3,0.6,Emergency,30
1,2024-03-19,Afternoon,36,41.733333333333334,3.1666666666666665,2024-03-19,9,4,4.0,Emergency,30
1,2024-03-19,Morning,27,33.459259259259255,3.5925925925925926,2024-03-19,9,4,3.0,Emergency,30
1,2024-03-19,Night,7,20.75714285714286,3.7142857142857144,2024-03-19,5,3,1.4,Emergency,30
1,2024-03-20,Afternoon,33,35.7969696969697,3.5454545454545454,2024-03-20,10,4,3.3,Emergency,30
1,2024-03-20,Morning,23,28.5,3.869565217391304,2024-03-20,10,4,2.3,Emergency,30
1,2024-03-20,Night,1,14.1,4.0,2024-03-20,6,2,0.16666666666666666,Emergency,30
1,2024-03-21,Afternoon,32,37.046875,3.34375,2024-03-21,9,4,3.5555555555555554,Emergency,30
1,2024-03-21,Morning,29,31.448275862068964,3.5172413793103448,2024-03-21,10,4,2.9,Emergency,30
1,2024-03-21,Night,6,19.383333333333333,3.5,2024-03-21,5,3,1.2,Emergency,30
1,2024-03-22,Afternoon,36,38.599999999999994,3.5277777777777777,2024-03-22,10,4,3.6,Emergency,30
1,2024-03-22,Morning,36,39.46388888888889,3.361111111111111,2024-03-22,9,4,4.0,Emergency,30
1,2024-03-22,Night,8,20.8375,3.625,2024-03-22,5,3,1.6,Emergency,30
1,2024-03-23,Afternoon,33,32.23030303030303,3.5757575757575757,2024-03-23,11,4,3.0,Emergency,30
1,2024-03-23,Morning,30,30.84,3.2666666666666666,2024-03-23,10,3,3.0,Emergency,30
1,2024-03-23,Night,7,20.057142857142857,3.857142857142857,2024-03-23,6,3,1.1666666666666667,Emergency,30
1,2024-03-24,Afternoon,28,28.932142857142857,3.8214285714285716,2024-03-24,11,4,2.5454545454545454,Emergency,30
1,2024-03-24,Morning,25,27.844,3.88,2024-03-24,11,4,2.272727272727273,Emergency,30
1,2024-03-24,Night,6,14.65,3.8333333333333335,2024-03-24,7,3,0.8571428571428571,Emergency,30
1,2024-03-25,Afternoon,25,30.348000000000003,3.32,2024-03-25,10,4,2.5,Emergency,30
1,2024-03-25,Morning,23,32.0304347826087,3.8260869565217392,2024-03-25,8,4,2.875,Emergency,30
1,2024-03-25,Night,6,19.866666666666667,4.166666666666667,2024-03-25,6,3,1.0,Emergency,30
1,2024-03-26,Afternoon,32,37.30625,3.53125,2024-03-26,9,5,3.5555555555555554,Emergency,30
1,2024-03-26,Morning,20,28.910000000000004,3.6,2024-03-26,9,4,2.2222222222222223,Emergency,30
1,2024-03-26,Night,8,21.5,3.875,2024-03-26,6,3,1.3333333333333333,Emergency,30
1,2024-03-27,Afternoon,22,27.177272727272726,4.090909090909091,2024-03-27,10,4,2.2,Emergency,30
1,2024-03-27,Morning,16,21.675,3.875,2024-03-27,10,4,1.6,Emergency,30
1,2024-03-27,Night,7,23.37142857142857,3.0,2024-03-27,5,2,1.4,Emergency,30
1,2024-03-28,Afternoon,19,24.157894736842106,3.9473684210526314,2024-03-28,10,4,1.9,Emergency,30
1,2024-03-28,Morning,16,20.41875,4.0,2024-03-28,11,4,1.4545454545454546,Emergency,30
1,2024-03-28,Night,3,16.3,3.6666666666666665,2024-03-28,5,2,0.6,Emergency,30
1,2024-03-29,Afternoon,29,32.02413793103448,3.310344827586207,2024-03-29,10,4,2.9,Emergency,30
1,2024-03-29,Morning,29,32.54482758620689,3.6206896551724137,2024-03-29,10,4,2.9,Emergency,30
1,2024-03-29,Night,8,21.0875,4.0,2024-03-29,6,2,1.3333333333333333,Emergency,30
1,2024-03-30,Afternoon,37,35.075675675675676,3.4594594594594597,2024-03-30,11,4,3.3636363636363638,Emergency,30
1,2024-03-30,Morning,25,29.508000000000003,3.64,2024-03-30,10,4,2.5,Emergency,30
1,2024-03-30,Night,2,14.45,3.5,2024-03-30,5,2,0.4,Emergency,30
1,2024-03-31,Afternoon,33,35.4030303030303,3.484848484848485,2024-03-31,10,4,3.3,Emergency,30
1,2024-03-31,Morning,28,31.907142857142855,3.607142857142857,2024-03-31,10,4,2.8,Emergency,30
1,2024-03-31,Night,6,21.916666666666668,3.8333333333333335,2024-03-31,5,2,1.2,Emergency,30
1,2024-04-01,Afternoon,31,35.938709677419354,3.3548387096774195,2024-04-01,9,3,3.4444444444444446,Emergency,30
1,2024-04-01,Morning,25,32.996,3.52,2024-04-01,8,4,3.125,Emergency,30
1,2024-04-01,Night,8,21.8125,4.0,2024-04-01,5,2,1.6,Emergency,30
1,2024-04-02,Afternoon,24,27.066666666666666,3.7083333333333335,2024-04-02,11,4,2.1818181818181817,Emergency,30
1,2024-04-02,Morning,24,29.4375,3.8333333333333335,2024-04-02,11,3,2.1818181818181817,Emergency,30
1,2024-04-02,Night,5,16.6,3.8,2024-04-02,5,2,1.0,Emergency,30
1,2024-04-03,Afternoon,32,32.309375,3.4375,2024-04-03,11,4,2.909090909090909,Emergency,30
1,2024-04-03,Morning,16,21.05,4.125,2024-04-03,11,5,1.4545454545454546,Emergency,30
1,2024-04-03,Night,8,25.1125,3.625,2024-04-03,5,2,1.6,Emergency,30
1,2024-04-04,Afternoon,16,23.9,3.8125,2024-04-04,11,4,1.4545454545454546,Emergency,30
1,2024-04-04,Morning,14,21.457142857142856,3.9285714285714284,2024-04-04,12,4,1.1666666666666667,Emergency,30
1,2024-04-04,Night,4,16.65,4.0,2024-04-04,6,2,0.6666666666666666,Emergency,30
1,2024-04-05,Afternoon,39,43.648717948717945,3.2051282051282053,2024-04-05,9,4,4.333333333333333,Emergency,30
1,2024-04-05,Morning,41,39.56341463414634,3.3902439024390243,2024-04-05,10,4,4.1,Emergency,30
1,2024-04-05,Night,6,19.599999999999998,4.0,2024-04-05,4,2,1.5,Emergency,30
1,2024-04-06,Afternoon,31,34.76129032258064,3.2903225806451615,2024-04-06,10,4,3.1,Emergency,30
1,2024-04-06,Morning,30,33.413333333333334,3.466666666666667,2024-04-06,10,4,3.0,Emergency,30
1,2024-04-06,Night,6,16.849999999999998,3.5,2024-04-06,6,2,1.0,Emergency,30
1,2024-04-07,Afternoon,26,31.265384615384615,3.8076923076923075,2024-04-07,10,4,2.6,Emergency,30
1,2024-04-07,Morning,32,31.809375,3.46875,2024-04-07,11,3,2.909090909090909,Emergency,30
1,2024-04-07,Night,4,20.75,4.5,2024-04-07,5,2,0.8,Emergency,30
1,2024-04-08,Afternoon,18,23.41111111111111,3.388888888888889,2024-04-08,10,4,1.8,Emergency,30
1,2024-04-08,Morning,17,28.623529411764707,3.9411764705882355,2024-04-08,8,4,2.125,Emergency,30
1,2024-04-08,Night,3,15.200000000000001,4.333333333333333,2024-04-08,4,2,0.75,Emergency,30
1,2024-04-09,Afternoon,22,27.845454545454547,3.6363636363636362,2024-04-09,10,4,2.2,Emergency,30
1,2024-04-09,Morning,27,30.85925925925926,3.7037037037037037,2024-04-09,10,4,2.7,Emergency,30
1,2024-04-09,Night,10,25.09,3.9,2024-04-09,5,3,2.0,Emergency,30
1,2024-04-10,Afternoon,30,30.263333333333332,3.5,2024-04-10,11,4,2.727272727272727,Emergency,30
1,2024-04-10,Morning,19,24.394736842105264,3.789473684210526,2024-04-10,10,4,1.9,Emergency,30
1,2024-04-10,Night,8,22.2375,4.25,2024-04-10,5,2,1.6,Emergency,30
1,2024-04-11,Afternoon,24,27.912499999999998,3.4583333333333335,2024-04-11,10,4,2.4,Emergency,30
1,2024-04-11,Morning,14,22.72142857142857,3.9285714285714284,2024-04-11,9,4,1.5555555555555556,Emergency,30
1,2024-04-11,Night,6,19.533333333333335,4.333333333333333,2024-04-11,6,3,1.0,Emergency,30
1,2024-04-12,Afternoon,36,41.06388888888889,3.2222222222222223,2024-04-12,9,4,4.0,Emergency,30
1,2024-04-12,Morning,30,32.663333333333334,3.3,2024-04-12,11,3,2.727272727272727,Emergency,30
1,2024-04-12,Night,9,25.22222222222222,4.111111111111111,2024-04-12,5,3,1.8,Emergency,30
1,2024-04-13,Afternoon,28,29.974999999999998,3.7857142857142856,2024-04-13,11,4,2.5454545454545454,Emergency,30
1,2024-04-13,Morning,28,30.660714285714285,3.642857142857143,2024-04-13,11,4,2.5454545454545454,Emergency,30
1,2024-04-13,Night,10,25.43,3.8,2024-04-13,6,3,1.6666666666666667,Emergency,30
1,2024-04-14,Afternoon,37,35.57837837837838,3.4324324324324325,2024-04-14,11,4,3.3636363636363638,Emergency,30
1,2024-04-14,Morning,33,35.10303030303031,3.606060606060606,2024-04-14,10,4,3.3,Emergency,30
1,2024-04-14,Night,3,15.266666666666666,4.333333333333333,2024-04-14,6,3,0.5,Emergency,30
1,2024-04-15,Afternoon,24,29.47083333333333,3.75,2024-04-15,10,3,2.4,Emergency,30
1,2024-04-15,Morning,21,30.652380952380955,3.5714285714285716,2024-04-15,8,4,2.625,Emergency,30
1,2024-04-15,Night,5,19.96,4.6,2024-04-15,5,3,1.0,Emergency,30
1,2024-04-16,Afternoon,22,26.84090909090909,3.5454545454545454,2024-04-16,11,4,2.0,Emergency,30
1,2024-04-16,Morning,19,25.905263157894737,3.5789473684210527,2024-04-16,10,5,1.9,Emergency,30
1,2024-04-16,Night,8,21.175,3.75,2024-04-16,6,2,1.3333333333333333,Emergency,30
1,2024-04-17,Afternoon,30,32.25333333333334,3.6,2024-04-17,10,4,3.0,Emergency,30
1,2024-04-17,Morning,13,21.976923076923075,4.153846153846154,2024-04-17,10,4,1.3,Emergency,30
1,2024-04-17,Night,10,28.49,3.5,2024-04-17,5,2,2.0,Emergency,30
1,2024-04-18,Afternoon,24,29.820833333333336,3.9583333333333335,2024-04-18,9,4,2.6666666666666665,Emergency,30
1,2024-04-18,Morning,18,25.033333333333335,4.0,2024-04-18,10,4,1.8,Emergency,30
1,2024-04-18,Night,6,25.666666666666668,3.8333333333333335,2024-04-18,4,3,1.5,Emergency,30
1,2024-04-19,Afternoon,22,27.818181818181817,3.6818181818181817,2024-04-19,10,4,2.2,Emergency,30
1,2024-04-19,Morning,24,30.52916666666667,3.3333333333333335,2024-04-19,9,4,2.6666666666666665,Emergency,30
1,2024-04-19,Night,6,24.366666666666664,4.0,2024-04-19,5,2,1.2,Emergency,30
1,2024-04-20,Afternoon,35,33.59714285714286,3.6,2024-04-20,11,4,3.1818181818181817,Emergency,30
1,2024-04-20,Morning,28,30.32857142857143,3.5357142857142856,2024-04-20,11,5,2.5454545454545454,Emergency,30
1,2024-04-20,Night,4,20.95,4.25,2024-04-20,6,2,0.6666666666666666,Emergency,30
1,2024-04-21,Afternoon,33,35.54848484848485,3.4242424242424243,2024-04-21,10,4,3.3,Emergency,30
1,2024-04-21,Morning,33,34.54848484848485,3.5757575757575757,2024-04-21,11,4,3.0,Emergency,30
1,2024-04-21,Night,9,21.244444444444444,3.888888888888889,2024-04-21,6,3,1.5,Emergency,30
1,2024-04-22,Afternoon,30,30.85666666666667,3.433333333333333,2024-04-22,11,4,2.727272727272727,Emergency,30
1,2024-04-22,Morning,19,24.91578947368421,3.736842105263158,2024-04-22,9,4,2.111111111111111,Emergency,30
1,2024-04-22,Night,6,19.966666666666665,3.6666666666666665,2024-04-22,5,2,1.2,Emergency,30
1,2024-04-23,Afternoon,27,30.385185185185183,3.740740740740741,2024-04-23,10,4,2.7,Emergency,30
1,2024-04-23,Morning,25,28.232,3.72,2024-04-23,10,4,2.5,Emergency,30
1,2024-04-23,Night,6,15.433333333333332,3.3333333333333335,2024-04-23,6,2,1.0,Emergency,30
1,2024-04-24,Afternoon,31,31.46451612903226,3.5161290322580645,2024-04-24,11,4,2.8181818181818183,Emergency,30
1,2024-04-24,Morning,32,37.984375,3.3125,2024-04-24,9,4,3.5555555555555554,Emergency,30
1,2024-04-24,Night,3,11.299999999999999,4.0,2024-04-24,5,3,0.6,Emergency,30
1,2024-04-25,Afternoon,20,25.660000000000004,3.7,2024-04-25,10,4,2.0,Emergency,30
1,2024-04-25,Morning,16,23.23125,3.875,2024-04-25,10,4,1.6,Emergency,30
1,2024-04-25,Night,5,21.7,4.2,2024-04-25,6,3,0.8333333333333334,Emergency,30
1,2024-04-26,Afternoon,30,30.936666666666667,3.4,2024-04-26,10,4,3.0,Emergency,30
1,2024-04-26,Morning,21,26.495238095238093,3.761904761904762,2024-04-26,10,4,2.1,Emergency,30
1,2024-04-26,Night,6,18.733333333333334,3.8333333333333335,2024-04-26,4,2,1.5,Emergency,30
1,2024-04-27,Afternoon,33,32.342424242424244,3.606060606060606,2024-04-27,11,4,3.0,Emergency,30
1,2024-04-27,Morning,34,31.014705882352942,3.6470588235294117,2024-04-27,12,3,2.8333333333333335,Emergency,30
1,2024-04-27,Night,5,18.36,4.4,2024-04-27,6,2,0.8333333333333334,Emergency,30
1,2024-04-28,Afternoon,27,30.107407407407408,3.4814814814814814,2024-04-28,10,4,2.7,Emergency,30
1,2024-04-28,Morning,36,37.391666666666666,3.2777777777777777,2024-04-28,10,4,3.6,Emergency,30
1,2024-04-28,Night,10,26.130000000000003,3.6,2024-04-28,6,2,1.6666666666666667,Emergency,30
1,2024-04-29,Afternoon,25,31.94,3.44,2024-04-29,9,4,2.7777777777777777,Emergency,30
1,2024-04-29,Morning,28,35.85357142857143,3.6785714285714284,2024-04-29,8,4,3.5,Emergency,30
1,2024-04-29,Night,8,22.3125,3.5,2024-04-29,7,2,1.1428571428571428,Emergency,30
1,2024-04-30,Afternoon,30,33.31666666666667,3.6333333333333333,2024-04-30,10,4,3.0,Emergency,30
1,2024-04-30,Morning,18,26.62777777777778,3.8333333333333335,2024-04-30,10,4,1.8,Emergency,30
1,2024-04-30,Night,5,19.44,3.4,2024-04-30,4,2,1.25,Emergency,30
1,2024-05-01,Afternoon,25,29.232,3.32,2024-05-01,10,4,2.5,Emergency,30
1,2024-05-01,Morning,19,24.157894736842106,3.789473684210526,2024-05-01,10,4,1.9,Emergency,30
1,2024-05-01,Night,8,20.825,3.625,2024-05-01,6,3,1.3333333333333333,Emergency,30
1,2024-05-02,Afternoon,24,29.150000000000002,3.8333333333333335,2024-05-02,10,4,2.4,Emergency,30
1,2024-05-02,Morning,20,23.119999999999997,3.75,2024-05-02,11,4,1.8181818181818181,Emergency,30
1,2024-05-02,Night,5,15.34,3.6,2024-05-02,5,3,1.0,Emergency,30
1,2024-05-03,Afternoon,29,34.217241379310344,3.6551724137931036,2024-05-03,11,4,2.6363636363636362,Emergency,30
1,2024-05-03,Morning,28,32.47857142857143,3.642857142857143,2024-05-03,10,5,2.8,Emergency,30
1,2024-05-03,Night,7,23.75714285714286,3.7142857142857144,2024-05-03,5,2,1.4,Emergency,30
1,2024-05-04,Afternoon,33,34.73939393939394,3.272727272727273,2024-05-04,10,4,3.3,Emergency,30
1,2024-05-04,Morning,22,27.4,3.409090909090909,2024-05-04,11,4,2.0,Emergency,30
1,2024-05-04,Night,2,12.05,4.0,2024-05-04,5,2,0.4,Emergency,30
1,2024-05-05,Afternoon,25,29.408,3.56,2024-05-05,10,3,2.5,Emergency,30
1,2024-05-05,Morning,24,29.941666666666666,3.7916666666666665,2024-05-05,10,5,2.4,Emergency,30
1,2024-05-05,Night,6,19.266666666666666,4.166666666666667,2024-05-05,5,2,1.2,Emergency,30
1,2024-05-06,Afternoon,18,23.077777777777776,4.055555555555555,2024-05-06,10,4,1.8,Emergency,30
1,2024-05-06,Morning,26,37.33461538461539,3.5,2024-05-06,8,5,3.25,Emergency,30
1,2024-05-06,Night,5,18.240000000000002,3.4,2024-05-06,6,1,0.8333333333333334,Emergency,30
1,2024-05-07,Afternoon,20,26.57,3.8,2024-05-07,10,4,2.0,Emergency,30
1,2024-05-07,Morning,15,21.873333333333335,3.7333333333333334,2024-05-07,10,4,1.5,Emergency,30
1,2024-05-07,Night,3,12.333333333333334,4.333333333333333,2024-05-07,6,2,0.5,Emergency,30
1,2024-05-08,Afternoon,20,27.705000000000002,3.8,2024-05-08,10,4,2.0,Emergency,30
1,2024-05-08,Morning,30,34.263333333333335,3.466666666666667,2024-05-08,10,4,3.0,Emergency,30
1,2024-05-08,Night,7,22.842857142857145,3.2857142857142856,2024-05-08,4,2,1.75,Emergency,30
1,2024-05-09,Afternoon,31,35.41612903225807,3.3225806451612905,2024-05-09,9,4,3.4444444444444446,Emergency,30
1,2024-05-09,Morning,22,25.927272727272726,3.6818181818181817,2024-05-09,10,4,2.2,Emergency,30
1,2024-05-09,Night,6,17.233333333333334,4.0,2024-05-09,6,2,1.0,Emergency,30
1,2024-05-10,Afternoon,25,29.62,3.68,2024-05-10,9,4,2.7777777777777777,Emergency,30
1,2024-05-10,Morning,27,34.766666666666666,3.5925925925925926,2024-05-10,9,3,3.0,Emergency,30
1,2024-05-10,Night,9,22.677777777777777,3.888888888888889,2024-05-10,5,2,1.8,Emergency,30
1,2024-05-11,Afternoon,38,38.81842105263158,3.289473684210526,2024-05-11,10,4,3.8,Emergency,30
1,2024-05-11,Morning,37,36.52162162162162,3.5405405405405403,2024-05-11,11,3,3.3636363636363638,Emergency,30
1,2024-05-11,Night,9,23.788888888888888,3.7777777777777777,2024-05-11,5,2,1.8,Emergency,30
1,2024-05-12,Afternoon,34,34.59411764705882,3.5,2024-05-12,11,4,3.090909090909091,Emergency,30
1,2024-05-12,Morning,17,22.88823529411765,3.9411764705882355,2024-05-12,11,4,1.5454545454545454,Emergency,30
1,2024-05-12,Night,6,19.166666666666668,3.8333333333333335,2024-05-12,7,3,0.8571428571428571,Emergency,30
1,2024-05-13,Afternoon,27,32.837037037037035,3.5185185185185186,2024-05-13,9,4,3.0,Emergency,30
1,2024-05-13,Morning,22,29.69545454545455,3.5454545454545454,2024-05-13,8,5,2.75,Emergency,30
1,2024-05-13,Night,7,23.214285714285715,3.7142857142857144,2024-05-13,5,2,1.4,Emergency,30
1,2024-05-14,Afternoon,30,32.31666666666667,3.533333333333333,2024-05-14,10,4,3.0,Emergency,30
1,2024-05-14,Morning,20,24.490000000000002,3.8,2024-05-14,10,4,2.0,Emergency,30
1,2024-05-14,Night,6,19.95,3.8333333333333335,2024-05-14,5,2,1.2,Emergency,30
1,2024-05-15,Afternoon,30,34.5,3.466666666666667,2024-05-15,9,5,3.3333333333333335,Emergency,30
1,2024-05-15,Morning,16,23.3625,4.0,2024-05-15,9,3,1.7777777777777777,Emergency,30
1,2024-05-15,Night,5,17.52,3.0,2024-05-15,6,3,0.8333333333333334,Emergency,30
1,2024-05-16,Afternoon,26,29.111538461538462,3.3076923076923075,2024-05-16,10,4,2.6,Emergency,30
1,2024-05-16,Morning,24,29.733333333333334,3.625,2024-05-16,9,4,2.6666666666666665,Emergency,30
1,2024-05-16,Night,5,16.26,3.4,2024-05-16,5,2,1.0,Emergency,30
1,2024-05-17,Afternoon,37,36.2,3.4054054054054053,2024-05-17,10,4,3.7,Emergency,30
1,2024-05-17,Morning,30,32.49,3.466666666666667,2024-05-17,10,4,3.0,Emergency,30
1,2024-05-17,Night,7,19.74285714285714,3.857142857142857,2024-05-17,6,3,1.1666666666666667,Emergency,30
1,2024-05-18,Afternoon,26,29.073076923076922,3.576923076923077,2024-05-18,11,4,2.3636363636363638,Emergency,30
1,2024-05-18,Morning,22,24.5,3.909090909090909,2024-05-18,12,4,1.8333333333333333,Emergency,30
1,2024-05-18,Night,4,20.3,3.5,2024-05-18,5,2,0.8,Emergency,30
1,2024-05-19,Afternoon,21,28.97142857142857,3.380952380952381,2024-05-19,10,4,2.1,Emergency,30
1,2024-05-19,Morning,20,24.919999999999998,3.8,2024-05-19,11,4,1.8181818181818181,Emergency,30
1,2024-05-19,Night,8,24.2125,4.0,2024-05-19,5,3,1.6,Emergency,30
1,2024-05-20,Afternoon,30,33.14666666666667,3.6333333333333333,2024-05-20,10,4,3.0,Emergency,30
1,2024-05-20,Morning,16,26.00625,3.9375,2024-05-20,9,4,1.7777777777777777,Emergency,30
1,2024-05-20,Night,9,22.811111111111114,3.6666666666666665,2024-05-20,5,3,1.8,Emergency,30
1,2024-05-21,Afternoon,23,26.75217391304348,3.782608695652174,2024-05-21,10,4,2.3,Emergency,30
1,2024-05-21,Morning,22,27.90909090909091,3.6818181818181817,2024-05-21,10,5,2.2,Emergency,30
1,2024-05-21,Night,6,18.033333333333335,4.0,2024-05-21,5,2,1.2,Emergency,30
1,2024-05-22,Afternoon,33,36.627272727272725,3.5454545454545454,2024-05-22,9,3,3.6666666666666665,Emergency,30
1,2024-05-22,Morning,26,29.334615384615386,3.8461538461538463,2024-05-22,10,4,2.6,Emergency,30
1,2024-05-22,Night,4,21.625,3.75,2024-05-22,5,3,0.8,Emergency,30
1,2024-05-23,Afternoon,29,33.744827586206895,3.4827586206896552,2024-05-23,10,4,2.9,Emergency,30
1,2024-05-23,Morning,15,22.313333333333333,4.066666666666666,2024-05-23,10,5,1.5,Emergency,30
1,2024-05-23,Night,8,23.375,3.75,2024-05-23,4,3,2.0,Emergency,30
1,2024-05-24,Afternoon,23,31.030434782608697,3.608695652173913,2024-05-24,9,4,2.5555555555555554,Emergency,30
1,2024-05-24,Morning,29,35.08620689655172,3.2758620689655173,2024-05-24,9,4,3.2222222222222223,Emergency,30
1,2024-05-24,Night,10,23.86,4.0,2024-05-24,6,3,1.6666666666666667,Emergency,30
1,2024-05-25,Afternoon,31,35.42903225806452,3.4838709677419355,2024-05-25,9,4,3.4444444444444446,Emergency,30
1,2024-05-25,Morning,21,26.87142857142857,3.9047619047619047,2024-05-25,9,4,2.3333333333333335,Emergency,30
1,2024-05-25,Night,10,24.19,4.3,2024-05-25,6,2,1.6666666666666667,Emergency,30
1,2024-05-26,Afternoon,33,33.15151515151515,3.6666666666666665,2024-05-26,11,3,3.0,Emergency,30
1,2024-05-26,Morning,27,29.94814814814815,3.888888888888889,2024-05-26,11,5,2.4545454545454546,Emergency,30
1,2024-05-26,Night,5,22.22,3.4,2024-05-26,5,2,1.0,Emergency,30
1,2024-05-27,Afternoon,25,29.316,3.72,2024-05-27,10,3,2.5,Emergency,30
1,2024-05-27,Morning,19,27.00526315789474,3.8421052631578947,2024-05-27,8,4,2.375,Emergency,30
1,2024-05-27,Night,6,19.733333333333334,3.8333333333333335,2024-05-27,6,2,1.0,Emergency,30
1,2024-05-28,Afternoon,27,27.85185185185185,3.740740740740741,2024-05-28,11,4,2.4545454545454546,Emergency,30
1,2024-05-28,Morning,24,28.941666666666666,3.875,2024-05-28,11,4,2.1818181818181817,Emergency,30
1,2024-05-28,Night,4,13.75,3.25,2024-05-28,7,2,0.5714285714285714,Emergency,30
1,2024-05-29,Afternoon,28,33.596428571428575,3.4642857142857144,2024-05-29,9,5,3.111111111111111,Emergency,30
1,2024-05-29,Morning,23,28.57826086956522,3.4782608695652173,2024-05-29,10,4,2.3,Emergency,30
1,2024-05-29,Night,6,22.916666666666668,3.6666666666666665,2024-05-29,5,3,1.2,Emergency,30
1,2024-05-30,Afternoon,31,35.71935483870968,3.2903225806451615,2024-05-30,10,5,3.1,Emergency,30
1,2024-05-30,Morning,30,33.733333333333334,3.3666666666666667,2024-05-30,10,4,3.0,Emergency,30
1,2024-05-30,Night,5,20.5,3.8,2024-05-30,5,2,1.0,Emergency,30
1,2024-05-31,Afternoon,41,43.826829268292684,3.2195121951219514,2024-05-31,9,4,4.555555555555555,Emergency,30
1,2024-05-31,Morning,26,31.26923076923077,3.4615384615384617,2024-05-31,10,4,2.6,Emergency,30
1,2024-05-31,Night,4,19.175,4.25,2024-05-31,5,2,0.8,Emergency,30
1,2024-06-01,Afternoon,24,25.870833333333334,4.0,2024-06-01,11,4,2.1818181818181817,Emergency,30
1,2024-06-01,Morning,26,30.26923076923077,3.6923076923076925,2024-06-01,11,4,2.3636363636363638,Emergency,30
1,2024-06-01,Night,6,17.266666666666666,3.6666666666666665,2024-06-01,5,3,1.2,Emergency,30
1,2024-06-02,Afternoon,32,33.03125,3.59375,2024-06-02,11,3,2.909090909090909,Emergency,30
1,2024-06-02,Morning,23,27.599999999999998,3.6956521739130435,2024-06-02,11,4,2.090909090909091,Emergency,30
1,2024-06-02,Night,14,32.371428571428574,3.5714285714285716,2024-06-02,5,2,2.8,Emergency,30
1,2024-06-03,Afternoon,28,34.17857142857143,3.5,2024-06-03,9,4,3.111111111111111,Emergency,30
1,2024-06-03,Morning,20,27.225,3.45,2024-06-03,9,4,2.2222222222222223,Emergency,30
1,2024-06-03,Night,7,25.47142857142857,3.4285714285714284,2024-06-03,5,3,1.4,Emergency,30
1,2024-06-04,Afternoon,20,28.355,3.65,2024-06-04,10,3,2.0,Emergency,30
1,2024-06-04,Morning,17,21.429411764705883,3.588235294117647,2024-06-04,11,4,1.5454545454545454,Emergency,30
1,2024-06-04,Night,2,13.65,5.0,2024-06-04,5,2,0.4,Emergency,30
1,2024-06-05,Afternoon,27,28.51111111111111,3.814814814814815,2024-06-05,10,4,2.7,Emergency,30
1,2024-06-05,Morning,24,30.537499999999998,3.7083333333333335,2024-06-05,10,4,2.4,Emergency,30
1,2024-06-05,Night,5,16.04,3.8,2024-06-05,5,3,1.0,Emergency,30
1,2024-06-06,Afternoon,24,27.375,3.375,2024-06-06,11,4,2.1818181818181817,Emergency,30
1,2024-06-06,Morning,24,27.570833333333336,3.7083333333333335,2024-06-06,11,5,2.1818181818181817,Emergency,30
1,2024-06-06,Night,4,15.3,4.25,2024-06-06,5,2,0.8,Emergency,30
1,2024-06-07,Afternoon,30,34.53,3.6333333333333333,2024-06-07,9,4,3.3333333333333335,Emergency,30
1,2024-06-07,Morning,33,35.878787878787875,3.4242424242424243,2024-06-07,10,5,3.3,Emergency,30
1,2024-06-07,Night,10,24.36,3.8,2024-06-07,6,3,1.6666666666666667,Emergency,30
1,2024-06-08,Afternoon,34,33.71470588235294,3.3529411764705883,2024-06-08,11,4,3.090909090909091,Emergency,30
1,2024-06-08,Morning,17,22.58235294117647,3.823529411764706,2024-06-08,10,4,1.7,Emergency,30
1,2024-06-08,Night,10,27.68,3.4,2024-06-08,4,2,2.5,Emergency,30
1,2024-06-09,Afternoon,24,26.912499999999998,3.5833333333333335,2024-06-09,11,4,2.1818181818181817,Emergency,30
1,2024-06-09,Morning,32,34.340625,3.65625,2024-06-09,10,4,3.2,Emergency,30
1,2024-06-09,Night,10,21.18,3.8,2024-06-09,7,3,1.4285714285714286,Emergency,30
1,2024-06-10,Afternoon,19,24.147368421052633,4.0,2024-06-10,10,4,1.9,Emergency,30
1,2024-06-10,Morning,24,33.88333333333333,3.5833333333333335,2024-06-10,8,4,3.0,Emergency,30
1,2024-06-10,Night,6,19.266666666666666,4.333333333333333,2024-06-10,5,3,1.2,Emergency,30
1,2024-06-11,Afternoon,28,31.414285714285715,3.1785714285714284,2024-06-11,10,4,2.8,Emergency,30
1,2024-06-11,Morning,27,28.840740740740742,3.6296296296296298,2024-06-11,11,4,2.4545454545454546,Emergency,30
1,2024-06-11,Night,4,20.45,4.0,2024-06-11,6,2,0.6666666666666666,Emergency,30
1,2024-06-12,Afternoon,21,27.67142857142857,3.4285714285714284,2024-06-12,10,4,2.1,Emergency,30
1,2024-06-12,Morning,24,30.7625,3.5416666666666665,2024-06-12,9,3,2.6666666666666665,Emergency,30
1,2024-06-12,Night,5,19.92,4.2,2024-06-12,4,2,1.25,Emergency,30
1,2024-06-13,Afternoon,18,23.98888888888889,3.7222222222222223,2024-06-13,11,4,1.6363636363636365,Emergency,30
1,2024-06-13,Morning,30,30.73,3.5,2024-06-13,11,3,2.727272727272727,Emergency,30
1,2024-06-13,Night,6,16.016666666666666,3.8333333333333335,2024-06-13,5,3,1.2,Emergency,30
1,2024-06-14,Afternoon,27,30.09259259259259,3.5555555555555554,2024-06-14,10,4,2.7,Emergency,30
1,2024-06-14,Morning,23,26.669565217391302,3.5217391304347827,2024-06-14,10,4,2.3,Emergency,30
1,2024-06-14,Night,7,22.62857142857143,3.4285714285714284,2024-06-14,5,2,1.4,Emergency,30
1,2024-06-15,Afternoon,31,34.10967741935484,3.5806451612903225,2024-06-15,10,4,3.1,Emergency,30
1,2024-06-15,Morning,25,30.16,3.64,2024-06-15,10,4,2.5,Emergency,30
1,2024-06-15,Night,10,29.410000000000004,3.9,2024-06-15,5,2,2.0,Emergency,30
1,2024-06-16,Afternoon,20,28.825,3.75,2024-06-16,9,4,2.2222222222222223,Emergency,30
1,2024-06-16,Morning,26,28.75769230769231,3.5384615384615383,2024-06-16,11,4,2.3636363636363638,Emergency,30
1,2024-06-16,Night,12,24.625,3.6666666666666665,2024-06-16,6,2,2.0,Emergency,30
1,2024-06-17,Afternoon,20,26.21,3.55,2024-06-17,10,4,2.0,Emergency,30
1,2024-06-17,Morning,30,36.28,3.5,2024-06-17,9,3,3.3333333333333335,Emergency,30
1,2024-06-17,Night,5,17.48,4.0,2024-06-17,5,2,1.0,Emergency,30
1,2024-06-18,Afternoon,25,29.884,3.8,2024-06-18,10,4,2.5,Emergency,30
1,2024-06-18,Morning,28,35.996428571428574,3.392857142857143,2024-06-18,8,4,3.5,Emergency,30
1,2024-06-18,Night,6,20.150000000000002,4.166666666666667,2024-06-18,5,2,1.2,Emergency,30
1,2024-06-19,Afternoon,23,29.452173913043477,3.4782608695652173,2024-06-19,9,5,2.5555555555555554,Emergency,30
1,2024-06-19,Morning,18,23.394444444444446,4.0,2024-06-19,10,4,1.8,Emergency,30
1,2024-06-19,Night,3,11.633333333333333,4.0,2024-06-19,6,2,0.5,Emergency,30
1,2024-06-20,Afternoon,22,28.25,3.590909090909091,2024-06-20,10,4,2.2,Emergency,30
1,2024-06-20,Morning,26,28.911538461538463,3.6538461538461537,2024-06-20,11,4,2.3636363636363638,Emergency,30
1,2024-06-20,Night,5,20.8,4.6,2024-06-20,5,2,1.0,Emergency,30
1,2024-06-21,Afternoon,31,32.91290322580645,3.3548387096774195,2024-06-21,10,4,3.1,Emergency,30
1,2024-06-21,Morning,30,33.74666666666666,3.5,2024-06-21,10,4,3.0,Emergency,30
1,2024-06-21,Night,6,25.96666666666667,4.0,2024-06-21,4,2,1.5,Emergency,30
1,2024-06-22,Afternoon,40,39.3,3.375,2024-06-22,10,4,4.0,Emergency,30
1,2024-06-22,Morning,27,28.27037037037037,3.6296296296296298,2024-06-22,11,4,2.4545454545454546,Emergency,30
1,2024-06-22,Night,6,19.333333333333332,3.6666666666666665,2024-06-22,5,2,1.2,Emergency,30
1,2024-06-23,Afternoon,32,34.825,3.25,2024-06-23,10,4,3.2,Emergency,30
1,2024-06-23,Morning,27,31.07037037037037,3.4074074074074074,2024-06-23,10,4,2.7,Emergency,30
1,2024-06-23,Night,10,24.28,4.3,2024-06-23,6,2,1.6666666666666667,Emergency,30
1,2024-06-24,Afternoon,30,34.57,3.533333333333333,2024-06-24,9,4,3.3333333333333335,Emergency,30
1,2024-06-24,Morning,26,35.16538461538461,3.8461538461538463,2024-06-24,8,4,3.25,Emergency,30
1,2024-06-24,Night,4,21.9,3.75,2024-06-24,5,3,0.8,Emergency,30
1,2024-06-25,Afternoon,29,30.717241379310344,3.4482758620689653,2024-06-25,11,4,2.6363636363636362,Emergency,30
1,2024-06-25,Morning,18,26.205555555555556,3.888888888888889,2024-06-25,10,3,1.8,Emergency,30
1,2024-06-25,Night,5,20.119999999999997,3.8,2024-06-25,4,2,1.25,Emergency,30
1,2024-06-26,Afternoon,29,31.099999999999998,3.5517241379310347,2024-06-26,10,4,2.9,Emergency,30
1,2024-06-26,Morning,28,31.650000000000002,3.5357142857142856,2024-06-26,10,4,2.8,Emergency,30
1,2024-06-26,Night,5,21.380000000000003,4.2,2024-06-26,5,2,1.0,Emergency,30
1,2024-06-27,Afternoon,28,29.75357142857143,3.5357142857142856,2024-06-27,11,4,2.5454545454545454,Emergency,30
1,2024-06-27,Morning,22,24.49090909090909,3.8636363636363638,2024-06-27,11,3,2.0,Emergency,30
1,2024-06-27,Night,9,24.5,3.888888888888889,2024-06-27,5,2,1.8,Emergency,30
1,2024-06-28,Afternoon,33,34.79090909090909,3.4545454545454546,2024-06-28,10,4,3.3,Emergency,30
1,2024-06-28,Morning,32,34.246875,3.4375,2024-06-28,10,4,3.2,Emergency,30
1,2024-06-28,Night,4,21.35,4.0,2024-06-28,4,3,1.0,Emergency,30
1,2024-06-29,Afternoon,31,32.806451612903224,3.6129032258064515,2024-06-29,11,4,2.8181818181818183,Emergency,30
1,2024-06-29,Morning,27,29.685185185185187,3.259259259259259,2024-06-29,11,4,2.4545454545454546,Emergency,30
1,2024-06-29,Night,4,21.425,4.0,2024-06-29,4,3,1.0,Emergency,30
1,2024-06-30,Afternoon,33,32.987878787878785,3.484848484848485,2024-06-30,11,4,3.0,Emergency,30
1,2024-06-30,Morning,32,32.19375,3.6875,2024-06-30,11,4,2.909090909090909,Emergency,30
1,2024-06-30,Night,10,23.6,4.0,2024-06-30,6,2,1.6666666666666667,Emergency,30
1,2024-07-01,Afternoon,29,31.46551724137931,3.5172413793103448,2024-07-01,10,3,2.9,Emergency,30
1,2024-07-01,Morning,24,30.245833333333334,3.5,2024-07-01,9,4,2.6666666666666665,Emergency,30
1,2024-07-01,Night,1,10.9,4.0,2024-07-01,4,2,0.25,Emergency,30
1,2024-07-02,Afternoon,24,29.84583333333333,3.7083333333333335,2024-07-02,10,5,2.4,Emergency,30
1,2024-07-02,Morning,17,25.841176470588238,3.7058823529411766,2024-07-02,11,4,1.5454545454545454,Emergency,30
1,2024-07-02,Night,6,17.400000000000002,4.0,2024-07-02,5,2,1.2,Emergency,30
1,2024-07-03,Afternoon,29,33.36206896551724,3.4482758620689653,2024-07-03,10,5,2.9,Emergency,30
1,2024-07-03,Morning,31,33.76451612903226,3.3548387096774195,2024-07-03,10,3,3.1,Emergency,30
1,2024-07-03,Night,4,18.475,4.25,2024-07-03,5,3,0.8,Emergency,30
1,2024-07-04,Afternoon,27,31.01111111111111,3.7037037037037037,2024-07-04,10,4,2.7,Emergency,30
1,2024-07-04,Morning,26,32.24230769230769,3.5,2024-07-04,10,4,2.6,Emergency,30
1,2024-07-04,Night,14,32.93571428571429,3.4285714285714284,2024-07-04,4,2,3.5,Emergency,30
1,2024-07-05,Afternoon,32,35.375,3.1875,2024-07-05,10,4,3.2,Emergency,30
1,2024-07-05,Morning,26,30.642307692307693,3.576923076923077,2024-07-05,10,3,2.6,Emergency,30
1,2024-07-05,Night,8,28.3375,3.625,2024-07-05,4,2,2.0,Emergency,30
1,2024-07-06,Afternoon,23,27.508695652173916,3.4782608695652173,2024-07-06,10,4,2.3,Emergency,30
1,2024-07-06,Morning,27,28.87777777777778,3.6296296296296298,2024-07-06,11,4,2.4545454545454546,Emergency,30
1,2024-07-06,Night,6,17.0,4.166666666666667,2024-07-06,6,2,1.0,Emergency,30
1,2024-07-07,Afternoon,34,34.21764705882353,3.588235294117647,2024-07-07,11,4,3.090909090909091,Emergency,30
1,2024-07-07,Morning,33,35.0969696969697,3.606060606060606,2024-07-07,10,4,3.3,Emergency,30
1,2024-07-07,Night,5,19.12,3.8,2024-07-07,4,2,1.25,Emergency,30
1,2024-07-08,Afternoon,26,28.392307692307693,3.5384615384615383,2024-07-08,10,5,2.6,Emergency,30
1,2024-07-08,Morning,20,30.689999999999998,3.35,2024-07-08,8,4,2.5,Emergency,30
1,2024-07-08,Night,6,18.5,3.3333333333333335,2024-07-08,5,3,1.2,Emergency,30
1,2024-07-09,Afternoon,24,30.875,3.7083333333333335,2024-07-09,10,4,2.4,Emergency,30
1,2024-07-09,Morning,23,27.75217391304348,3.5652173913043477,2024-07-09,10,3,2.3,Emergency,30
1,2024-07-09,Night,2,9.95,3.5,2024-07-09,5,2,0.4,Emergency,30
1,2024-07-10,Afternoon,27,31.04074074074074,3.6296296296296298,2024-07-10,10,5,2.7,Emergency,30
1,2024-07-10,Morning,25,30.98,3.4,2024-07-10,9,4,2.7777777777777777,Emergency,30
1,2024-07-10,Night,2,9.3,5.0,2024-07-10,5,2,0.4,Emergency,30
1,2024-07-11,Afternoon,26,30.665384615384614,3.730769230769231,2024-07-11,10,4,2.6,Emergency,30
1,2024-07-11,Morning,15,24.433333333333334,3.8666666666666667,2024-07-11,10,4,1.5,Emergency,30
1,2024-07-11,Night,3,18.633333333333333,4.0,2024-07-11,5,3,0.6,Emergency,30
1,2024-07-12,Afternoon,35,37.16285714285714,3.4571428571428573,2024-07-12,10,5,3.5,Emergency,30
1,2024-07-12,Morning,22,27.272727272727273,3.5,2024-07-12,10,4,2.2,Emergency,30
1,2024-07-12,Night,8,25.55,3.875,2024-07-12,4,3,2.0,Emergency,30
1,2024-07-13,Afternoon,24,27.808333333333334,3.625,2024-07-13,11,4,2.1818181818181817,Emergency,30
1,2024-07-13,Morning,20,27.085,3.7,2024-07-13,10,4,2.0,Emergency,30
1,2024-07-13,Night,4,20.0,4.25,2024-07-13,5,2,0.8,Emergency,30
1,2024-07-14,Afternoon,34,35.35,3.588235294117647,2024-07-14,10,4,3.4,Emergency,30
1,2024-07-14,Morning,30,31.05666666666667,3.6,2024-07-14,11,5,2.727272727272727,Emergency,30
1,2024-07-14,Night,7,20.814285714285713,3.857142857142857,2024-07-14,5,2,1.4,Emergency,30
1,2024-07-15,Afternoon,19,21.510526315789473,3.789473684210526,2024-07-15,11,4,1.7272727272727273,Emergency,30
1,2024-07-15,Morning,28,35.875,3.25,2024-07-15,8,4,3.5,Emergency,30
1,2024-07-15,Night,2,9.85,5.0,2024-07-15,5,2,0.4,Emergency,30
1,2024-07-16,Afternoon,27,32.46666666666667,3.259259259259259,2024-07-16,9,4,3.0,Emergency,30
1,2024-07-16,Morning,25,28.16,3.76,2024-07-16,11,4,2.272727272727273,Emergency,30
1,2024-07-16,Night,3,14.466666666666667,4.0,2024-07-16,6,3,0.5,Emergency,30
1,2024-07-17,Afternoon,30,30.246666666666666,3.533333333333333,2024-07-17,11,4,2.727272727272727,Emergency,30
1,2024-07-17,Morning,29,35.04482758620689,3.5172413793103448,2024-07-17,9,4,3.2222222222222223,Emergency,30
1,2024-07-17,Night,4,21.475,3.75,2024-07-17,5,3,0.8,Emergency,30
1,2024-07-18,Afternoon,26,33.72692307692308,3.3846153846153846,2024-07-18,9,4,2.888888888888889,Emergency,30
1,2024-07-18,Morning,21,27.038095238095234,3.857142857142857,2024-07-18,10,4,2.1,Emergency,30
1,2024-07-18,Night,4,18.3,4.0,2024-07-18,5,2,0.8,Emergency,30
1,2024-07-19,Afternoon,35,35.86857142857143,3.4857142857142858,2024-07-19,10,4,3.5,Emergency,30
1,2024-07-19,Morning,33,34.869696969696975,3.6666666666666665,2024-07-19,10,4,3.3,Emergency,30
1,2024-07-19,Night,6,19.383333333333333,3.6666666666666665,2024-07-19,5,2,1.2,Emergency,30
1,2024-07-20,Afternoon,32,31.171875,3.4375,2024-07-20,11,4,2.909090909090909,Emergency,30
1,2024-07-20,Morning,27,30.477777777777778,3.5555555555555554,2024-07-20,11,3,2.4545454545454546,Emergency,30
1,2024-07-20,Night,7,21.557142857142857,4.0,2024-07-20,5,3,1.4,Emergency,30
1,2024-07-21,Afternoon,33,33.49393939393939,3.5454545454545454,2024-07-21,11,4,3.0,Emergency,30
1,2024-07-21,Morning,40,37.4325,3.475,2024-07-21,11,4,3.6363636363636362,Emergency,30
1,2024-07-21,Night,9,26.166666666666668,3.4444444444444446,2024-07-21,5,3,1.8,Emergency,30
1,2024-07-22,Afternoon,22,26.94090909090909,3.8636363636363638,2024-07-22,10,4,2.2,Emergency,30
1,2024-07-22,Morning,19,24.889473684210525,3.736842105263158,2024-07-22,9,4,2.111111111111111,Emergency,30
1,2024-07-22,Night,8,22.9875,3.5,2024-07-22,5,3,1.6,Emergency,30
1,2024-07-23,Afternoon,28,33.332142857142856,3.642857142857143,2024-07-23,9,4,3.111111111111111,Emergency,30
1,2024-07-23,Morning,32,35.25,3.375,2024-07-23,10,4,3.2,Emergency,30
1,2024-07-23,Night,5,19.080000000000002,4.0,2024-07-23,6,2,0.8333333333333334,Emergency,30
1,2024-07-24,Afternoon,22,28.086363636363636,3.772727272727273,2024-07-24,10,4,2.2,Emergency,30
1,2024-07-24,Morning,20,26.919999999999998,3.85,2024-07-24,9,4,2.2222222222222223,Emergency,30
1,2024-07-24,Night,6,18.383333333333333,3.6666666666666665,2024-07-24,5,2,1.2,Emergency,30
1,2024-07-25,Afternoon,24,25.791666666666668,3.375,2024-07-25,11,4,2.1818181818181817,Emergency,30
1,2024-07-25,Morning,28,30.667857142857144,3.4285714285714284,2024-07-25,10,4,2.8,Emergency,30
1,2024-07-25,Night,3,16.633333333333333,4.0,2024-07-25,6,2,0.5,Emergency,30
1,2024-07-26,Afternoon,28,30.38214285714286,3.4642857142857144,2024-07-26,10,4,2.8,Emergency,30
1,2024-07-26,Morning,33,32.14848484848485,3.5757575757575757,2024-07-26,11,4,3.0,Emergency,30
1,2024-07-26,Night,4,21.35,4.5,2024-07-26,5,3,0.8,Emergency,30
1,2024-07-27,Afternoon,26,34.09230769230769,3.5384615384615383,2024-07-27,9,4,2.888888888888889,Emergency,30
1,2024-07-27,Morning,33,35.40909090909091,3.515151515151515,2024-07-27,10,4,3.3,Emergency,30
1,2024-07-27,Night,5,14.98,4.2,2024-07-27,6,2,0.8333333333333334,Emergency,30
1,2024-07-28,Afternoon,34,39.70882352941176,3.1470588235294117,2024-07-28,9,4,3.7777777777777777,Emergency,30
1,2024-07-28,Morning,17,25.75294117647059,3.9411764705882355,2024-07-28,11,4,1.5454545454545454,Emergency,30
1,2024-07-28,Night,9,22.188888888888886,4.0,2024-07-28,6,2,1.5,Emergency,30
1,2024-07-29,Afternoon,23,30.59130434782609,3.6956521739130435,2024-07-29,9,4,2.5555555555555554,Emergency,30
1,2024-07-29,Morning,15,21.886666666666667,3.933333333333333,2024-07-29,9,4,1.6666666666666667,Emergency,30
1,2024-07-29,Night,7,24.2,3.4285714285714284,2024-07-29,4,3,1.75,Emergency,30
1,2024-07-30,Afternoon,18,24.422222222222224,3.9444444444444446,2024-07-30,10,4,1.8,Emergency,30
1,2024-07-30,Morning,26,31.48846153846154,3.3461538461538463,2024-07-30,9,4,2.888888888888889,Emergency,30
1,2024-07-30,Night,12,28.241666666666664,3.5,2024-07-30,5,2,2.4,Emergency,30
1,2024-07-31,Afternoon,20,25.860000000000003,3.5,2024-07-31,10,4,2.0,Emergency,30
1,2024-07-31,Morning,30,32.76,3.566666666666667,2024-07-31,10,4,3.0,Emergency,30
1,2024-07-31,Night,3,13.933333333333332,4.333333333333333,2024-07-31,6,1,0.5,Emergency,30
1,2024-08-01,Afternoon,25,31.288,3.68,2024-08-01,9,4,2.7777777777777777,Emergency,30
1,2024-08-01,Morning,22,27.58181818181818,4.045454545454546,2024-08-01,11,4,2.0,Emergency,30
1,2024-08-01,Night,3,11.4,4.333333333333333,2024-08-01,6,2,0.5,Emergency,30
1,2024-08-02,Afternoon,31,33.58387096774193,3.161290322580645,2024-08-02,10,3,3.1,Emergency,30
1,2024-08-02,Morning,28,32.32142857142857,3.357142857142857,2024-08-02,10,4,2.8,Emergency,30
1,2024-08-02,Night,12,28.066666666666666,3.6666666666666665,2024-08-02,5,3,2.4,Emergency,30
1,2024-08-03,Afternoon,29,31.558620689655175,3.6551724137931036,2024-08-03,10,4,2.9,Emergency,30
1,2024-08-03,Morning,32,31.996875,3.6875,2024-08-03,11,4,2.909090909090909,Emergency,30
1,2024-08-03,Night,4,18.075,4.75,2024-08-03,6,2,0.6666666666666666,Emergency,30
1,2024-08-04,Afternoon,35,36.768571428571434,3.4285714285714284,2024-08-04,10,4,3.5,Emergency,30
1,2024-08-04,Morning,19,23.768421052631577,3.8947368421052633,2024-08-04,10,3,1.9,Emergency,30
1,2024-08-04,Night,5,18.96,4.0,2024-08-04,5,2,1.0,Emergency,30
1,2024-08-05,Afternoon,20,24.685,3.85,2024-08-05,11,4,1.8181818181818181,Emergency,30
1,2024-08-05,Morning,24,32.24583333333333,3.75,2024-08-05,8,4,3.0,Emergency,30
1,2024-08-05,Night,7,21.714285714285715,3.857142857142857,2024-08-05,5,2,1.4,Emergency,30
1,2024-08-06,Afternoon,25,27.544,3.36,2024-08-06,10,4,2.5,Emergency,30
1,2024-08-06,Morning,20,26.014999999999997,3.95,2024-08-06,10,4,2.0,Emergency,30
1,2024-08-06,Night,8,23.275,3.625,2024-08-06,5,3,1.6,Emergency,30
1,2024-08-07,Afternoon,30,35.836666666666666,3.566666666666667,2024-08-07,9,4,3.3333333333333335,Emergency,30
1,2024-08-07,Morning,34,36.53529411764706,3.4411764705882355,2024-08-07,10,4,3.4,Emergency,30
1,2024-08-07,Night,6,21.71666666666667,4.0,2024-08-07,5,3,1.2,Emergency,30
1,2024-08-08,Afternoon,30,32.63,3.566666666666667,2024-08-08,10,4,3.0,Emergency,30
1,2024-08-08,Morning,17,25.27058823529412,4.411764705882353,2024-08-08,10,4,1.7,Emergency,30
1,2024-08-08,Night,6,19.666666666666668,3.5,2024-08-08,5,2,1.2,Emergency,30
1,2024-08-09,Afternoon,38,39.4078947368421,3.4210526315789473,2024-08-09,10,4,3.8,Emergency,30
1,2024-08-09,Morning,29,33.3551724137931,3.413793103448276,2024-08-09,9,4,3.2222222222222223,Emergency,30
1,2024-08-09,Night,2,7.35,4.5,2024-08-09,5,3,0.4,Emergency,30
1,2024-08-10,Afternoon,28,31.8,3.6785714285714284,2024-08-10,10,4,2.8,Emergency,30
1,2024-08-10,Morning,31,35.21290322580645,3.6451612903225805,2024-08-10,10,5,3.1,Emergency,30
1,2024-08-10,Night,6,19.783333333333335,3.6666666666666665,2024-08-10,5,3,1.2,Emergency,30
1,2024-08-11,Afternoon,34,34.18529411764706,3.5,2024-08-11,10,5,3.4,Emergency,30
1,2024-08-11,Morning,29,32.320689655172416,3.413793103448276,2024-08-11,10,4,2.9,Emergency,30
1,2024-08-11,Night,4,19.775,4.25,2024-08-11,5,3,0.8,Emergency,30
1,2024-08-12,Afternoon,26,30.28076923076923,3.769230769230769,2024-08-12,10,4,2.6,Emergency,30
1,2024-08-12,Morning,21,30.295238095238098,3.761904761904762,2024-08-12,8,4,2.625,Emergency,30
1,2024-08-12,Night,8,21.225,3.875,2024-08-12,5,2,1.6,Emergency,30
1,2024-08-13,Afternoon,20,26.205000000000002,3.75,2024-08-13,10,4,2.0,Emergency,30
1,2024-08-13,Morning,20,25.79,3.6,2024-08-13,9,4,2.2222222222222223,Emergency,30
1,2024-08-13,Night,15,34.3,3.2666666666666666,2024-08-13,5,3,3.0,Emergency,30
1,2024-08-14,Afternoon,29,29.32758620689655,3.4482758620689653,2024-08-14,11,4,2.6363636363636362,Emergency,30
1,2024-08-14,Morning,19,27.536842105263162,3.8421052631578947,2024-08-14,10,4,1.9,Emergency,30
1,2024-08-14,Night,3,18.366666666666667,4.0,2024-08-14,6,3,0.5,Emergency,30
1,2024-08-15,Afternoon,24,29.3125,3.8333333333333335,2024-08-15,10,4,2.4,Emergency,30
1,2024-08-15,Morning,29,32.41379310344828,3.7241379310344827,2024-08-15,10,3,2.9,Emergency,30
1,2024-08-15,Night,7,22.285714285714285,3.857142857142857,2024-08-15,5,3,1.4,Emergency,30
1,2024-08-16,Afternoon,23,27.48695652173913,3.608695652173913,2024-08-16,10,4,2.3,Emergency,30
1,2024-08-16,Morning,27,28.3962962962963,3.7777777777777777,2024-08-16,11,5,2.4545454545454546,Emergency,30
1,2024-08-16,Night,6,20.8,3.8333333333333335,2024-08-16,5,2,1.2,Emergency,30
1,2024-08-17,Afternoon,34,33.99411764705882,3.6470588235294117,2024-08-17,10,4,3.4,Emergency,30
1,2024-08-17,Morning,22,25.74090909090909,3.909090909090909,2024-08-17,12,4,1.8333333333333333,Emergency,30
1,2024-08-17,Night,3,18.0,4.0,2024-08-17,5,3,0.6,Emergency,30
1,2024-08-18,Afternoon,31,32.89677419354839,3.3225806451612905,2024-08-18,10,4,3.1,Emergency,30
1,2024-08-18,Morning,32,35.05625,3.53125,2024-08-18,10,3,3.2,Emergency,30
1,2024-08-18,Night,8,24.4125,3.875,2024-08-18,5,2,1.6,Emergency,30
1,2024-08-19,Afternoon,37,41.035135135135135,3.2432432432432434,2024-08-19,9,4,4.111111111111111,Emergency,30
1,2024-08-19,Morning,26,35.15,3.4615384615384617,2024-08-19,8,4,3.25,Emergency,30
1,2024-08-19,Night,5,15.98,4.2,2024-08-19,6,2,0.8333333333333334,Emergency,30
1,2024-08-20,Afternoon,32,34.834375,3.375,2024-08-20,10,4,3.2,Emergency,30
1,2024-08-20,Morning,13,23.384615384615383,3.6153846153846154,2024-08-20,10,4,1.3,Emergency,30
1,2024-08-20,Night,9,25.288888888888888,3.7777777777777777,2024-08-20,5,3,1.8,Emergency,30
1,2024-08-21,Afternoon,31,31.429032258064513,3.774193548387097,2024-08-21,10,3,3.1,Emergency,30
1,2024-08-21,Morning,23,27.36086956521739,3.4347826086956523,2024-08-21,10,3,2.3,Emergency,30
1,2024-08-21,Night,8,22.775,3.75,2024-08-21,6,2,1.3333333333333333,Emergency,30
1,2024-08-22,Afternoon,22,27.55909090909091,3.772727272727273,2024-08-22,10,4,2.2,Emergency,30
1,2024-08-22,Morning,22,26.004545454545454,3.909090909090909,2024-08-22,11,4,2.0,Emergency,30
1,2024-08-22,Night,11,24.40909090909091,3.6363636363636362,2024-08-22,6,2,1.8333333333333333,Emergency,30
1,2024-08-23,Afternoon,22,26.904545454545453,3.6363636363636362,2024-08-23,10,4,2.2,Emergency,30
1,2024-08-23,Morning,22,28.245454545454546,3.727272727272727,2024-08-23,10,4,2.2,Emergency,30
1,2024-08-23,Night,13,30.692307692307693,3.6153846153846154,2024-08-23,5,2,2.6,Emergency,30
1,2024-08-24,Afternoon,27,32.451851851851856,3.8518518518518516,2024-08-24,10,4,2.7,Emergency,30
1,2024-08-24,Morning,34,35.252941176470586,3.588235294117647,2024-08-24,10,4,3.4,Emergency,30
1,2024-08-24,Night,10,25.7,4.1,2024-08-24,6,3,1.6666666666666667,Emergency,30
1,2024-08-25,Afternoon,27,29.54074074074074,3.6666666666666665,2024-08-25,11,4,2.4545454545454546,Emergency,30
1,2024-08-25,Morning,34,34.72941176470588,3.5294117647058822,2024-08-25,11,4,3.090909090909091,Emergency,30
1,2024-08-25,Night,4,16.925,4.0,2024-08-25,6,2,0.6666666666666666,Emergency,30
1,2024-08-26,Afternoon,32,34.765625,3.5,2024-08-26,10,4,3.2,Emergency,30
1,2024-08-26,Morning,27,31.57777777777778,3.6666666666666665,2024-08-26,10,4,2.7,Emergency,30
1,2024-08-26,Night,5,19.7,4.2,2024-08-26,5,2,1.0,Emergency,30
1,2024-08-27,Afternoon,24,28.245833333333334,3.5416666666666665,2024-08-27,10,4,2.4,Emergency,30
1,2024-08-27,Morning,21,25.295238095238098,3.4761904761904763,2024-08-27,10,4,2.1,Emergency,30
1,2024-08-27,Night,4,19.9,3.75,2024-08-27,5,3,0.8,Emergency,30
1,2024-08-28,Afternoon,31,35.167741935483875,3.3225806451612905,2024-08-28,10,4,3.1,Emergency,30
1,2024-08-28,Morning,31,33.92903225806452,3.2903225806451615,2024-08-28,10,4,3.1,Emergency,30
1,2024-08-28,Night,5,13.74,4.0,2024-08-28,7,2,0.7142857142857143,Emergency,30
1,2024-08-29,Afternoon,28,31.582142857142856,3.4642857142857144,2024-08-29,10,4,2.8,Emergency,30
1,2024-08-29,Morning,31,34.39354838709678,3.6451612903225805,2024-08-29,10,4,3.1,Emergency,30
1,2024-08-29,Night,9,22.41111111111111,4.111111111111111,2024-08-29,5,3,1.8,Emergency,30
1,2024-08-30,Afternoon,21,27.59047619047619,3.6666666666666665,2024-08-30,10,3,2.1,Emergency,30
1,2024-08-30,Morning,25,26.772,3.72,2024-08-30,10,4,2.5,Emergency,30
1,2024-08-30,Night,8,26.875,4.0,2024-08-30,4,2,2.0,Emergency,30
1,2024-08-31,Afternoon,31,31.700000000000003,3.5161290322580645,2024-08-31,11,4,2.8181818181818183,Emergency,30
1,2024-08-31,Morning,22,27.513636363636362,3.727272727272727,2024-08-31,10,5,2.2,Emergency,30
1,2024-08-31,Night,4,16.125,3.5,2024-08-31,5,2,0.8,Emergency,30
1,2024-09-01,Afternoon,36,38.02777777777778,3.361111111111111,2024-09-01,10,4,3.6,Emergency,30
1,2024-09-01,Morning,38,38.4,3.4473684210526314,2024-09-01,10,4,3.8,Emergency,30
1,2024-09-01,Night,8,22.2,4.125,2024-09-01,6,3,1.3333333333333333,Emergency,30
1,2024-09-02,Afternoon,19,25.931578947368422,3.8421052631578947,2024-09-02,10,4,1.9,Emergency,30
1,2024-09-02,Morning,23,32.88695652173913,3.5217391304347827,2024-09-02,8,4,2.875,Emergency,30
1,2024-09-02,Night,2,12.850000000000001,4.5,2024-09-02,6,3,0.3333333333333333,Emergency,30
1,2024-09-03,Afternoon,18,24.65,3.7777777777777777,2024-09-03,10,4,1.8,Emergency,30
1,2024-09-03,Morning,19,26.736842105263158,3.6842105263157894,2024-09-03,9,4,2.111111111111111,Emergency,30
1,2024-09-03,Night,7,21.685714285714287,3.7142857142857144,2024-09-03,5,2,1.4,Emergency,30
1,2024-09-04,Afternoon,27,32.10740740740741,3.5185185185185186,2024-09-04,10,4,2.7,Emergency,30
1,2024-09-04,Morning,19,25.8,3.8421052631578947,2024-09-04,10,4,1.9,Emergency,30
1,2024-09-04,Night,8,22.675,4.375,2024-09-04,5,3,1.6,Emergency,30
1,2024-09-05,Afternoon,30,33.93,3.466666666666667,2024-09-05,9,4,3.3333333333333335,Emergency,30
1,2024-09-05,Morning,18,26.344444444444445,3.611111111111111,2024-09-05,9,5,2.0,Emergency,30
1,2024-09-05,Night,6,19.083333333333332,3.5,2024-09-05,5,2,1.2,Emergency,30
1,2024-09-06,Afternoon,38,38.757894736842104,3.263157894736842,2024-09-06,10,4,3.8,Emergency,30
1,2024-09-06,Morning,20,26.075,3.6,2024-09-06,10,3,2.0,Emergency,30
1,2024-09-06,Night,7,19.12857142857143,3.857142857142857,2024-09-06,5,2,1.4,Emergency,30
1,2024-09-07,Afternoon,25,31.916,3.48,2024-09-07,9,4,2.7777777777777777,Emergency,30
1,2024-09-07,Morning,28,33.09285714285714,3.5,2024-09-07,10,4,2.8,Emergency,30
1,2024-09-07,Night,7,20.5,3.2857142857142856,2024-09-07,6,2,1.1666666666666667,Emergency,30
1,2024-09-08,Afternoon,30,30.240000000000002,3.6,2024-09-08,11,4,2.727272727272727,Emergency,30
1,2024-09-08,Morning,24,27.520833333333332,3.75,2024-09-08,11,3,2.1818181818181817,Emergency,30
1,2024-09-08,Night,6,21.416666666666668,4.0,2024-09-08,6,3,1.0,Emergency,30
1,2024-09-09,Afternoon,21,28.75238095238095,3.7142857142857144,2024-09-09,9,4,2.3333333333333335,Emergency,30
1,2024-09-09,Morning,35,46.56285714285715,2.914285714285714,2024-09-09,7,4,5.0,Emergency,30
1,2024-09-09,Night,7,23.085714285714285,3.4285714285714284,2024-09-09,5,1,1.4,Emergency,30
1,2024-09-10,Afternoon,30,30.346666666666668,3.533333333333333,2024-09-10,11,4,2.727272727272727,Emergency,30
1,2024-09-10,Morning,22,25.218181818181815,3.772727272727273,2024-09-10,11,4,2.0,Emergency,30
1,2024-09-10,Night,6,18.266666666666666,3.3333333333333335,2024-09-10,5,3,1.2,Emergency,30
1,2024-09-11,Afternoon,24,29.991666666666664,3.4166666666666665,2024-09-11,9,4,2.6666666666666665,Emergency,30
1,2024-09-11,Morning,23,28.543478260869566,3.9130434782608696,2024-09-11,10,5,2.3,Emergency,30
1,2024-09-11,Night,8,21.325,3.875,2024-09-11,6,2,1.3333333333333333,Emergency,30
1,2024-09-12,Afternoon,34,35.95294117647059,3.5,2024-09-12,10,4,3.4,Emergency,30
1,2024-09-12,Morning,24,27.429166666666664,3.625,2024-09-12,11,5,2.1818181818181817,Emergency,30
1,2024-09-12,Night,2,5.35,4.0,2024-09-12,5,1,0.4,Emergency,30
1,2024-09-13,Afternoon,41,40.81463414634147,3.1219512195121952,2024-09-13,10,5,4.1,Emergency,30
1,2024-09-13,Morning,32,35.153125,3.8125,2024-09-13,10,4,3.2,Emergency,30
1,2024-09-13,Night,7,17.857142857142858,3.857142857142857,2024-09-13,6,3,1.1666666666666667,Emergency,30
1,2024-09-14,Afternoon,34,36.720588235294116,3.3529411764705883,2024-09-14,10,4,3.4,Emergency,30
1,2024-09-14,Morning,27,28.77037037037037,3.740740740740741,2024-09-14,11,4,2.4545454545454546,Emergency,30
1,2024-09-14,Night,4,12.425,4.0,2024-09-14,5,3,0.8,Emergency,30
1,2024-09-15,Afternoon,31,33.329032258064515,3.5483870967741935,2024-09-15,11,3,2.8181818181818183,Emergency,30
1,2024-09-15,Morning,27,31.02592592592593,3.6296296296296298,2024-09-15,11,4,2.4545454545454546,Emergency,30
1,2024-09-15,Night,9,21.37777777777778,3.7777777777777777,2024-09-15,6,3,1.5,Emergency,30
1,2024-09-16,Afternoon,25,29.855999999999998,3.72,2024-09-16,10,4,2.5,Emergency,30
1,2024-09-16,Morning,21,28.223809523809525,3.9047619047619047,2024-09-16,8,4,2.625,Emergency,30
1,2024-09-16,Night,6,19.316666666666666,4.666666666666667,2024-09-16,6,3,1.0,Emergency,30
1,2024-09-17,Afternoon,23,27.869565217391305,3.608695652173913,2024-09-17,10,4,2.3,Emergency,30
1,2024-09-17,Morning,31,32.987096774193546,3.7096774193548385,2024-09-17,11,4,2.8181818181818183,Emergency,30
1,2024-09-17,Night,8,21.4125,3.5,2024-09-17,5,2,1.6,Emergency,30
1,2024-09-18,Afternoon,29,31.9551724137931,3.586206896551724,2024-09-18,10,4,2.9,Emergency,30
1,2024-09-18,Morning,31,34.851612903225806,3.4838709677419355,2024-09-18,10,4,3.1,Emergency,30
1,2024-09-18,Night,4,20.5,4.25,2024-09-18,4,2,1.0,Emergency,30
1,2024-09-19,Afternoon,18,25.72222222222222,3.6666666666666665,2024-09-19,9,4,2.0,Emergency,30
1,2024-09-19,Morning,23,28.082608695652173,3.5652173913043477,2024-09-19,11,5,2.090909090909091,Emergency,30
1,2024-09-19,Night,5,13.919999999999998,4.2,2024-09-19,7,3,0.7142857142857143,Emergency,30
1,2024-09-20,Afternoon,31,37.4483870967742,3.129032258064516,2024-09-20,9,4,3.4444444444444446,Emergency,30
1,2024-09-20,Morning,31,32.82258064516129,3.3225806451612905,2024-09-20,10,4,3.1,Emergency,30
1,2024-09-20,Night,9,22.844444444444445,3.888888888888889,2024-09-20,6,2,1.5,Emergency,30
1,2024-09-21,Afternoon,29,33.317241379310346,3.310344827586207,2024-09-21,10,4,2.9,Emergency,30
1,2024-09-21,Morning,26,27.75,3.730769230769231,2024-09-21,11,4,2.3636363636363638,Emergency,30
1,2024-09-21,Night,5,18.380000000000003,4.4,2024-09-21,5,2,1.0,Emergency,30
1,2024-09-22,Afternoon,41,38.25365853658537,3.317073170731707,2024-09-22,11,4,3.727272727272727,Emergency,30
1,2024-09-22,Morning,33,35.49090909090909,3.4242424242424243,2024-09-22,10,3,3.3,Emergency,30
1,2024-09-22,Night,7,20.4,3.7142857142857144,2024-09-22,6,2,1.1666666666666667,Emergency,30
1,2024-09-23,Afternoon,28,31.02857142857143,3.4285714285714284,2024-09-23,10,4,2.8,Emergency,30
1,2024-09-23,Morning,15,24.0,4.333333333333333,2024-09-23,8,4,1.875,Emergency,30
1,2024-09-23,Night,6,18.566666666666666,3.8333333333333335,2024-09-23,5,3,1.2,Emergency,30
1,2024-09-24,Afternoon,20,26.925,3.65,2024-09-24,10,4,2.0,Emergency,30
1,2024-09-24,Morning,26,29.85,3.6538461538461537,2024-09-24,10,4,2.6,Emergency,30
1,2024-09-24,Night,9,25.77777777777778,3.4444444444444446,2024-09-24,5,2,1.8,Emergency,30
1,2024-09-25,Afternoon,22,24.436363636363637,3.772727272727273,2024-09-25,11,4,2.0,Emergency,30
1,2024-09-25,Morning,19,26.821052631578947,3.789473684210526,2024-09-25,9,3,2.111111111111111,Emergency,30
1,2024-09-25,Night,5,16.34,4.0,2024-09-25,6,1,0.8333333333333334,Emergency,30
1,2024-09-26,Afternoon,40,38.29,3.225,2024-09-26,10,4,4.0,Emergency,30
1,2024-09-26,Morning,26,30.926923076923078,3.423076923076923,2024-09-26,10,5,2.6,Emergency,30
1,2024-09-26,Night,4,19.1,4.75,2024-09-26,5,2,0.8,Emergency,30
1,2024-09-27,Afternoon,23,27.882608695652173,3.869565217391304,2024-09-27,10,4,2.3,Emergency,30
1,2024-09-27,Morning,28,33.767857142857146,3.4285714285714284,2024-09-27,9,4,3.111111111111111,Emergency,30
1,2024-09-27,Night,5,18.7,3.6,2024-09-27,5,3,1.0,Emergency,30
1,2024-09-28,Afternoon,30,32.31,3.7333333333333334,2024-09-28,10,4,3.0,Emergency,30
1,2024-09-28,Morning,33,35.630303030303025,3.3333333333333335,2024-09-28,10,4,3.3,Emergency,30
1,2024-09-28,Night,7,19.014285714285712,3.7142857142857144,2024-09-28,7,2,1.0,Emergency,30
1,2024-09-29,Afternoon,35,35.28857142857142,3.3142857142857145,2024-09-29,10,4,3.5,Emergency,30
1,2024-09-29,Morning,29,31.482758620689655,3.7241379310344827,2024-09-29,11,4,2.6363636363636362,Emergency,30
1,2024-09-29,Night,11,26.045454545454547,3.909090909090909,2024-09-29,5,2,2.2,Emergency,30
1,2024-09-30,Afternoon,33,37.7969696969697,3.1515151515151514,2024-09-30,9,3,3.6666666666666665,Emergency,30
1,2024-09-30,Morning,23,32.44347826086957,3.6956521739130435,2024-09-30,8,3,2.875,Emergency,30
1,2024-09-30,Night,4,20.650000000000002,3.75,2024-09-30,4,2,1.0,Emergency,30
1,2024-10-01,Afternoon,34,37.03823529411765,3.6176470588235294,2024-10-01,10,4,3.4,Emergency,30
1,2024-10-01,Morning,23,28.078260869565216,3.5652173913043477,2024-10-01,10,5,2.3,Emergency,30
1,2024-10-01,Night,6,21.933333333333334,3.6666666666666665,2024-10-01,5,3,1.2,Emergency,30
1,2024-10-02,Afternoon,21,24.928571428571427,3.619047619047619,2024-10-02,10,4,2.1,Emergency,30
1,2024-10-02,Morning,26,29.684615384615384,3.6538461538461537,2024-10-02,10,3,2.6,Emergency,30
1,2024-10-02,Night,4,16.85,3.75,2024-10-02,5,2,0.8,Emergency,30
1,2024-10-03,Afternoon,20,27.04,3.8,2024-10-03,11,5,1.8181818181818181,Emergency,30
1,2024-10-03,Morning,18,26.211111111111112,3.8333333333333335,2024-10-03,10,4,1.8,Emergency,30
1,2024-10-03,Night,5,15.1,3.8,2024-10-03,6,2,0.8333333333333334,Emergency,30
1,2024-10-04,Afternoon,24,28.633333333333336,3.625,2024-10-04,10,3,2.4,Emergency,30
1,2024-10-04,Morning,12,19.933333333333334,3.75,2024-10-04,10,4,1.2,Emergency,30
1,2024-10-04,Night,10,24.11,3.9,2024-10-04,6,3,1.6666666666666667,Emergency,30
1,2024-10-05,Afternoon,32,32.215625,3.59375,2024-10-05,11,5,2.909090909090909,Emergency,30
1,2024-10-05,Morning,23,25.269565217391307,3.5652173913043477,2024-10-05,11,4,2.090909090909091,Emergency,30
1,2024-10-05,Night,5,17.56,3.8,2024-10-05,6,2,0.8333333333333334,Emergency,30
1,2024-10-06,Afternoon,29,31.455172413793104,3.5172413793103448,2024-10-06,11,4,2.6363636363636362,Emergency,30
1,2024-10-06,Morning,30,30.746666666666666,3.6333333333333333,2024-10-06,12,4,2.5,Emergency,30
1,2024-10-06,Night,6,23.183333333333334,4.0,2024-10-06,6,3,1.0,Emergency,30
1,2024-10-07,Afternoon,18,27.538888888888888,3.888888888888889,2024-10-07,9,5,2.0,Emergency,30
1,2024-10-07,Morning,28,36.39642857142857,3.5,2024-10-07,8,5,3.5,Emergency,30
1,2024-10-07,Night,5,19.34,4.0,2024-10-07,5,2,1.0,Emergency,30
1,2024-10-08,Afternoon,24,28.125,3.9166666666666665,2024-10-08,10,4,2.4,Emergency,30
1,2024-10-08,Morning,24,29.454166666666666,3.6666666666666665,2024-10-08,10,4,2.4,Emergency,30
1,2024-10-08,Night,9,22.066666666666666,4.222222222222222,2024-10-08,6,2,1.5,Emergency,30
1,2024-10-09,Afternoon,31,32.73225806451613,3.4838709677419355,2024-10-09,10,4,3.1,Emergency,30
1,2024-10-09,Morning,18,24.644444444444446,3.888888888888889,2024-10-09,10,4,1.8,Emergency,30
1,2024-10-09,Night,4,18.45,4.5,2024-10-09,5,2,0.8,Emergency,30
1,2024-10-10,Afternoon,22,30.004545454545454,3.272727272727273,2024-10-10,9,4,2.4444444444444446,Emergency,30
1,2024-10-10,Morning,24,27.724999999999998,4.0,2024-10-10,11,3,2.1818181818181817,Emergency,30
1,2024-10-10,Night,6,22.95,4.0,2024-10-10,4,3,1.5,Emergency,30
1,2024-10-11,Afternoon,39,37.66153846153846,3.2564102564102564,2024-10-11,11,4,3.5454545454545454,Emergency,30
1,2024-10-11,Morning,26,31.553846153846152,3.6153846153846154,2024-10-11,9,4,2.888888888888889,Emergency,30
1,2024-10-11,Night,7,21.285714285714285,3.0,2024-10-11,6,3,1.1666666666666667,Emergency,30
1,2024-10-12,Afternoon,38,40.439473684210526,3.236842105263158,2024-10-12,9,4,4.222222222222222,Emergency,30
1,2024-10-12,Morning,32,35.175,3.625,2024-10-12,10,4,3.2,Emergency,30
1,2024-10-12,Night,5,16.779999999999998,4.0,2024-10-12,6,3,0.8333333333333334,Emergency,30
1,2024-10-13,Afternoon,28,30.974999999999998,3.642857142857143,2024-10-13,10,5,2.8,Emergency,30
1,2024-10-13,Morning,29,31.155172413793103,3.6551724137931036,2024-10-13,10,4,2.9,Emergency,30
1,2024-10-13,Night,8,18.6,3.75,2024-10-13,5,3,1.6,Emergency,30
1,2024-10-14,Afternoon,21,24.74761904761905,3.5714285714285716,2024-10-14,10,5,2.1,Emergency,30
1,2024-10-14,Morning,30,36.17666666666666,3.6666666666666665,2024-10-14,9,4,3.3333333333333335,Emergency,30
1,2024-10-14,Night,2,11.45,4.0,2024-10-14,6,2,0.3333333333333333,Emergency,30
1,2024-10-15,Afternoon,25,30.984,3.68,2024-10-15,10,4,2.5,Emergency,30
1,2024-10-15,Morning,25,28.088,3.48,2024-10-15,10,4,2.5,Emergency,30
1,2024-10-15,Night,8,26.925,3.625,2024-10-15,4,3,2.0,Emergency,30
1,2024-10-16,Afternoon,23,27.82608695652174,3.6956521739130435,2024-10-16,11,4,2.090909090909091,Emergency,30
1,2024-10-16,Morning,16,21.1,4.1875,2024-10-16,11,4,1.4545454545454546,Emergency,30
1,2024-10-16,Night,3,17.5,3.6666666666666665,2024-10-16,5,3,0.6,Emergency,30
1,2024-10-17,Afternoon,29,32.13793103448276,3.3448275862068964,2024-10-17,10,3,2.9,Emergency,30
1,2024-10-17,Morning,20,28.47,3.8,2024-10-17,9,4,2.2222222222222223,Emergency,30
1,2024-10-17,Night,10,25.990000000000002,4.0,2024-10-17,5,3,2.0,Emergency,30
1,2024-10-18,Afternoon,31,31.02258064516129,3.806451612903226,2024-10-18,11,4,2.8181818181818183,Emergency,30
1,2024-10-18,Morning,25,27.944000000000003,3.6,2024-10-18,11,4,2.272727272727273,Emergency,30
1,2024-10-18,Night,9,26.133333333333333,3.7777777777777777,2024-10-18,5,3,1.8,Emergency,30
1,2024-10-19,Afternoon,26,29.392307692307693,3.5,2024-10-19,10,4,2.6,Emergency,30
1,2024-10-19,Morning,28,31.839285714285715,3.5714285714285716,2024-10-19,10,4,2.8,Emergency,30
1,2024-10-19,Night,7,20.414285714285715,3.857142857142857,2024-10-19,6,3,1.1666666666666667,Emergency,30
1,2024-10-20,Afternoon,37,37.22432432432432,3.27027027027027,2024-10-20,11,4,3.3636363636363638,Emergency,30
1,2024-10-20,Morning,33,34.49393939393939,3.606060606060606,2024-10-20,10,4,3.3,Emergency,30
1,2024-10-20,Night,9,28.71111111111111,3.888888888888889,2024-10-20,5,3,1.8,Emergency,30
1,2024-10-21,Afternoon,30,31.433333333333334,3.6666666666666665,2024-10-21,11,4,2.727272727272727,Emergency,30
1,2024-10-21,Morning,22,28.345454545454547,3.6363636363636362,2024-10-21,9,4,2.4444444444444446,Emergency,30
1,2024-10-21,Night,6,19.366666666666667,4.0,2024-10-21,6,2,1.0,Emergency,30
1,2024-10-22,Afternoon,37,38.8027027027027,3.2972972972972974,2024-10-22,10,4,3.7,Emergency,30
1,2024-10-22,Morning,20,26.595,3.9,2024-10-22,10,4,2.0,Emergency,30
1,2024-10-22,Night,5,20.22,3.4,2024-10-22,5,2,1.0,Emergency,30
1,2024-10-23,Afternoon,18,22.177777777777777,3.5555555555555554,2024-10-23,10,4,1.8,Emergency,30
1,2024-10-23,Morning,24,28.3,3.5,2024-10-23,10,4,2.4,Emergency,30
1,2024-10-23,Night,4,16.2,4.5,2024-10-23,6,3,0.6666666666666666,Emergency,30
1,2024-10-24,Afternoon,25,27.8,3.84,2024-10-24,11,4,2.272727272727273,Emergency,30
1,2024-10-24,Morning,21,25.623809523809523,3.761904761904762,2024-10-24,10,4,2.1,Emergency,30
1,2024-10-24,Night,2,15.95,3.5,2024-10-24,5,3,0.4,Emergency,30
1,2024-10-25,Afternoon,40,39.07,3.25,2024-10-25,10,3,4.0,Emergency,30
1,2024-10-25,Morning,21,23.961904761904762,3.619047619047619,2024-10-25,11,4,1.9090909090909092,Emergency,30
1,2024-10-25,Night,15,29.486666666666668,3.6666666666666665,2024-10-25,6,2,2.5,Emergency,30
1,2024-10-26,Afternoon,30,31.11,3.6,2024-10-26,11,4,2.727272727272727,Emergency,30
1,2024-10-26,Morning,27,29.755555555555556,3.4814814814814814,2024-10-26,10,4,2.7,Emergency,30
1,2024-10-26,Night,7,19.985714285714288,4.142857142857143,2024-10-26,6,3,1.1666666666666667,Emergency,30
1,2024-10-27,Afternoon,37,35.33513513513514,3.4324324324324325,2024-10-27,11,4,3.3636363636363638,Emergency,30
1,2024-10-27,Morning,39,36.694871794871794,3.4871794871794872,2024-10-27,11,4,3.5454545454545454,Emergency,30
1,2024-10-27,Night,7,23.542857142857144,4.285714285714286,2024-10-27,6,1,1.1666666666666667,Emergency,30
1,2024-10-28,Afternoon,23,28.073913043478264,3.4347826086956523,2024-10-28,10,4,2.3,Emergency,30
1,2024-10-28,Morning,17,28.900000000000002,3.8823529411764706,2024-10-28,8,4,2.125,Emergency,30
1,2024-10-28,Night,5,16.56,3.8,2024-10-28,5,2,1.0,Emergency,30
1,2024-10-29,Afternoon,35,34.06285714285715,3.6,2024-10-29,11,3,3.1818181818181817,Emergency,30
1,2024-10-29,Morning,18,22.833333333333332,3.7222222222222223,2024-10-29,11,4,1.6363636363636365,Emergency,30
1,2024-10-29,Night,6,20.266666666666666,3.8333333333333335,2024-10-29,5,2,1.2,Emergency,30
1,2024-10-30,Afternoon,23,28.756521739130434,3.5217391304347827,2024-10-30,9,3,2.5555555555555554,Emergency,30
1,2024-10-30,Morning,22,27.531818181818185,3.6363636363636362,2024-10-30,10,5,2.2,Emergency,30
1,2024-10-30,Night,4,15.25,4.5,2024-10-30,5,2,0.8,Emergency,30
1,2024-10-31,Afternoon,28,31.57857142857143,3.7857142857142856,2024-10-31,11,4,2.5454545454545454,Emergency,30
1,2024-10-31,Morning,25,30.971999999999998,3.44,2024-10-31,9,4,2.7777777777777777,Emergency,30
1,2024-10-31,Night,4,19.15,4.0,2024-10-31,5,2,0.8,Emergency,30
1,2024-11-01,Afternoon,26,29.77692307692308,3.6923076923076925,2024-11-01,10,4,2.6,Emergency,30
1,2024-11-01,Morning,40,36.8925,3.225,2024-11-01,11,4,3.6363636363636362,Emergency,30
1,2024-11-01,Night,8,27.3625,3.625,2024-11-01,5,2,1.6,Emergency,30
1,2024-11-02,Afternoon,31,33.41290322580645,3.5161290322580645,2024-11-02,11,4,2.8181818181818183,Emergency,30
1,2024-11-02,Morning,28,28.04642857142857,3.6785714285714284,2024-11-02,11,4,2.5454545454545454,Emergency,30
1,2024-11-02,Night,7,22.357142857142858,3.7142857142857144,2024-11-02,5,2,1.4,Emergency,30
1,2024-11-03,Afternoon,31,36.67741935483871,3.2903225806451615,2024-11-03,9,5,3.4444444444444446,Emergency,30
1,2024-11-03,Morning,21,24.01904761904762,3.6666666666666665,2024-11-03,11,4,1.9090909090909092,Emergency,30
1,2024-11-03,Night,6,19.900000000000002,4.0,2024-11-03,6,3,1.0,Emergency,30
1,2024-11-04,Afternoon,22,24.16818181818182,3.727272727272727,2024-11-04,12,4,1.8333333333333333,Emergency,30
1,2024-11-04,Morning,23,32.04347826086956,3.6956521739130435,2024-11-04,8,4,2.875,Emergency,30
1,2024-11-04,Night,5,18.580000000000002,4.0,2024-11-04,5,2,1.0,Emergency,30
1,2024-11-05,Afternoon,31,32.619354838709675,3.3870967741935485,2024-11-05,10,4,3.1,Emergency,30
1,2024-11-05,Morning,26,28.76153846153846,3.6923076923076925,2024-11-05,10,4,2.6,Emergency,30
1,2024-11-05,Night,10,25.56,3.6,2024-11-05,5,2,2.0,Emergency,30
1,2024-11-06,Afternoon,30,34.34,3.5,2024-11-06,10,4,3.0,Emergency,30
1,2024-11-06,Morning,17,24.147058823529413,3.823529411764706,2024-11-06,11,4,1.5454545454545454,Emergency,30
1,2024-11-06,Night,3,13.299999999999999,4.666666666666667,2024-11-06,6,2,0.5,Emergency,30
1,2024-11-07,Afternoon,15,23.32,3.6666666666666665,2024-11-07,11,4,1.3636363636363635,Emergency,30
1,2024-11-07,Morning,25,28.308000000000003,3.68,2024-11-07,10,4,2.5,Emergency,30
1,2024-11-07,Night,5,15.719999999999999,4.4,2024-11-07,5,3,1.0,Emergency,30
1,2024-11-08,Afternoon,33,34.35454545454546,3.484848484848485,2024-11-08,10,4,3.3,Emergency,30
1,2024-11-08,Morning,23,28.36086956521739,3.4782608695652173,2024-11-08,10,3,2.3,Emergency,30
1,2024-11-08,Night,11,27.218181818181815,4.181818181818182,2024-11-08,5,2,2.2,Emergency,30
1,2024-11-09,Afternoon,26,28.023076923076925,3.423076923076923,2024-11-09,10,4,2.6,Emergency,30
1,2024-11-09,Morning,34,33.241176470588236,3.6470588235294117,2024-11-09,11,4,3.090909090909091,Emergency,30
1,2024-11-09,Night,2,15.3,4.5,2024-11-09,5,2,0.4,Emergency,30
1,2024-11-10,Afternoon,32,31.1625,3.34375,2024-11-10,12,4,2.6666666666666665,Emergency,30
1,2024-11-10,Morning,32,29.584375,3.65625,2024-11-10,12,5,2.6666666666666665,Emergency,30
1,2024-11-10,Night,8,24.9125,3.5,2024-11-10,6,2,1.3333333333333333,Emergency,30
1,2024-11-11,Afternoon,19,22.989473684210527,3.6842105263157894,2024-11-11,11,4,1.7272727272727273,Emergency,30
1,2024-11-11,Morning,15,26.12,3.8666666666666667,2024-11-11,8,4,1.875,Emergency,30
1,2024-11-11,Night,3,12.933333333333332,4.0,2024-11-11,6,3,0.5,Emergency,30
1,2024-11-12,Afternoon,26,30.903846153846153,3.5384615384615383,2024-11-12,10,4,2.6,Emergency,30
1,2024-11-12,Morning,22,29.318181818181817,3.8636363636363638,2024-11-12,10,4,2.2,Emergency,30
1,2024-11-12,Night,5,18.94,3.6,2024-11-12,5,3,1.0,Emergency,30
1,2024-11-13,Afternoon,27,30.996296296296297,3.6296296296296298,2024-11-13,10,4,2.7,Emergency,30
1,2024-11-13,Morning,20,26.415,3.85,2024-11-13,10,4,2.0,Emergency,30
1,2024-11-13,Night,5,23.56,3.8,2024-11-13,5,2,1.0,Emergency,30
1,2024-11-14,Afternoon,20,26.169999999999998,3.75,2024-11-14,9,4,2.2222222222222223,Emergency,30
1,2024-11-14,Morning,28,32.982142857142854,3.3214285714285716,2024-11-14,10,5,2.8,Emergency,30
1,2024-11-14,Night,11,25.20909090909091,3.8181818181818183,2024-11-14,5,3,2.2,Emergency,30
1,2024-11-15,Afternoon,37,38.38108108108108,3.4594594594594597,2024-11-15,10,3,3.7,Emergency,30
1,2024-11-15,Morning,32,36.0125,3.40625,2024-11-15,10,4,3.2,Emergency,30
1,2024-11-15,Night,8,21.8625,4.0,2024-11-15,5,2,1.6,Emergency,30
1,2024-11-16,Afternoon,35,34.72,3.3714285714285714,2024-11-16,11,4,3.1818181818181817,Emergency,30
1,2024-11-16,Morning,25,28.971999999999998,3.6,2024-11-16,11,4,2.272727272727273,Emergency,30
1,2024-11-16,Night,6,17.083333333333332,4.0,2024-11-16,6,2,1.0,Emergency,30
1,2024-11-17,Afternoon,30,32.78333333333333,3.7,2024-11-17,10,4,3.0,Emergency,30
1,2024-11-17,Morning,26,29.384615384615383,3.6153846153846154,2024-11-17,10,4,2.6,Emergency,30
1,2024-11-17,Night,7,23.385714285714283,4.0,2024-11-17,5,3,1.4,Emergency,30
1,2024-11-18,Afternoon,27,31.203703703703702,3.5925925925925926,2024-11-18,9,4,3.0,Emergency,30
1,2024-11-18,Morning,33,40.621212121212125,3.4545454545454546,2024-11-18,8,4,4.125,Emergency,30
1,2024-11-18,Night,7,23.099999999999998,3.7142857142857144,2024-11-18,5,2,1.4,Emergency,30
1,2024-11-19,Afternoon,28,31.582142857142856,3.8214285714285716,2024-11-19,10,5,2.8,Emergency,30
1,2024-11-19,Morning,28,30.646428571428572,3.5714285714285716,2024-11-19,10,4,2.8,Emergency,30
1,2024-11-19,Night,9,27.655555555555555,3.6666666666666665,2024-11-19,4,3,2.25,Emergency,30
1,2024-11-20,Afternoon,41,38.2390243902439,3.1219512195121952,2024-11-20,11,4,3.727272727272727,Emergency,30
1,2024-11-20,Morning,13,21.192307692307693,3.923076923076923,2024-11-20,11,5,1.1818181818181819,Emergency,30
1,2024-11-20,Night,7,22.585714285714285,4.142857142857143,2024-11-20,4,2,1.75,Emergency,30
1,2024-11-21,Afternoon,28,34.32142857142857,3.4642857142857144,2024-11-21,9,4,3.111111111111111,Emergency,30
1,2024-11-21,Morning,19,23.08421052631579,3.6842105263157894,2024-11-21,11,4,1.7272727272727273,Emergency,30
1,2024-11-21,Night,6,24.03333333333333,4.0,2024-11-21,6,3,1.0,Emergency,30
1,2024-11-22,Afternoon,28,29.103571428571428,3.2857142857142856,2024-11-22,11,4,2.5454545454545454,Emergency,30
1,2024-11-22,Morning,36,37.94444444444444,3.5,2024-11-22,10,3,3.6,Emergency,30
1,2024-11-22,Night,10,27.26,3.7,2024-11-22,6,3,1.6666666666666667,Emergency,30
1,2024-11-23,Afternoon,29,32.07931034482758,3.413793103448276,2024-11-23,11,4,2.6363636363636362,Emergency,30
1,2024-11-23,Morning,29,33.45172413793104,3.8275862068965516,2024-11-23,10,4,2.9,Emergency,30
1,2024-11-23,Night,6,18.150000000000002,4.0,2024-11-23,6,2,1.0,Emergency,30
1,2024-11-24,Afternoon,26,29.584615384615386,3.4615384615384617,2024-11-24,10,4,2.6,Emergency,30
1,2024-11-24,Morning,20,24.875,3.85,2024-11-24,10,3,2.0,Emergency,30
1,2024-11-24,Night,9,22.311111111111114,3.5555555555555554,2024-11-24,6,3,1.5,Emergency,30
1,2024-11-25,Afternoon,26,29.707692307692305,3.4615384615384617,2024-11-25,10,3,2.6,Emergency,30
1,2024-11-25,Morning,24,32.983333333333334,3.4583333333333335,2024-11-25,8,4,3.0,Emergency,30
1,2024-11-25,Night,3,15.933333333333332,4.666666666666667,2024-11-25,5,3,0.6,Emergency,30
1,2024-11-26,Afternoon,22,26.35,3.6818181818181817,2024-11-26,10,4,2.2,Emergency,30
1,2024-11-26,Morning,21,24.785714285714285,3.5714285714285716,2024-11-26,11,4,1.9090909090909092,Emergency,30
1,2024-11-26,Night,6,21.483333333333334,4.0,2024-11-26,5,2,1.2,Emergency,30
1,2024-11-27,Afternoon,22,27.477272727272727,3.909090909090909,2024-11-27,10,4,2.2,Emergency,30
1,2024-11-27,Morning,16,24.46875,4.125,2024-11-27,11,4,1.4545454545454546,Emergency,30
1,2024-11-27,Night,4,15.55,4.0,2024-11-27,5,2,0.8,Emergency,30
1,2024-11-28,Afternoon,24,25.995833333333334,3.5833333333333335,2024-11-28,11,4,2.1818181818181817,Emergency,30
1,2024-11-28,Morning,16,23.0875,3.5625,2024-11-28,10,5,1.6,Emergency,30
1,2024-11-28,Night,6,21.25,4.333333333333333,2024-11-28,5,2,1.2,Emergency,30
1,2024-11-29,Afternoon,33,32.554545454545455,3.5454545454545454,2024-11-29,11,4,3.0,Emergency,30
1,2024-11-29,Morning,35,33.879999999999995,3.6,2024-11-29,11,4,3.1818181818181817,Emergency,30
1,2024-11-29,Night,9,27.522222222222222,3.5555555555555554,2024-11-29,4,2,2.25,Emergency,30
1,2024-11-30,Afternoon,38,37.32631578947369,3.5,2024-11-30,11,5,3.4545454545454546,Emergency,30
1,2024-11-30,Morning,24,28.712500000000002,3.4583333333333335,2024-11-30,9,4,2.6666666666666665,Emergency,30
1,2024-11-30,Night,6,20.583333333333332,4.333333333333333,2024-11-30,5,2,1.2,Emergency,30
1,2024-12-01,Afternoon,40,38.015,3.3,2024-12-01,11,3,3.6363636363636362,Emergency,30
1,2024-12-01,Morning,34,36.54705882352941,3.4705882352941178,2024-12-01,10,4,3.4,Emergency,30
1,2024-12-01,Night,11,24.627272727272725,4.090909090909091,2024-12-01,6,3,1.8333333333333333,Emergency,30
1,2024-12-02,Afternoon,23,30.208695652173912,3.5217391304347827,2024-12-02,9,4,2.5555555555555554,Emergency,30
1,2024-12-02,Morning,34,43.682352941176475,3.411764705882353,2024-12-02,8,4,4.25,Emergency,30
1,2024-12-02,Night,4,21.1,4.0,2024-12-02,5,3,0.8,Emergency,30
1,2024-12-03,Afternoon,37,38.18648648648649,3.2972972972972974,2024-12-03,10,4,3.7,Emergency,30
1,2024-12-03,Morning,29,31.420689655172417,3.689655172413793,2024-12-03,10,4,2.9,Emergency,30
1,2024-12-03,Night,2,16.9,4.5,2024-12-03,5,3,0.4,Emergency,30
1,2024-12-04,Afternoon,31,32.9,3.5806451612903225,2024-12-04,10,4,3.1,Emergency,30
1,2024-12-04,Morning,23,28.073913043478264,3.391304347826087,2024-12-04,9,4,2.5555555555555554,Emergency,30
1,2024-12-04,Night,8,22.675,3.5,2024-12-04,6,3,1.3333333333333333,Emergency,30
1,2024-12-05,Afternoon,43,41.39767441860465,3.2325581395348837,2024-12-05,10,4,4.3,Emergency,30
1,2024-12-05,Morning,39,42.830769230769235,3.1538461538461537,2024-12-05,9,4,4.333333333333333,Emergency,30
1,2024-12-05,Night,15,32.14666666666667,3.933333333333333,2024-12-05,5,2,3.0,Emergency,30
1,2024-12-06,Afternoon,40,41.305,3.025,2024-12-06,10,4,4.0,Emergency,30
1,2024-12-06,Morning,37,34.77567567567568,3.5135135135135136,2024-12-06,11,4,3.3636363636363638,Emergency,30
1,2024-12-06,Night,10,24.669999999999998,4.1,2024-12-06,5,3,2.0,Emergency,30
1,2024-12-07,Afternoon,35,35.86857142857143,3.4285714285714284,2024-12-07,10,4,3.5,Emergency,30
1,2024-12-07,Morning,45,43.64888888888889,3.2888888888888888,2024-12-07,10,4,4.5,Emergency,30
1,2024-12-07,Night,13,29.661538461538463,3.5384615384615383,2024-12-07,5,2,2.6,Emergency,30
1,2024-12-08,Afternoon,47,44.38085106382979,3.0851063829787235,2024-12-08,10,4,4.7,Emergency,30
1,2024-12-08,Morning,43,42.41162790697675,3.441860465116279,2024-12-08,10,4,4.3,Emergency,30
1,2024-12-08,Night,12,28.258333333333336,3.75,2024-12-08,5,3,2.4,Emergency,30
1,2024-12-09,Afternoon,41,37.38292682926829,3.268292682926829,2024-12-09,11,4,3.727272727272727,Emergency,30
1,2024-12-09,Morning,27,36.99629629629629,3.2962962962962963,2024-12-09,8,4,3.375,Emergency,30
1,2024-12-09,Night,7,20.814285714285713,3.857142857142857,2024-12-09,5,3,1.4,Emergency,30
1,2024-12-10,Afternoon,25,30.691999999999997,3.48,2024-12-10,10,4,2.5,Emergency,30
1,2024-12-10,Morning,30,31.833333333333332,3.533333333333333,2024-12-10,11,4,2.727272727272727,Emergency,30
1,2024-12-10,Night,6,18.5,3.8333333333333335,2024-12-10,6,3,1.0,Emergency,30
1,2024-12-11,Afternoon,25,30.764,3.32,2024-12-11,9,4,2.7777777777777777,Emergency,30
1,2024-12-11,Morning,31,34.70322580645161,3.3225806451612905,2024-12-11,10,4,3.1,Emergency,30
1,2024-12-11,Night,6,21.433333333333334,3.8333333333333335,2024-12-11,6,3,1.0,Emergency,30
1,2024-12-12,Afternoon,43,43.123255813953485,3.116279069767442,2024-12-12,10,4,4.3,Emergency,30
1,2024-12-12,Morning,26,29.56153846153846,3.423076923076923,2024-12-12,10,4,2.6,Emergency,30
1,2024-12-12,Night,7,19.585714285714285,3.857142857142857,2024-12-12,5,2,1.4,Emergency,30
1,2024-12-13,Afternoon,38,38.32368421052632,3.4473684210526314,2024-12-13,10,4,3.8,Emergency,30
1,2024-12-13,Morning,31,32.79032258064516,3.4838709677419355,2024-12-13,10,4,3.1,Emergency,30
1,2024-12-13,Night,9,23.844444444444445,3.3333333333333335,2024-12-13,5,3,1.8,Emergency,30
1,2024-12-14,Afternoon,43,41.47441860465116,3.1627906976744184,2024-12-14,10,5,4.3,Emergency,30
1,2024-12-14,Morning,38,36.276315789473685,3.236842105263158,2024-12-14,11,4,3.4545454545454546,Emergency,30
1,2024-12-14,Night,9,21.77777777777778,3.888888888888889,2024-12-14,6,3,1.5,Emergency,30
1,2024-12-15,Afternoon,32,34.734375,3.15625,2024-12-15,10,4,3.2,Emergency,30
1,2024-12-15,Morning,40,34.527499999999996,3.5,2024-12-15,12,4,3.3333333333333335,Emergency,30
1,2024-12-15,Night,4,17.625,3.5,2024-12-15,5,3,0.8,Emergency,30
1,2024-12-16,Afternoon,34,35.57647058823529,3.1176470588235294,2024-12-16,10,4,3.4,Emergency,30
1,2024-12-16,Morning,28,31.714285714285715,3.6785714285714284,2024-12-16,9,4,3.111111111111111,Emergency,30
1,2024-12-16,Night,4,15.125,4.0,2024-12-16,7,2,0.5714285714285714,Emergency,30
1,2024-12-17,Afternoon,31,34.193548387096776,3.6129032258064515,2024-12-17,10,4,3.1,Emergency,30
1,2024-12-17,Morning,23,27.843478260869563,3.739130434782609,2024-12-17,10,4,2.3,Emergency,30
1,2024-12-17,Night,5,22.04,4.0,2024-12-17,5,2,1.0,Emergency,30
1,2024-12-18,Afternoon,35,37.00285714285714,3.4571428571428573,2024-12-18,10,4,3.5,Emergency,30
1,2024-12-18,Morning,30,36.166666666666664,3.4,2024-12-18,9,4,3.3333333333333335,Emergency,30
1,2024-12-18,Night,11,21.345454545454547,3.909090909090909,2024-12-18,6,2,1.8333333333333333,Emergency,30
1,2024-12-19,Afternoon,33,37.57575757575758,3.121212121212121,2024-12-19,9,3,3.6666666666666665,Emergency,30
1,2024-12-19,Morning,37,37.56216216216216,3.4864864864864864,2024-12-19,10,4,3.7,Emergency,30
1,2024-12-19,Night,10,22.45,3.8,2024-12-19,6,3,1.6666666666666667,Emergency,30
1,2024-12-20,Afternoon,46,47.22826086956522,2.891304347826087,2024-12-20,9,3,5.111111111111111,Emergency,30
1,2024-12-20,Morning,33,39.71818181818182,3.121212121212121,2024-12-20,9,4,3.6666666666666665,Emergency,30
1,2024-12-20,Night,6,22.016666666666666,3.6666666666666665,2024-12-20,5,2,1.2,Emergency,30
1,2024-12-21,Afternoon,35,35.785714285714285,3.7142857142857144,2024-12-21,11,4,3.1818181818181817,Emergency,30
1,2024-12-21,Morning,43,39.367441860465114,3.116279069767442,2024-12-21,11,3,3.909090909090909,Emergency,30
1,2024-12-21,Night,6,20.53333333333333,4.166666666666667,2024-12-21,6,2,1.0,Emergency,30
1,2024-12-22,Afternoon,51,44.35490196078431,3.0588235294117645,2024-12-22,11,4,4.636363636363637,Emergency,30
1,2024-12-22,Morning,47,41.36382978723404,3.0,2024-12-22,11,4,4.2727272727272725,Emergency,30
1,2024-12-22,Night,10,26.619999999999997,3.7,2024-12-22,5,2,2.0,Emergency,30
1,2024-12-23,Afternoon,22,29.854545454545452,3.6818181818181817,2024-12-23,9,4,2.4444444444444446,Emergency,30
1,2024-12-23,Morning,23,30.452173913043477,3.4782608695652173,2024-12-23,8,4,2.875,Emergency,30
1,2024-12-23,Night,10,24.79,3.3,2024-12-23,6,3,1.6666666666666667,Emergency,30
1,2024-12-24,Afternoon,25,30.064,3.68,2024-12-24,10,4,2.5,Emergency,30
1,2024-12-24,Morning,28,34.24285714285714,3.3214285714285716,2024-12-24,9,3,3.111111111111111,Emergency,30
1,2024-12-24,Night,5,19.5,3.4,2024-12-24,6,2,0.8333333333333334,Emergency,30
1,2024-12-25,Afternoon,35,36.01428571428571,3.4,2024-12-25,10,4,3.5,Emergency,30
1,2024-12-25,Morning,28,29.803571428571427,3.4642857142857144,2024-12-25,11,4,2.5454545454545454,Emergency,30
1,2024-12-25,Night,2,17.35,4.0,2024-12-25,6,3,0.3333333333333333,Emergency,30
1,2024-12-26,Afternoon,25,28.816,3.56,2024-12-26,10,4,2.5,Emergency,30
1,2024-12-26,Morning,36,33.68611111111111,3.5277777777777777,2024-12-26,11,4,3.272727272727273,Emergency,30
1,2024-12-26,Night,13,28.99230769230769,3.3076923076923075,2024-12-26,5,2,2.6,Emergency,30
1,2024-12-27,Afternoon,50,51.038000000000004,3.02,2024-12-27,9,4,5.555555555555555,Emergency,30
1,2024-12-27,Morning,38,38.352631578947374,3.526315789473684,2024-12-27,10,4,3.8,Emergency,30
1,2024-12-27,Night,10,24.36,3.9,2024-12-27,5,2,2.0,Emergency,30
1,2024-12-28,Afternoon,45,43.83111111111111,3.2444444444444445,2024-12-28,10,4,4.5,Emergency,30
1,2024-12-28,Morning,39,38.853846153846156,3.1538461538461537,2024-12-28,10,4,3.9,Emergency,30
1,2024-12-28,Night,7,22.885714285714283,3.7142857142857144,2024-12-28,5,3,1.4,Emergency,30
1,2024-12-29,Afternoon,42,37.773809523809526,3.4047619047619047,2024-12-29,11,4,3.8181818181818183,Emergency,30
1,2024-12-29,Morning,38,39.98157894736842,3.473684210526316,2024-12-29,10,4,3.8,Emergency,30
1,2024-12-29,Night,9,23.955555555555556,3.888888888888889,2024-12-29,5,2,1.8,Emergency,30
1,2024-12-30,Afternoon,28,31.182142857142857,3.5357142857142856,2024-12-30,10,5,2.8,Emergency,30
1,2024-12-30,Morning,30,33.75,3.6666666666666665,2024-12-30,9,3,3.3333333333333335,Emergency,30
1,2024-12-30,Night,7,21.857142857142858,4.0,2024-12-30,5,3,1.4,Emergency,30
1,2024-12-31,Afternoon,25,29.608,3.72,2024-12-31,10,4,2.5,Emergency,30
1,2024-12-31,Morning,30,30.32,3.3333333333333335,2024-12-31,11,3,2.727272727272727,Emergency,30
1,2024-12-31,Night,9,26.311111111111114,4.0,2024-12-31,5,2,1.8,Emergency,30
2,2024-01-01,Afternoon,10,31.04,3.9,2024-01-01,5,2,2.0,Cardiology,45
2,2024-01-01,Morning,2,18.35,4.5,2024-01-01,4,2,0.5,Cardiology,45
2,2024-01-01,Night,2,29.95,4.0,2024-01-01,4,2,0.5,Cardiology,45
2,2024-01-02,Afternoon,6,23.349999999999998,3.6666666666666665,2024-01-02,5,2,1.2,Cardiology,45
2,2024-01-02,Morning,5,23.619999999999997,3.6,2024-01-02,6,3,0.8333333333333334,Cardiology,45
2,2024-01-03,Afternoon,5,22.92,4.2,2024-01-03,6,2,0.8333333333333334,Cardiology,45
2,2024-01-03,Morning,7,25.314285714285713,3.857142857142857,2024-01-03,5,2,1.4,Cardiology,45
2,2024-01-03,Night,1,15.9,4.0,2024-01-03,4,2,0.25,Cardiology,45
2,2024-01-04,Afternoon,6,25.266666666666666,3.6666666666666665,2024-01-04,6,2,1.0,Cardiology,45
2,2024-01-04,Morning,6,27.916666666666668,4.0,2024-01-04,5,2,1.2,Cardiology,45
2,2024-01-05,Afternoon,7,28.885714285714283,4.142857142857143,2024-01-05,5,2,1.4,Cardiology,45
2,2024-01-05,Morning,8,27.7,3.75,2024-01-05,5,2,1.6,Cardiology,45
2,2024-01-05,Night,2,26.55,4.5,2024-01-05,3,1,0.6666666666666666,Cardiology,45
2,2024-01-06,Afternoon,4,18.4,4.25,2024-01-06,6,2,0.6666666666666666,Cardiology,45
2,2024-01-06,Morning,4,29.049999999999997,4.0,2024-01-06,4,2,1.0,Cardiology,45
2,2024-01-06,Night,1,13.4,3.0,2024-01-06,3,1,0.3333333333333333,Cardiology,45
2,2024-01-07,Afternoon,6,25.633333333333336,3.6666666666666665,2024-01-07,6,2,1.0,Cardiology,45
2,2024-01-07,Morning,6,24.53333333333333,4.166666666666667,2024-01-07,6,2,1.0,Cardiology,45
2,2024-01-07,Night,1,22.3,5.0,2024-01-07,3,1,0.3333333333333333,Cardiology,45
2,2024-01-08,Afternoon,5,22.46,4.2,2024-01-08,5,1,1.0,Cardiology,45
2,2024-01-08,Morning,10,36.269999999999996,3.7,2024-01-08,4,2,2.5,Cardiology,45
2,2024-01-08,Night,3,21.866666666666664,4.0,2024-01-08,3,1,1.0,Cardiology,45
2,2024-01-09,Afternoon,5,25.04,3.8,2024-01-09,5,2,1.0,Cardiology,45
2,2024-01-09,Morning,5,25.939999999999998,3.8,2024-01-09,5,2,1.0,Cardiology,45
2,2024-01-09,Night,1,24.7,4.0,2024-01-09,2,1,0.5,Cardiology,45
2,2024-01-10,Afternoon,9,31.422222222222224,3.6666666666666665,2024-01-10,4,2,2.25,Cardiology,45
2,2024-01-10,Morning,7,28.014285714285712,4.285714285714286,2024-01-10,5,2,1.4,Cardiology,45
2,2024-01-10,Night,1,17.1,4.0,2024-01-10,3,2,0.3333333333333333,Cardiology,45
2,2024-01-11,Afternoon,8,30.2125,3.75,2024-01-11,5,1,1.6,Cardiology,45
2,2024-01-11,Morning,8,28.2625,4.25,2024-01-11,5,2,1.6,Cardiology,45
2,2024-01-11,Night,3,22.266666666666666,4.333333333333333,2024-01-11,3,1,1.0,Cardiology,45
2,2024-01-12,Afternoon,8,26.7625,3.5,2024-01-12,4,2,2.0,Cardiology,45
2,2024-01-12,Morning,5,25.96,3.6,2024-01-12,4,2,1.25,Cardiology,45
2,2024-01-12,Night,2,20.700000000000003,4.0,2024-01-12,3,1,0.6666666666666666,Cardiology,45
2,2024-01-13,Afternoon,5,22.0,4.2,2024-01-13,5,2,1.0,Cardiology,45
2,2024-01-13,Morning,3,20.933333333333334,4.666666666666667,2024-01-13,5,2,0.6,Cardiology,45
2,2024-01-14,Afternoon,4,20.625,4.25,2024-01-14,5,2,0.8,Cardiology,45
2,2024-01-14,Morning,1,25.9,4.0,2024-01-14,4,2,0.25,Cardiology,45
2,2024-01-14,Night,1,21.3,4.0,2024-01-14,4,1,0.25,Cardiology,45
2,2024-01-15,Afternoon,4,26.0,4.25,2024-01-15,4,3,1.0,Cardiology,45
2,2024-01-15,Morning,7,30.228571428571428,3.7142857142857144,2024-01-15,4,2,1.75,Cardiology,45
2,2024-01-15,Night,3,21.900000000000002,4.0,2024-01-15,3,1,1.0,Cardiology,45
2,2024-01-16,Afternoon,8,29.25,3.625,2024-01-16,5,2,1.6,Cardiology,45
2,2024-01-16,Morning,5,20.740000000000002,4.0,2024-01-16,5,1,1.0,Cardiology,45
2,2024-01-16,Night,2,19.0,4.5,2024-01-16,4,1,0.5,Cardiology,45
2,2024-01-17,Afternoon,8,28.3625,4.125,2024-01-17,5,2,1.6,Cardiology,45
2,2024-01-17,Morning,5,24.419999999999998,4.0,2024-01-17,5,3,1.0,Cardiology,45
2,2024-01-17,Night,3,21.5,4.0,2024-01-17,4,1,0.75,Cardiology,45
2,2024-01-18,Afternoon,7,33.785714285714285,3.7142857142857144,2024-01-18,4,2,1.75,Cardiology,45
2,2024-01-18,Morning,4,24.175,4.5,2024-01-18,6,2,0.6666666666666666,Cardiology,45
2,2024-01-19,Afternoon,4,22.35,4.5,2024-01-19,5,2,0.8,Cardiology,45
2,2024-01-19,Morning,5,21.080000000000002,3.8,2024-01-19,5,2,1.0,Cardiology,45
2,2024-01-20,Afternoon,5,25.4,4.0,2024-01-20,6,2,0.8333333333333334,Cardiology,45
2,2024-01-20,Morning,5,23.08,4.2,2024-01-20,6,3,0.8333333333333334,Cardiology,45
2,2024-01-20,Night,3,27.7,4.333333333333333,2024-01-20,3,2,1.0,Cardiology,45
2,2024-01-21,Afternoon,3,25.233333333333334,4.0,2024-01-21,5,2,0.6,Cardiology,45
2,2024-01-21,Morning,4,24.65,4.0,2024-01-21,4,2,1.0,Cardiology,45
2,2024-01-21,Night,2,23.9,4.0,2024-01-21,3,2,0.6666666666666666,Cardiology,45
2,2024-01-22,Afternoon,8,30.85,3.5,2024-01-22,5,2,1.6,Cardiology,45
2,2024-01-22,Morning,8,27.6875,3.5,2024-01-22,5,2,1.6,Cardiology,45
2,2024-01-22,Night,2,21.4,3.5,2024-01-22,3,1,0.6666666666666666,Cardiology,45
2,2024-01-23,Afternoon,5,25.240000000000002,3.4,2024-01-23,5,2,1.0,Cardiology,45
2,2024-01-23,Morning,7,26.714285714285715,3.7142857142857144,2024-01-23,5,2,1.4,Cardiology,45
2,2024-01-23,Night,1,8.6,5.0,2024-01-23,3,1,0.3333333333333333,Cardiology,45
2,2024-01-24,Afternoon,4,25.25,4.5,2024-01-24,5,3,0.8,Cardiology,45
2,2024-01-24,Morning,3,18.166666666666668,4.333333333333333,2024-01-24,6,2,0.5,Cardiology,45
2,2024-01-24,Night,1,21.2,5.0,2024-01-24,4,1,0.25,Cardiology,45
2,2024-01-25,Afternoon,14,34.607142857142854,3.5714285714285716,2024-01-25,6,2,2.3333333333333335,Cardiology,45
2,2024-01-25,Morning,3,14.033333333333333,4.333333333333333,2024-01-25,5,1,0.6,Cardiology,45
2,2024-01-25,Night,1,7.2,4.0,2024-01-25,4,1,0.25,Cardiology,45
2,2024-01-26,Afternoon,9,29.77777777777778,3.888888888888889,2024-01-26,5,1,1.8,Cardiology,45
2,2024-01-26,Morning,5,26.639999999999997,4.2,2024-01-26,5,2,1.0,Cardiology,45
2,2024-01-26,Night,2,18.6,4.0,2024-01-26,4,1,0.5,Cardiology,45
2,2024-01-27,Afternoon,2,26.25,4.5,2024-01-27,5,3,0.4,Cardiology,45
2,2024-01-27,Morning,3,20.53333333333333,3.6666666666666665,2024-01-27,4,2,0.75,Cardiology,45
2,2024-01-28,Afternoon,10,31.57,4.0,2024-01-28,5,2,2.0,Cardiology,45
2,2024-01-28,Morning,6,25.733333333333334,3.8333333333333335,2024-01-28,5,2,1.2,Cardiology,45
2,2024-01-29,Afternoon,10,31.240000000000002,3.6,2024-01-29,5,2,2.0,Cardiology,45
2,2024-01-29,Morning,7,26.914285714285715,3.4285714285714284,2024-01-29,5,2,1.4,Cardiology,45
2,2024-01-29,Night,1,21.0,5.0,2024-01-29,4,1,0.25,Cardiology,45
2,2024-01-30,Afternoon,2,18.25,3.0,2024-01-30,5,2,0.4,Cardiology,45
2,2024-01-30,Morning,9,32.077777777777776,3.888888888888889,2024-01-30,5,2,1.8,Cardiology,45
2,2024-01-30,Night,2,20.65,4.0,2024-01-30,3,1,0.6666666666666666,Cardiology,45
2,2024-01-31,Afternoon,6,30.583333333333332,3.6666666666666665,2024-01-31,4,2,1.5,Cardiology,45
2,2024-01-31,Morning,6,24.5,4.5,2024-01-31,6,3,1.0,Cardiology,45
2,2024-02-01,Afternoon,6,29.866666666666664,4.0,2024-02-01,5,2,1.2,Cardiology,45
2,2024-02-01,Morning,7,31.22857142857143,4.142857142857143,2024-02-01,5,2,1.4,Cardiology,45
2,2024-02-01,Night,2,28.9,3.5,2024-02-01,2,1,1.0,Cardiology,45
2,2024-02-02,Afternoon,5,22.4,3.8,2024-02-02,6,2,0.8333333333333334,Cardiology,45
2,2024-02-02,Morning,4,20.1,4.0,2024-02-02,5,2,0.8,Cardiology,45
2,2024-02-02,Night,2,22.05,4.0,2024-02-02,3,1,0.6666666666666666,Cardiology,45
2,2024-02-03,Afternoon,8,30.175,4.375,2024-02-03,5,3,1.6,Cardiology,45
2,2024-02-03,Morning,3,22.333333333333332,4.0,2024-02-03,6,3,0.5,Cardiology,45
2,2024-02-03,Night,2,20.049999999999997,4.0,2024-02-03,3,1,0.6666666666666666,Cardiology,45
2,2024-02-04,Afternoon,7,27.02857142857143,3.857142857142857,2024-02-04,6,2,1.1666666666666667,Cardiology,45
2,2024-02-04,Morning,6,24.03333333333333,3.8333333333333335,2024-02-04,6,3,1.0,Cardiology,45
2,2024-02-04,Night,1,18.3,4.0,2024-02-04,2,2,0.5,Cardiology,45
2,2024-02-05,Afternoon,5,22.0,4.2,2024-02-05,5,2,1.0,Cardiology,45
2,2024-02-05,Morning,5,27.380000000000003,4.0,2024-02-05,4,2,1.25,Cardiology,45
2,2024-02-05,Night,1,19.4,4.0,2024-02-05,4,2,0.25,Cardiology,45
2,2024-02-06,Afternoon,8,30.787499999999998,3.5,2024-02-06,5,2,1.6,Cardiology,45
2,2024-02-06,Morning,5,25.139999999999997,4.2,2024-02-06,5,2,1.0,Cardiology,45
2,2024-02-06,Night,2,19.7,4.5,2024-02-06,3,2,0.6666666666666666,Cardiology,45
2,2024-02-07,Afternoon,6,22.566666666666666,3.8333333333333335,2024-02-07,5,2,1.2,Cardiology,45
2,2024-02-07,Morning,6,27.96666666666667,4.0,2024-02-07,4,2,1.5,Cardiology,45
2,2024-02-07,Night,2,22.25,4.0,2024-02-07,3,1,0.6666666666666666,Cardiology,45
2,2024-02-08,Afternoon,4,23.075,4.25,2024-02-08,4,1,1.0,Cardiology,45
2,2024-02-08,Morning,4,26.225,4.0,2024-02-08,5,3,0.8,Cardiology,45
2,2024-02-08,Night,1,23.8,4.0,2024-02-08,3,1,0.3333333333333333,Cardiology,45
2,2024-02-09,Afternoon,5,27.04,4.2,2024-02-09,6,2,0.8333333333333334,Cardiology,45
2,2024-02-09,Morning,7,28.37142857142857,3.7142857142857144,2024-02-09,4,3,1.75,Cardiology,45
2,2024-02-09,Night,3,25.2,4.0,2024-02-09,3,2,1.0,Cardiology,45
2,2024-02-10,Afternoon,4,19.55,4.0,2024-02-10,6,2,0.6666666666666666,Cardiology,45
2,2024-02-10,Morning,3,22.833333333333332,4.333333333333333,2024-02-10,6,2,0.5,Cardiology,45
2,2024-02-10,Night,1,27.4,4.0,2024-02-10,3,1,0.3333333333333333,Cardiology,45
2,2024-02-11,Afternoon,4,21.275,4.0,2024-02-11,5,2,0.8,Cardiology,45
2,2024-02-11,Morning,7,30.24285714285714,3.7142857142857144,2024-02-11,5,2,1.4,Cardiology,45
2,2024-02-11,Night,1,25.7,4.0,2024-02-11,3,1,0.3333333333333333,Cardiology,45
2,2024-02-12,Afternoon,6,25.983333333333334,4.166666666666667,2024-02-12,6,2,1.0,Cardiology,45
2,2024-02-12,Morning,4,21.8,4.25,2024-02-12,5,1,0.8,Cardiology,45
2,2024-02-13,Afternoon,14,41.5,3.5714285714285716,2024-02-13,4,2,3.5,Cardiology,45
2,2024-02-13,Morning,4,21.75,3.5,2024-02-13,5,2,0.8,Cardiology,45
2,2024-02-13,Night,2,15.850000000000001,4.5,2024-02-13,4,2,0.5,Cardiology,45
2,2024-02-14,Afternoon,4,25.725,4.5,2024-02-14,4,3,1.0,Cardiology,45
2,2024-02-14,Morning,4,25.375,4.0,2024-02-14,5,2,0.8,Cardiology,45
2,2024-02-14,Night,1,17.0,4.0,2024-02-14,3,1,0.3333333333333333,Cardiology,45
2,2024-02-15,Afternoon,11,34.97272727272727,3.909090909090909,2024-02-15,5,2,2.2,Cardiology,45
2,2024-02-15,Morning,2,21.85,4.0,2024-02-15,4,2,0.5,Cardiology,45
2,2024-02-16,Afternoon,3,18.599999999999998,4.0,2024-02-16,5,2,0.6,Cardiology,45
2,2024-02-16,Morning,5,23.82,3.8,2024-02-16,5,2,1.0,Cardiology,45
2,2024-02-16,Night,1,14.1,4.0,2024-02-16,3,1,0.3333333333333333,Cardiology,45
2,2024-02-17,Afternoon,3,18.033333333333335,4.333333333333333,2024-02-17,5,2,0.6,Cardiology,45
2,2024-02-17,Morning,4,26.45,4.0,2024-02-17,6,2,0.6666666666666666,Cardiology,45
2,2024-02-17,Night,3,19.833333333333332,4.333333333333333,2024-02-17,4,1,0.75,Cardiology,45
2,2024-02-18,Afternoon,8,28.8625,4.0,2024-02-18,5,2,1.6,Cardiology,45
2,2024-02-18,Morning,1,19.3,3.0,2024-02-18,5,2,0.2,Cardiology,45
2,2024-02-19,Afternoon,5,23.94,4.0,2024-02-19,5,2,1.0,Cardiology,45
2,2024-02-19,Morning,6,30.28333333333333,3.6666666666666665,2024-02-19,4,2,1.5,Cardiology,45
2,2024-02-19,Night,1,10.8,5.0,2024-02-19,3,1,0.3333333333333333,Cardiology,45
2,2024-02-20,Afternoon,5,24.5,4.2,2024-02-20,6,2,0.8333333333333334,Cardiology,45
2,2024-02-20,Morning,7,25.514285714285712,4.142857142857143,2024-02-20,7,2,1.0,Cardiology,45
2,2024-02-20,Night,1,18.6,5.0,2024-02-20,3,1,0.3333333333333333,Cardiology,45
2,2024-02-21,Afternoon,7,24.74285714285714,3.7142857142857144,2024-02-21,5,1,1.4,Cardiology,45
2,2024-02-21,Morning,4,24.3,3.75,2024-02-21,5,2,0.8,Cardiology,45
2,2024-02-21,Night,1,22.0,5.0,2024-02-21,2,1,0.5,Cardiology,45
2,2024-02-22,Afternoon,3,21.566666666666666,4.0,2024-02-22,6,2,0.5,Cardiology,45
2,2024-02-22,Morning,4,24.025,4.5,2024-02-22,5,2,0.8,Cardiology,45
2,2024-02-22,Night,2,21.65,4.0,2024-02-22,4,2,0.5,Cardiology,45
2,2024-02-23,Afternoon,13,32.43076923076923,3.6923076923076925,2024-02-23,6,2,2.1666666666666665,Cardiology,45
2,2024-02-23,Morning,3,25.833333333333332,4.333333333333333,2024-02-23,4,2,0.75,Cardiology,45
2,2024-02-23,Night,2,20.05,4.0,2024-02-23,4,1,0.5,Cardiology,45
2,2024-02-24,Afternoon,4,24.25,3.75,2024-02-24,6,3,0.6666666666666666,Cardiology,45
2,2024-02-24,Morning,4,23.299999999999997,5.0,2024-02-24,5,1,0.8,Cardiology,45
2,2024-02-24,Night,1,13.7,4.0,2024-02-24,3,1,0.3333333333333333,Cardiology,45
2,2024-02-25,Afternoon,6,26.45,3.5,2024-02-25,5,2,1.2,Cardiology,45
2,2024-02-25,Morning,5,25.02,3.8,2024-02-25,5,2,1.0,Cardiology,45
2,2024-02-26,Afternoon,6,26.3,3.6666666666666665,2024-02-26,5,2,1.2,Cardiology,45
2,2024-02-26,Morning,6,29.133333333333336,3.8333333333333335,2024-02-26,5,2,1.2,Cardiology,45
2,2024-02-26,Night,1,14.7,4.0,2024-02-26,4,1,0.25,Cardiology,45
2,2024-02-27,Afternoon,9,28.444444444444443,3.7777777777777777,2024-02-27,5,2,1.8,Cardiology,45
2,2024-02-27,Morning,7,28.24285714285714,3.7142857142857144,2024-02-27,5,2,1.4,Cardiology,45
2,2024-02-27,Night,1,18.7,5.0,2024-02-27,3,2,0.3333333333333333,Cardiology,45
2,2024-02-28,Afternoon,8,30.3875,4.125,2024-02-28,5,2,1.6,Cardiology,45
2,2024-02-28,Morning,3,16.566666666666666,4.0,2024-02-28,5,2,0.6,Cardiology,45
2,2024-02-28,Night,1,25.7,3.0,2024-02-28,3,1,0.3333333333333333,Cardiology,45
2,2024-02-29,Afternoon,8,28.3875,3.875,2024-02-29,5,2,1.6,Cardiology,45
2,2024-02-29,Morning,7,27.37142857142857,3.7142857142857144,2024-02-29,5,2,1.4,Cardiology,45
2,2024-02-29,Night,2,21.5,4.5,2024-02-29,5,1,0.4,Cardiology,45
2,2024-03-01,Afternoon,5,25.360000000000003,3.4,2024-03-01,5,2,1.0,Cardiology,45
2,2024-03-01,Morning,4,22.125,4.25,2024-03-01,6,2,0.6666666666666666,Cardiology,45
2,2024-03-01,Night,3,27.2,4.0,2024-03-01,2,1,1.5,Cardiology,45
2,2024-03-02,Afternoon,3,22.0,4.333333333333333,2024-03-02,5,3,0.6,Cardiology,45
2,2024-03-02,Morning,5,22.919999999999998,3.4,2024-03-02,6,2,0.8333333333333334,Cardiology,45
2,2024-03-03,Afternoon,9,32.75555555555556,3.5555555555555554,2024-03-03,4,2,2.25,Cardiology,45
2,2024-03-03,Morning,4,23.95,4.5,2024-03-03,4,2,1.0,Cardiology,45
2,2024-03-03,Night,2,22.85,3.5,2024-03-03,3,1,0.6666666666666666,Cardiology,45
2,2024-03-04,Afternoon,10,33.22,3.6,2024-03-04,4,2,2.5,Cardiology,45
2,2024-03-04,Morning,6,23.96666666666667,4.0,2024-03-04,5,2,1.2,Cardiology,45
2,2024-03-04,Night,1,16.2,4.0,2024-03-04,4,1,0.25,Cardiology,45
2,2024-03-05,Afternoon,4,22.95,4.25,2024-03-05,4,1,1.0,Cardiology,45
2,2024-03-05,Morning,9,28.633333333333333,3.4444444444444446,2024-03-05,5,2,1.8,Cardiology,45
2,2024-03-05,Night,2,24.200000000000003,4.0,2024-03-05,3,1,0.6666666666666666,Cardiology,45
2,2024-03-06,Afternoon,8,31.775,4.375,2024-03-06,5,2,1.6,Cardiology,45
2,2024-03-06,Morning,9,29.72222222222222,4.111111111111111,2024-03-06,5,2,1.8,Cardiology,45
2,2024-03-07,Afternoon,5,26.8,4.2,2024-03-07,4,1,1.25,Cardiology,45
2,2024-03-07,Morning,4,24.825,3.5,2024-03-07,5,2,0.8,Cardiology,45
2,2024-03-07,Night,3,23.366666666666664,4.0,2024-03-07,4,1,0.75,Cardiology,45
2,2024-03-08,Afternoon,3,17.8,3.3333333333333335,2024-03-08,5,2,0.6,Cardiology,45
2,2024-03-08,Morning,7,25.042857142857144,4.0,2024-03-08,6,2,1.1666666666666667,Cardiology,45
2,2024-03-09,Afternoon,4,25.125,4.0,2024-03-09,4,3,1.0,Cardiology,45
2,2024-03-09,Morning,3,18.3,4.333333333333333,2024-03-09,4,2,0.75,Cardiology,45
2,2024-03-10,Afternoon,6,24.416666666666668,3.8333333333333335,2024-03-10,5,2,1.2,Cardiology,45
2,2024-03-10,Morning,8,29.3875,3.75,2024-03-10,5,2,1.6,Cardiology,45
2,2024-03-10,Night,1,28.8,4.0,2024-03-10,3,1,0.3333333333333333,Cardiology,45
2,2024-03-11,Afternoon,1,23.5,3.0,2024-03-11,4,1,0.25,Cardiology,45
2,2024-03-11,Morning,4,27.075,3.5,2024-03-11,4,2,1.0,Cardiology,45
2,2024-03-11,Night,1,26.1,5.0,2024-03-11,3,2,0.3333333333333333,Cardiology,45
2,2024-03-12,Afternoon,4,22.825,3.75,2024-03-12,6,2,0.6666666666666666,Cardiology,45
2,2024-03-12,Morning,4,23.275,3.75,2024-03-12,6,2,0.6666666666666666,Cardiology,45
2,2024-03-12,Night,2,24.8,4.5,2024-03-12,4,1,0.5,Cardiology,45
2,2024-03-13,Afternoon,6,22.0,3.8333333333333335,2024-03-13,5,3,1.2,Cardiology,45
2,2024-03-13,Morning,4,28.15,3.5,2024-03-13,4,2,1.0,Cardiology,45
2,2024-03-14,Afternoon,10,30.75,3.7,2024-03-14,5,1,2.0,Cardiology,45
2,2024-03-14,Morning,3,21.566666666666666,4.0,2024-03-14,6,2,0.5,Cardiology,45
2,2024-03-15,Afternoon,9,27.200000000000003,4.111111111111111,2024-03-15,5,2,1.8,Cardiology,45
2,2024-03-15,Morning,9,25.5,4.111111111111111,2024-03-15,6,3,1.5,Cardiology,45
2,2024-03-15,Night,2,19.25,4.0,2024-03-15,3,1,0.6666666666666666,Cardiology,45
2,2024-03-16,Afternoon,3,20.8,4.333333333333333,2024-03-16,5,3,0.6,Cardiology,45
2,2024-03-16,Morning,2,27.1,4.5,2024-03-16,5,1,0.4,Cardiology,45
2,2024-03-16,Night,3,25.2,3.6666666666666665,2024-03-16,4,1,0.75,Cardiology,45
2,2024-03-17,Afternoon,7,26.77142857142857,4.142857142857143,2024-03-17,5,2,1.4,Cardiology,45
2,2024-03-17,Morning,4,14.875,4.0,2024-03-17,6,2,0.6666666666666666,Cardiology,45
2,2024-03-17,Night,2,23.95,4.0,2024-03-17,3,1,0.6666666666666666,Cardiology,45
2,2024-03-18,Afternoon,6,23.316666666666666,4.166666666666667,2024-03-18,5,2,1.2,Cardiology,45
2,2024-03-18,Morning,4,23.525,3.5,2024-03-18,5,2,0.8,Cardiology,45
2,2024-03-18,Night,4,25.1,4.25,2024-03-18,3,1,1.3333333333333333,Cardiology,45
2,2024-03-19,Afternoon,3,19.433333333333334,4.333333333333333,2024-03-19,4,2,0.75,Cardiology,45
2,2024-03-19,Morning,3,18.466666666666665,4.0,2024-03-19,6,2,0.5,Cardiology,45
2,2024-03-19,Night,3,30.333333333333332,4.0,2024-03-19,3,2,1.0,Cardiology,45
2,2024-03-20,Afternoon,5,25.860000000000003,4.0,2024-03-20,4,2,1.25,Cardiology,45
2,2024-03-20,Morning,6,24.616666666666664,3.8333333333333335,2024-03-20,5,2,1.2,Cardiology,45
2,2024-03-21,Afternoon,3,17.766666666666666,4.0,2024-03-21,6,2,0.5,Cardiology,45
2,2024-03-21,Morning,10,35.44,3.8,2024-03-21,5,2,2.0,Cardiology,45
2,2024-03-21,Night,1,21.5,4.0,2024-03-21,3,1,0.3333333333333333,Cardiology,45
2,2024-03-22,Afternoon,6,27.666666666666668,3.6666666666666665,2024-03-22,5,2,1.2,Cardiology,45
2,2024-03-22,Morning,4,25.35,4.0,2024-03-22,4,2,1.0,Cardiology,45
2,2024-03-22,Night,1,19.4,3.0,2024-03-22,3,1,0.3333333333333333,Cardiology,45
2,2024-03-23,Afternoon,2,26.85,4.5,2024-03-23,5,3,0.4,Cardiology,45
2,2024-03-23,Morning,8,26.7875,4.25,2024-03-23,6,2,1.3333333333333333,Cardiology,45
2,2024-03-23,Night,2,20.3,4.0,2024-03-23,3,1,0.6666666666666666,Cardiology,45
2,2024-03-24,Afternoon,4,24.575,4.25,2024-03-24,5,2,0.8,Cardiology,45
2,2024-03-24,Morning,3,20.2,4.666666666666667,2024-03-24,5,2,0.6,Cardiology,45
2,2024-03-24,Night,4,28.25,4.0,2024-03-24,3,1,1.3333333333333333,Cardiology,45
2,2024-03-25,Afternoon,8,30.0125,3.75,2024-03-25,5,2,1.6,Cardiology,45
2,2024-03-25,Morning,3,23.066666666666666,3.6666666666666665,2024-03-25,5,2,0.6,Cardiology,45
2,2024-03-25,Night,2,19.0,4.5,2024-03-25,4,1,0.5,Cardiology,45
2,2024-03-26,Afternoon,5,25.42,3.8,2024-03-26,5,2,1.0,Cardiology,45
2,2024-03-26,Morning,7,27.685714285714287,3.7142857142857144,2024-03-26,5,2,1.4,Cardiology,45
2,2024-03-26,Night,3,24.599999999999998,3.3333333333333335,2024-03-26,3,1,1.0,Cardiology,45
2,2024-03-27,Afternoon,11,36.800000000000004,4.363636363636363,2024-03-27,5,2,2.2,Cardiology,45
2,2024-03-27,Morning,4,22.75,4.0,2024-03-27,5,1,0.8,Cardiology,45
2,2024-03-27,Night,1,22.3,3.0,2024-03-27,3,1,0.3333333333333333,Cardiology,45
2,2024-03-28,Afternoon,8,28.025,3.875,2024-03-28,6,2,1.3333333333333333,Cardiology,45
2,2024-03-28,Morning,2,19.6,4.5,2024-03-28,5,2,0.4,Cardiology,45
2,2024-03-28,Night,2,20.95,4.5,2024-03-28,3,2,0.6666666666666666,Cardiology,45
2,2024-03-29,Afternoon,6,24.099999999999998,3.8333333333333335,2024-03-29,5,3,1.2,Cardiology,45
2,2024-03-29,Morning,8,29.112499999999997,3.875,2024-03-29,5,1,1.6,Cardiology,45
2,2024-03-30,Afternoon,6,23.916666666666668,3.5,2024-03-30,6,2,1.0,Cardiology,45
2,2024-03-30,Morning,3,24.566666666666666,4.333333333333333,2024-03-30,4,2,0.75,Cardiology,45
2,2024-03-31,Afternoon,7,26.37142857142857,4.142857142857143,2024-03-31,6,3,1.1666666666666667,Cardiology,45
2,2024-03-31,Morning,7,27.02857142857143,4.142857142857143,2024-03-31,5,2,1.4,Cardiology,45
2,2024-03-31,Night,2,22.200000000000003,4.0,2024-03-31,4,1,0.5,Cardiology,45
2,2024-04-01,Afternoon,10,28.24,3.6,2024-04-01,6,2,1.6666666666666667,Cardiology,45
2,2024-04-01,Morning,11,34.336363636363636,3.909090909090909,2024-04-01,5,2,2.2,Cardiology,45
2,2024-04-01,Night,2,22.65,3.5,2024-04-01,3,1,0.6666666666666666,Cardiology,45
2,2024-04-02,Afternoon,11,34.75454545454546,3.3636363636363638,2024-04-02,5,2,2.2,Cardiology,45
2,2024-04-02,Morning,3,20.599999999999998,4.666666666666667,2024-04-02,4,2,0.75,Cardiology,45
2,2024-04-02,Night,3,20.833333333333332,4.0,2024-04-02,3,1,1.0,Cardiology,45
2,2024-04-03,Afternoon,4,20.5,4.0,2024-04-03,4,2,1.0,Cardiology,45
2,2024-04-03,Morning,2,27.4,4.5,2024-04-03,5,2,0.4,Cardiology,45
2,2024-04-03,Night,2,18.6,4.5,2024-04-03,3,1,0.6666666666666666,Cardiology,45
2,2024-04-04,Afternoon,5,23.34,4.4,2024-04-04,5,3,1.0,Cardiology,45
2,2024-04-04,Morning,8,31.8375,3.75,2024-04-04,5,3,1.6,Cardiology,45
2,2024-04-04,Night,1,20.4,4.0,2024-04-04,3,2,0.3333333333333333,Cardiology,45
2,2024-04-05,Afternoon,6,23.633333333333336,4.166666666666667,2024-04-05,5,2,1.2,Cardiology,45
2,2024-04-05,Morning,3,25.433333333333334,3.0,2024-04-05,4,2,0.75,Cardiology,45
2,2024-04-05,Night,2,25.55,4.0,2024-04-05,3,1,0.6666666666666666,Cardiology,45
2,2024-04-06,Afternoon,3,21.96666666666667,4.333333333333333,2024-04-06,4,2,0.75,Cardiology,45
2,2024-04-06,Morning,5,24.5,3.4,2024-04-06,6,2,0.8333333333333334,Cardiology,45
2,2024-04-06,Night,1,30.4,4.0,2024-04-06,3,1,0.3333333333333333,Cardiology,45
2,2024-04-07,Afternoon,4,22.75,4.0,2024-04-07,6,2,0.6666666666666666,Cardiology,45
2,2024-04-07,Night,1,26.9,3.0,2024-04-07,3,1,0.3333333333333333,Cardiology,45
2,2024-04-08,Afternoon,9,31.188888888888886,4.111111111111111,2024-04-08,5,2,1.8,Cardiology,45
2,2024-04-08,Morning,4,20.275,3.75,2024-04-08,4,2,1.0,Cardiology,45
2,2024-04-09,Afternoon,4,20.575,4.0,2024-04-09,5,3,0.8,Cardiology,45
2,2024-04-09,Morning,6,29.066666666666666,4.666666666666667,2024-04-09,5,2,1.2,Cardiology,45
2,2024-04-09,Night,1,18.5,3.0,2024-04-09,4,1,0.25,Cardiology,45
2,2024-04-10,Afternoon,6,29.483333333333334,4.333333333333333,2024-04-10,4,1,1.5,Cardiology,45
2,2024-04-10,Morning,8,25.5375,3.75,2024-04-10,6,2,1.3333333333333333,Cardiology,45
2,2024-04-10,Night,3,30.866666666666664,3.6666666666666665,2024-04-10,3,1,1.0,Cardiology,45
2,2024-04-11,Afternoon,8,27.0875,3.75,2024-04-11,5,2,1.6,Cardiology,45
2,2024-04-11,Morning,7,25.342857142857145,3.7142857142857144,2024-04-11,6,3,1.1666666666666667,Cardiology,45
2,2024-04-11,Night,3,22.5,4.666666666666667,2024-04-11,3,1,1.0,Cardiology,45
2,2024-04-12,Afternoon,3,21.433333333333334,4.0,2024-04-12,6,2,0.5,Cardiology,45
2,2024-04-12,Morning,5,24.860000000000003,4.0,2024-04-12,5,2,1.0,Cardiology,45
2,2024-04-12,Night,3,24.066666666666666,3.6666666666666665,2024-04-12,4,1,0.75,Cardiology,45
2,2024-04-13,Afternoon,4,22.025,4.0,2024-04-13,5,2,0.8,Cardiology,45
2,2024-04-13,Morning,2,23.4,4.0,2024-04-13,6,3,0.3333333333333333,Cardiology,45
2,2024-04-13,Night,2,19.45,4.5,2024-04-13,5,1,0.4,Cardiology,45
2,2024-04-14,Afternoon,4,18.15,4.25,2024-04-14,6,2,0.6666666666666666,Cardiology,45
2,2024-04-14,Morning,8,27.4375,3.625,2024-04-14,6,2,1.3333333333333333,Cardiology,45
2,2024-04-15,Afternoon,8,32.8,4.0,2024-04-15,4,2,2.0,Cardiology,45
2,2024-04-15,Morning,3,21.36666666666667,4.666666666666667,2024-04-15,5,2,0.6,Cardiology,45
2,2024-04-16,Afternoon,12,32.583333333333336,3.5833333333333335,2024-04-16,5,2,2.4,Cardiology,45
2,2024-04-16,Morning,5,30.5,4.2,2024-04-16,5,3,1.0,Cardiology,45
2,2024-04-16,Night,1,24.2,5.0,2024-04-16,3,2,0.3333333333333333,Cardiology,45
2,2024-04-17,Afternoon,4,20.225,3.75,2024-04-17,5,2,0.8,Cardiology,45
2,2024-04-17,Morning,3,21.866666666666664,4.0,2024-04-17,6,3,0.5,Cardiology,45
2,2024-04-17,Night,4,28.9,4.25,2024-04-17,4,1,1.0,Cardiology,45
2,2024-04-18,Afternoon,7,31.085714285714285,3.7142857142857144,2024-04-18,5,1,1.4,Cardiology,45
2,2024-04-18,Morning,3,18.933333333333334,3.6666666666666665,2024-04-18,5,2,0.6,Cardiology,45
2,2024-04-18,Night,1,24.1,4.0,2024-04-18,3,2,0.3333333333333333,Cardiology,45
2,2024-04-19,Afternoon,6,25.766666666666666,3.5,2024-04-19,5,2,1.2,Cardiology,45
2,2024-04-19,Morning,8,27.1625,4.125,2024-04-19,5,2,1.6,Cardiology,45
2,2024-04-19,Night,1,25.1,5.0,2024-04-19,2,2,0.5,Cardiology,45
2,2024-04-20,Afternoon,7,29.32857142857143,3.857142857142857,2024-04-20,5,2,1.4,Cardiology,45
2,2024-04-20,Morning,3,21.5,5.0,2024-04-20,5,3,0.6,Cardiology,45
2,2024-04-21,Afternoon,3,21.3,4.666666666666667,2024-04-21,5,2,0.6,Cardiology,45
2,2024-04-21,Morning,7,24.75714285714286,3.7142857142857144,2024-04-21,6,2,1.1666666666666667,Cardiology,45
2,2024-04-21,Night,2,21.75,4.0,2024-04-21,3,1,0.6666666666666666,Cardiology,45
2,2024-04-22,Afternoon,8,26.1375,3.875,2024-04-22,5,2,1.6,Cardiology,45
2,2024-04-22,Morning,2,24.1,4.0,2024-04-22,4,2,0.5,Cardiology,45
2,2024-04-23,Afternoon,12,34.18333333333333,3.8333333333333335,2024-04-23,5,2,2.4,Cardiology,45
2,2024-04-23,Morning,4,22.725,3.25,2024-04-23,5,2,0.8,Cardiology,45
2,2024-04-23,Night,2,18.25,4.0,2024-04-23,3,1,0.6666666666666666,Cardiology,45
2,2024-04-24,Afternoon,8,26.299999999999997,3.5,2024-04-24,5,2,1.6,Cardiology,45
2,2024-04-24,Morning,2,22.3,4.0,2024-04-24,5,2,0.4,Cardiology,45
2,2024-04-24,Night,1,21.7,3.0,2024-04-24,4,1,0.25,Cardiology,45
2,2024-04-25,Afternoon,4,23.825,4.25,2024-04-25,6,2,0.6666666666666666,Cardiology,45
2,2024-04-25,Morning,7,28.728571428571428,3.857142857142857,2024-04-25,4,3,1.75,Cardiology,45
2,2024-04-25,Night,1,18.2,5.0,2024-04-25,3,1,0.3333333333333333,Cardiology,45
2,2024-04-26,Afternoon,10,27.419999999999998,3.9,2024-04-26,6,2,1.6666666666666667,Cardiology,45
2,2024-04-26,Morning,5,27.080000000000002,3.8,2024-04-26,5,2,1.0,Cardiology,45
2,2024-04-26,Night,2,23.8,3.5,2024-04-26,3,1,0.6666666666666666,Cardiology,45
2,2024-04-27,Afternoon,4,23.05,4.0,2024-04-27,5,2,0.8,Cardiology,45
2,2024-04-27,Morning,5,26.72,4.2,2024-04-27,4,2,1.25,Cardiology,45
2,2024-04-27,Night,1,27.3,4.0,2024-04-27,3,1,0.3333333333333333,Cardiology,45
2,2024-04-28,Afternoon,5,23.56,4.2,2024-04-28,6,2,0.8333333333333334,Cardiology,45
2,2024-04-28,Morning,6,25.0,4.0,2024-04-28,6,2,1.0,Cardiology,45
2,2024-04-28,Night,1,18.8,5.0,2024-04-28,3,1,0.3333333333333333,Cardiology,45
2,2024-04-29,Afternoon,10,31.79,3.4,2024-04-29,5,2,2.0,Cardiology,45
2,2024-04-29,Morning,11,33.981818181818184,3.6363636363636362,2024-04-29,5,2,2.2,Cardiology,45
2,2024-04-29,Night,2,18.9,4.5,2024-04-29,3,1,0.6666666666666666,Cardiology,45
2,2024-04-30,Afternoon,4,23.425,4.5,2024-04-30,5,2,0.8,Cardiology,45
2,2024-04-30,Morning,6,26.066666666666666,4.5,2024-04-30,6,1,1.0,Cardiology,45
2,2024-04-30,Night,2,25.45,4.5,2024-04-30,4,1,0.5,Cardiology,45
2,2024-05-01,Afternoon,10,30.580000000000002,3.6,2024-05-01,5,2,2.0,Cardiology,45
2,2024-05-01,Morning,3,24.599999999999998,3.6666666666666665,2024-05-01,5,2,0.6,Cardiology,45
2,2024-05-01,Night,1,14.5,5.0,2024-05-01,4,1,0.25,Cardiology,45
2,2024-05-02,Afternoon,5,27.5,3.8,2024-05-02,5,2,1.0,Cardiology,45
2,2024-05-02,Morning,2,24.15,3.0,2024-05-02,4,2,0.5,Cardiology,45
2,2024-05-02,Night,2,24.25,3.5,2024-05-02,3,1,0.6666666666666666,Cardiology,45
2,2024-05-03,Afternoon,4,26.875,3.5,2024-05-03,5,3,0.8,Cardiology,45
2,2024-05-03,Morning,7,26.285714285714285,4.285714285714286,2024-05-03,5,2,1.4,Cardiology,45
2,2024-05-04,Afternoon,5,20.2,4.0,2024-05-04,5,2,1.0,Cardiology,45
2,2024-05-04,Morning,11,30.845454545454547,4.0,2024-05-04,6,2,1.8333333333333333,Cardiology,45
2,2024-05-04,Night,1,17.2,4.0,2024-05-04,4,1,0.25,Cardiology,45
2,2024-05-05,Afternoon,3,28.666666666666668,3.6666666666666665,2024-05-05,4,2,0.75,Cardiology,45
2,2024-05-05,Morning,3,22.53333333333333,4.333333333333333,2024-05-05,6,2,0.5,Cardiology,45
2,2024-05-05,Night,2,17.9,4.5,2024-05-05,4,1,0.5,Cardiology,45
2,2024-05-06,Afternoon,9,32.400000000000006,3.5555555555555554,2024-05-06,4,2,2.25,Cardiology,45
2,2024-05-06,Morning,5,27.22,3.8,2024-05-06,4,1,1.25,Cardiology,45
2,2024-05-07,Afternoon,9,30.766666666666666,3.5555555555555554,2024-05-07,5,1,1.8,Cardiology,45
2,2024-05-07,Morning,5,30.0,3.8,2024-05-07,5,1,1.0,Cardiology,45
2,2024-05-07,Night,2,30.049999999999997,4.0,2024-05-07,3,1,0.6666666666666666,Cardiology,45
2,2024-05-08,Afternoon,7,24.414285714285715,4.0,2024-05-08,5,2,1.4,Cardiology,45
2,2024-05-08,Morning,2,18.9,4.5,2024-05-08,5,2,0.4,Cardiology,45
2,2024-05-08,Night,2,24.1,4.0,2024-05-08,2,1,1.0,Cardiology,45
2,2024-05-09,Afternoon,7,28.87142857142857,4.0,2024-05-09,5,2,1.4,Cardiology,45
2,2024-05-09,Morning,4,26.925,4.0,2024-05-09,6,2,0.6666666666666666,Cardiology,45
2,2024-05-09,Night,3,27.266666666666666,3.6666666666666665,2024-05-09,3,2,1.0,Cardiology,45
2,2024-05-10,Afternoon,8,30.012500000000003,3.75,2024-05-10,5,3,1.6,Cardiology,45
2,2024-05-10,Morning,7,22.928571428571427,3.7142857142857144,2024-05-10,6,2,1.1666666666666667,Cardiology,45
2,2024-05-10,Night,3,25.2,4.333333333333333,2024-05-10,3,1,1.0,Cardiology,45
2,2024-05-11,Afternoon,8,29.5875,3.875,2024-05-11,5,2,1.6,Cardiology,45
2,2024-05-11,Morning,3,19.933333333333334,4.0,2024-05-11,6,2,0.5,Cardiology,45
2,2024-05-11,Night,2,22.15,4.0,2024-05-11,4,1,0.5,Cardiology,45
2,2024-05-12,Afternoon,6,27.833333333333332,4.0,2024-05-12,5,3,1.2,Cardiology,45
2,2024-05-12,Morning,5,22.0,4.6,2024-05-12,6,2,0.8333333333333334,Cardiology,45
2,2024-05-12,Night,1,16.9,3.0,2024-05-12,4,1,0.25,Cardiology,45
2,2024-05-13,Afternoon,8,29.5875,3.625,2024-05-13,5,1,1.6,Cardiology,45
2,2024-05-13,Morning,8,30.3,3.625,2024-05-13,4,2,2.0,Cardiology,45
2,2024-05-14,Afternoon,7,28.357142857142858,3.7142857142857144,2024-05-14,5,2,1.4,Cardiology,45
2,2024-05-14,Morning,12,36.800000000000004,3.6666666666666665,2024-05-14,4,2,3.0,Cardiology,45
2,2024-05-14,Night,2,21.0,4.0,2024-05-14,4,1,0.5,Cardiology,45
2,2024-05-15,Afternoon,5,19.06,4.2,2024-05-15,6,2,0.8333333333333334,Cardiology,45
2,2024-05-15,Morning,8,31.700000000000003,3.875,2024-05-15,5,2,1.6,Cardiology,45
2,2024-05-16,Afternoon,13,35.47692307692308,3.4615384615384617,2024-05-16,5,2,2.6,Cardiology,45
2,2024-05-16,Morning,7,28.97142857142857,3.857142857142857,2024-05-16,5,1,1.4,Cardiology,45
2,2024-05-16,Night,1,27.3,4.0,2024-05-16,4,1,0.25,Cardiology,45
2,2024-05-17,Afternoon,7,27.457142857142856,3.7142857142857144,2024-05-17,6,2,1.1666666666666667,Cardiology,45
2,2024-05-17,Morning,12,36.358333333333334,3.9166666666666665,2024-05-17,5,2,2.4,Cardiology,45
2,2024-05-17,Night,1,15.2,4.0,2024-05-17,2,1,0.5,Cardiology,45
2,2024-05-18,Afternoon,3,18.099999999999998,3.6666666666666665,2024-05-18,6,2,0.5,Cardiology,45
2,2024-05-18,Morning,5,25.8,4.4,2024-05-18,5,2,1.0,Cardiology,45
2,2024-05-18,Night,4,34.375,4.5,2024-05-18,2,1,2.0,Cardiology,45
2,2024-05-19,Afternoon,7,28.314285714285713,4.0,2024-05-19,5,2,1.4,Cardiology,45
2,2024-05-19,Morning,7,23.642857142857142,3.857142857142857,2024-05-19,5,1,1.4,Cardiology,45
2,2024-05-19,Night,1,16.8,3.0,2024-05-19,3,1,0.3333333333333333,Cardiology,45
2,2024-05-20,Afternoon,3,20.866666666666667,4.666666666666667,2024-05-20,5,2,0.6,Cardiology,45
2,2024-05-20,Morning,10,29.1,3.7,2024-05-20,5,3,2.0,Cardiology,45
2,2024-05-20,Night,1,17.0,5.0,2024-05-20,4,1,0.25,Cardiology,45
2,2024-05-21,Afternoon,4,29.025000000000002,3.75,2024-05-21,3,2,1.3333333333333333,Cardiology,45
2,2024-05-21,Morning,8,27.6,4.125,2024-05-21,5,2,1.6,Cardiology,45
2,2024-05-22,Afternoon,7,26.842857142857145,3.857142857142857,2024-05-22,5,2,1.4,Cardiology,45
2,2024-05-22,Morning,7,29.442857142857143,3.5714285714285716,2024-05-22,5,2,1.4,Cardiology,45
2,2024-05-22,Night,2,24.35,4.5,2024-05-22,3,2,0.6666666666666666,Cardiology,45
2,2024-05-23,Afternoon,8,29.674999999999997,3.75,2024-05-23,5,2,1.6,Cardiology,45
2,2024-05-23,Morning,4,22.775,4.0,2024-05-23,5,2,0.8,Cardiology,45
2,2024-05-24,Afternoon,5,25.619999999999997,4.0,2024-05-24,5,2,1.0,Cardiology,45
2,2024-05-24,Morning,3,17.8,4.666666666666667,2024-05-24,6,3,0.5,Cardiology,45
2,2024-05-24,Night,1,17.9,4.0,2024-05-24,3,1,0.3333333333333333,Cardiology,45
2,2024-05-25,Afternoon,7,24.37142857142857,3.857142857142857,2024-05-25,5,2,1.4,Cardiology,45
2,2024-05-25,Morning,4,22.3,4.25,2024-05-25,6,2,0.6666666666666666,Cardiology,45
2,2024-05-26,Afternoon,2,24.9,4.0,2024-05-26,6,2,0.3333333333333333,Cardiology,45
2,2024-05-26,Morning,12,34.84166666666667,3.9166666666666665,2024-05-26,5,2,2.4,Cardiology,45
2,2024-05-26,Night,2,26.299999999999997,4.0,2024-05-26,3,2,0.6666666666666666,Cardiology,45
2,2024-05-27,Afternoon,4,26.875,3.75,2024-05-27,4,2,1.0,Cardiology,45
2,2024-05-27,Morning,8,31.5875,4.125,2024-05-27,4,3,2.0,Cardiology,45
2,2024-05-27,Night,1,31.5,4.0,2024-05-27,4,2,0.25,Cardiology,45
2,2024-05-28,Afternoon,5,27.660000000000004,4.2,2024-05-28,4,1,1.25,Cardiology,45
2,2024-05-28,Morning,4,24.25,4.0,2024-05-28,5,2,0.8,Cardiology,45
2,2024-05-29,Afternoon,4,25.65,4.0,2024-05-29,5,2,0.8,Cardiology,45
2,2024-05-29,Morning,7,34.31428571428571,3.5714285714285716,2024-05-29,4,1,1.75,Cardiology,45
2,2024-05-29,Night,1,22.4,5.0,2024-05-29,3,2,0.3333333333333333,Cardiology,45
2,2024-05-30,Afternoon,3,25.733333333333334,4.333333333333333,2024-05-30,5,2,0.6,Cardiology,45
2,2024-05-30,Morning,5,24.18,4.8,2024-05-30,5,2,1.0,Cardiology,45
2,2024-05-30,Night,3,25.03333333333333,4.0,2024-05-30,3,2,1.0,Cardiology,45
2,2024-05-31,Afternoon,10,38.35,3.8,2024-05-31,4,2,2.5,Cardiology,45
2,2024-05-31,Morning,8,27.55,3.75,2024-05-31,5,2,1.6,Cardiology,45
2,2024-05-31,Night,1,16.7,4.0,2024-05-31,3,1,0.3333333333333333,Cardiology,45
2,2024-06-01,Afternoon,5,23.54,4.2,2024-06-01,6,3,0.8333333333333334,Cardiology,45
2,2024-06-01,Morning,7,24.2,4.142857142857143,2024-06-01,6,2,1.1666666666666667,Cardiology,45
2,2024-06-01,Night,1,22.9,5.0,2024-06-01,5,1,0.2,Cardiology,45
2,2024-06-02,Afternoon,1,17.9,4.0,2024-06-02,5,3,0.2,Cardiology,45
2,2024-06-02,Morning,4,24.674999999999997,3.5,2024-06-02,5,2,0.8,Cardiology,45
2,2024-06-03,Afternoon,3,24.46666666666667,4.333333333333333,2024-06-03,5,2,0.6,Cardiology,45
2,2024-06-03,Morning,11,33.154545454545456,3.909090909090909,2024-06-03,5,2,2.2,Cardiology,45
2,2024-06-03,Night,1,13.8,4.0,2024-06-03,2,1,0.5,Cardiology,45
2,2024-06-04,Afternoon,5,27.04,4.2,2024-06-04,5,2,1.0,Cardiology,45
2,2024-06-04,Morning,5,21.82,4.2,2024-06-04,5,2,1.0,Cardiology,45
2,2024-06-04,Night,6,29.5,3.5,2024-06-04,3,1,2.0,Cardiology,45
2,2024-06-05,Afternoon,9,31.144444444444446,3.6666666666666665,2024-06-05,5,1,1.8,Cardiology,45
2,2024-06-05,Morning,6,27.666666666666668,4.166666666666667,2024-06-05,6,2,1.0,Cardiology,45
2,2024-06-06,Afternoon,3,24.26666666666667,4.0,2024-06-06,5,2,0.6,Cardiology,45
2,2024-06-06,Morning,8,30.6875,3.75,2024-06-06,5,2,1.6,Cardiology,45
2,2024-06-06,Night,2,26.4,4.5,2024-06-06,3,1,0.6666666666666666,Cardiology,45
2,2024-06-07,Afternoon,5,25.880000000000003,4.4,2024-06-07,5,1,1.0,Cardiology,45
2,2024-06-07,Morning,4,20.6,3.5,2024-06-07,6,2,0.6666666666666666,Cardiology,45
2,2024-06-08,Afternoon,4,25.375,4.0,2024-06-08,5,2,0.8,Cardiology,45
2,2024-06-08,Morning,3,16.099999999999998,3.6666666666666665,2024-06-08,6,2,0.5,Cardiology,45
2,2024-06-08,Night,2,22.8,3.5,2024-06-08,3,2,0.6666666666666666,Cardiology,45
2,2024-06-09,Afternoon,7,26.985714285714288,3.5714285714285716,2024-06-09,6,2,1.1666666666666667,Cardiology,45
2,2024-06-09,Morning,3,20.366666666666667,4.0,2024-06-09,5,2,0.6,Cardiology,45
2,2024-06-09,Night,1,9.8,4.0,2024-06-09,3,1,0.3333333333333333,Cardiology,45
2,2024-06-10,Afternoon,10,31.98,3.1,2024-06-10,5,2,2.0,Cardiology,45
2,2024-06-10,Morning,8,34.1875,4.125,2024-06-10,4,2,2.0,Cardiology,45
2,2024-06-10,Night,2,24.299999999999997,3.0,2024-06-10,2,2,1.0,Cardiology,45
2,2024-06-11,Afternoon,6,25.45,4.0,2024-06-11,5,2,1.2,Cardiology,45
2,2024-06-11,Morning,10,32.14,3.9,2024-06-11,5,1,2.0,Cardiology,45
2,2024-06-11,Night,1,24.9,5.0,2024-06-11,3,1,0.3333333333333333,Cardiology,45
2,2024-06-12,Afternoon,12,32.199999999999996,3.5833333333333335,2024-06-12,6,2,2.0,Cardiology,45
2,2024-06-12,Morning,3,21.266666666666666,4.333333333333333,2024-06-12,7,2,0.42857142857142855,Cardiology,45
2,2024-06-12,Night,1,17.9,2.0,2024-06-12,4,1,0.25,Cardiology,45
2,2024-06-13,Afternoon,6,24.96666666666667,4.333333333333333,2024-06-13,5,2,1.2,Cardiology,45
2,2024-06-13,Morning,5,26.439999999999998,3.8,2024-06-13,5,1,1.0,Cardiology,45
2,2024-06-13,Night,1,25.1,4.0,2024-06-13,3,1,0.3333333333333333,Cardiology,45
2,2024-06-14,Afternoon,14,41.392857142857146,3.7142857142857144,2024-06-14,4,2,3.5,Cardiology,45
2,2024-06-14,Morning,9,32.53333333333333,3.6666666666666665,2024-06-14,5,2,1.8,Cardiology,45
2,2024-06-14,Night,1,25.8,4.0,2024-06-14,2,1,0.5,Cardiology,45
2,2024-06-15,Afternoon,8,39.2125,4.0,2024-06-15,3,2,2.6666666666666665,Cardiology,45
2,2024-06-15,Morning,6,22.633333333333336,3.5,2024-06-15,6,2,1.0,Cardiology,45
2,2024-06-15,Night,3,22.266666666666666,3.6666666666666665,2024-06-15,4,1,0.75,Cardiology,45
2,2024-06-16,Afternoon,2,26.3,3.5,2024-06-16,5,2,0.4,Cardiology,45
2,2024-06-16,Morning,4,24.925,4.5,2024-06-16,6,2,0.6666666666666666,Cardiology,45
2,2024-06-16,Night,3,21.0,4.0,2024-06-16,4,1,0.75,Cardiology,45
2,2024-06-17,Afternoon,8,27.125,3.625,2024-06-17,5,2,1.6,Cardiology,45
2,2024-06-17,Morning,6,25.383333333333336,3.5,2024-06-17,5,2,1.2,Cardiology,45
2,2024-06-18,Afternoon,2,14.55,5.0,2024-06-18,5,1,0.4,Cardiology,45
2,2024-06-18,Morning,5,24.78,3.6,2024-06-18,4,3,1.25,Cardiology,45
2,2024-06-18,Night,1,16.2,4.0,2024-06-18,3,2,0.3333333333333333,Cardiology,45
2,2024-06-19,Afternoon,4,21.875,4.0,2024-06-19,5,3,0.8,Cardiology,45
2,2024-06-19,Morning,9,31.22222222222222,3.888888888888889,2024-06-19,5,2,1.8,Cardiology,45
2,2024-06-19,Night,2,24.7,4.5,2024-06-19,2,1,1.0,Cardiology,45
2,2024-06-20,Afternoon,2,20.15,4.5,2024-06-20,4,2,0.5,Cardiology,45
2,2024-06-20,Morning,7,27.47142857142857,3.5714285714285716,2024-06-20,5,1,1.4,Cardiology,45
2,2024-06-20,Night,4,22.725,3.75,2024-06-20,3,1,1.3333333333333333,Cardiology,45
2,2024-06-21,Afternoon,7,26.82857142857143,4.0,2024-06-21,6,2,1.1666666666666667,Cardiology,45
2,2024-06-21,Morning,5,25.34,3.8,2024-06-21,4,2,1.25,Cardiology,45
2,2024-06-21,Night,1,21.8,5.0,2024-06-21,3,1,0.3333333333333333,Cardiology,45
2,2024-06-22,Afternoon,2,18.1,4.0,2024-06-22,5,2,0.4,Cardiology,45
2,2024-06-22,Morning,6,28.75,4.0,2024-06-22,5,3,1.2,Cardiology,45
2,2024-06-22,Night,2,16.7,4.0,2024-06-22,3,1,0.6666666666666666,Cardiology,45
2,2024-06-23,Afternoon,8,27.3875,3.75,2024-06-23,6,2,1.3333333333333333,Cardiology,45
2,2024-06-23,Morning,2,21.35,4.0,2024-06-23,4,2,0.5,Cardiology,45
2,2024-06-23,Night,1,21.2,5.0,2024-06-23,3,1,0.3333333333333333,Cardiology,45
2,2024-06-24,Afternoon,5,24.16,3.8,2024-06-24,4,2,1.25,Cardiology,45
2,2024-06-24,Morning,6,29.05,4.166666666666667,2024-06-24,4,2,1.5,Cardiology,45
2,2024-06-25,Afternoon,9,28.833333333333332,4.444444444444445,2024-06-25,5,2,1.8,Cardiology,45
2,2024-06-25,Morning,2,22.450000000000003,4.5,2024-06-25,5,2,0.4,Cardiology,45
2,2024-06-25,Night,2,23.3,2.5,2024-06-25,4,1,0.5,Cardiology,45
2,2024-06-26,Afternoon,6,28.099999999999998,4.0,2024-06-26,5,1,1.2,Cardiology,45
2,2024-06-26,Morning,6,23.099999999999998,3.8333333333333335,2024-06-26,6,2,1.0,Cardiology,45
2,2024-06-26,Night,4,27.65,3.25,2024-06-26,3,1,1.3333333333333333,Cardiology,45
2,2024-06-27,Afternoon,4,21.025000000000002,3.75,2024-06-27,5,1,0.8,Cardiology,45
2,2024-06-27,Morning,9,33.17777777777778,3.6666666666666665,2024-06-27,5,3,1.8,Cardiology,45
2,2024-06-27,Night,1,19.8,4.0,2024-06-27,3,1,0.3333333333333333,Cardiology,45
2,2024-06-28,Afternoon,12,31.925,3.5,2024-06-28,5,2,2.4,Cardiology,45
2,2024-06-28,Morning,3,20.366666666666667,4.333333333333333,2024-06-28,6,2,0.5,Cardiology,45
2,2024-06-29,Afternoon,3,20.3,3.3333333333333335,2024-06-29,5,2,0.6,Cardiology,45
2,2024-06-29,Morning,5,24.3,4.2,2024-06-29,6,2,0.8333333333333334,Cardiology,45
2,2024-06-30,Afternoon,5,24.2,4.0,2024-06-30,6,2,0.8333333333333334,Cardiology,45
2,2024-06-30,Morning,2,16.450000000000003,4.0,2024-06-30,4,1,0.5,Cardiology,45
2,2024-07-01,Afternoon,9,30.67777777777778,4.0,2024-07-01,5,2,1.8,Cardiology,45
2,2024-07-01,Morning,5,26.48,4.2,2024-07-01,5,2,1.0,Cardiology,45
2,2024-07-01,Night,2,30.0,4.5,2024-07-01,4,1,0.5,Cardiology,45
2,2024-07-02,Afternoon,10,30.51,4.1,2024-07-02,5,3,2.0,Cardiology,45
2,2024-07-02,Morning,5,27.0,4.4,2024-07-02,5,2,1.0,Cardiology,45
2,2024-07-03,Afternoon,7,27.8,3.2857142857142856,2024-07-03,4,2,1.75,Cardiology,45
2,2024-07-03,Morning,10,30.169999999999998,4.2,2024-07-03,6,2,1.6666666666666667,Cardiology,45
2,2024-07-03,Night,1,25.8,5.0,2024-07-03,3,1,0.3333333333333333,Cardiology,45
2,2024-07-04,Afternoon,3,24.866666666666664,4.333333333333333,2024-07-04,5,2,0.6,Cardiology,45
2,2024-07-04,Morning,5,24.68,4.4,2024-07-04,4,2,1.25,Cardiology,45
2,2024-07-04,Night,1,17.4,4.0,2024-07-04,3,1,0.3333333333333333,Cardiology,45
2,2024-07-05,Afternoon,4,26.325000000000003,3.75,2024-07-05,4,2,1.0,Cardiology,45
2,2024-07-05,Morning,5,24.02,3.4,2024-07-05,5,2,1.0,Cardiology,45
2,2024-07-05,Night,1,23.9,5.0,2024-07-05,3,1,0.3333333333333333,Cardiology,45
2,2024-07-06,Afternoon,2,21.6,4.0,2024-07-06,6,2,0.3333333333333333,Cardiology,45
2,2024-07-06,Morning,8,25.7,3.625,2024-07-06,6,2,1.3333333333333333,Cardiology,45
2,2024-07-06,Night,1,18.5,3.0,2024-07-06,5,1,0.2,Cardiology,45
2,2024-07-07,Afternoon,1,11.8,4.0,2024-07-07,6,1,0.16666666666666666,Cardiology,45
2,2024-07-07,Morning,2,15.649999999999999,4.0,2024-07-07,5,2,0.4,Cardiology,45
2,2024-07-08,Afternoon,2,24.55,4.5,2024-07-08,5,2,0.4,Cardiology,45
2,2024-07-08,Morning,3,23.53333333333333,4.0,2024-07-08,5,2,0.6,Cardiology,45
2,2024-07-08,Night,2,19.299999999999997,4.0,2024-07-08,3,1,0.6666666666666666,Cardiology,45
2,2024-07-09,Afternoon,3,24.399999999999995,4.0,2024-07-09,5,2,0.6,Cardiology,45
2,2024-07-09,Morning,9,27.733333333333334,3.7777777777777777,2024-07-09,5,1,1.8,Cardiology,45
2,2024-07-10,Afternoon,8,31.7625,3.875,2024-07-10,4,2,2.0,Cardiology,45
2,2024-07-10,Morning,5,25.28,3.6,2024-07-10,6,2,0.8333333333333334,Cardiology,45
2,2024-07-11,Afternoon,8,36.9375,3.375,2024-07-11,3,2,2.6666666666666665,Cardiology,45
2,2024-07-11,Morning,10,30.74,3.7,2024-07-11,5,2,2.0,Cardiology,45
2,2024-07-11,Night,3,21.2,4.0,2024-07-11,4,1,0.75,Cardiology,45
2,2024-07-12,Afternoon,11,30.69090909090909,3.727272727272727,2024-07-12,6,1,1.8333333333333333,Cardiology,45
2,2024-07-12,Morning,9,30.633333333333333,3.888888888888889,2024-07-12,5,3,1.8,Cardiology,45
2,2024-07-13,Afternoon,7,29.5,3.4285714285714284,2024-07-13,4,1,1.75,Cardiology,45
2,2024-07-13,Morning,5,23.880000000000003,4.0,2024-07-13,5,2,1.0,Cardiology,45
2,2024-07-14,Afternoon,5,24.639999999999997,4.2,2024-07-14,6,2,0.8333333333333334,Cardiology,45
2,2024-07-14,Morning,3,24.8,4.0,2024-07-14,6,2,0.5,Cardiology,45
2,2024-07-14,Night,3,21.2,5.0,2024-07-14,3,1,1.0,Cardiology,45
2,2024-07-15,Afternoon,7,30.342857142857145,4.142857142857143,2024-07-15,5,2,1.4,Cardiology,45
2,2024-07-15,Morning,9,35.144444444444446,3.4444444444444446,2024-07-15,4,2,2.25,Cardiology,45
2,2024-07-15,Night,5,28.839999999999996,4.4,2024-07-15,3,1,1.6666666666666667,Cardiology,45
2,2024-07-16,Afternoon,8,31.6125,3.5,2024-07-16,5,2,1.6,Cardiology,45
2,2024-07-16,Morning,4,23.875,4.5,2024-07-16,6,2,0.6666666666666666,Cardiology,45
2,2024-07-17,Afternoon,8,29.025,3.875,2024-07-17,5,2,1.6,Cardiology,45
2,2024-07-17,Morning,4,24.475,4.0,2024-07-17,5,2,0.8,Cardiology,45
2,2024-07-18,Afternoon,7,27.900000000000002,3.5714285714285716,2024-07-18,4,3,1.75,Cardiology,45
2,2024-07-18,Morning,4,23.675,4.0,2024-07-18,6,2,0.6666666666666666,Cardiology,45
2,2024-07-18,Night,1,23.9,5.0,2024-07-18,4,1,0.25,Cardiology,45
2,2024-07-19,Afternoon,6,20.8,3.0,2024-07-19,6,2,1.0,Cardiology,45
2,2024-07-19,Morning,9,28.211111111111112,3.7777777777777777,2024-07-19,5,2,1.8,Cardiology,45
2,2024-07-20,Afternoon,8,27.275,3.75,2024-07-20,6,2,1.3333333333333333,Cardiology,45
2,2024-07-20,Morning,4,23.875,4.25,2024-07-20,5,2,0.8,Cardiology,45
2,2024-07-21,Afternoon,3,18.866666666666667,3.3333333333333335,2024-07-21,6,2,0.5,Cardiology,45
2,2024-07-21,Morning,4,24.8,3.5,2024-07-21,5,2,0.8,Cardiology,45
2,2024-07-21,Night,1,20.8,4.0,2024-07-21,3,1,0.3333333333333333,Cardiology,45
2,2024-07-22,Afternoon,5,24.98,3.8,2024-07-22,5,3,1.0,Cardiology,45
2,2024-07-22,Morning,5,32.04,3.6,2024-07-22,3,2,1.6666666666666667,Cardiology,45
2,2024-07-22,Night,1,20.0,4.0,2024-07-22,4,1,0.25,Cardiology,45
2,2024-07-23,Afternoon,10,35.39,3.7,2024-07-23,4,2,2.5,Cardiology,45
2,2024-07-23,Morning,3,21.400000000000002,4.0,2024-07-23,4,2,0.75,Cardiology,45
2,2024-07-24,Afternoon,9,35.52222222222222,4.333333333333333,2024-07-24,5,2,1.8,Cardiology,45
2,2024-07-24,Morning,8,29.85,4.0,2024-07-24,5,2,1.6,Cardiology,45
2,2024-07-24,Night,1,29.1,4.0,2024-07-24,3,2,0.3333333333333333,Cardiology,45
2,2024-07-25,Afternoon,5,25.6,4.0,2024-07-25,5,2,1.0,Cardiology,45
2,2024-07-25,Morning,3,24.233333333333334,4.333333333333333,2024-07-25,5,1,0.6,Cardiology,45
2,2024-07-25,Night,1,23.9,4.0,2024-07-25,4,1,0.25,Cardiology,45
2,2024-07-26,Afternoon,5,24.119999999999997,4.4,2024-07-26,5,1,1.0,Cardiology,45
2,2024-07-26,Morning,5,24.84,4.0,2024-07-26,5,2,1.0,Cardiology,45
2,2024-07-26,Night,1,19.8,3.0,2024-07-26,3,1,0.3333333333333333,Cardiology,45
2,2024-07-27,Afternoon,3,24.166666666666668,4.666666666666667,2024-07-27,7,2,0.42857142857142855,Cardiology,45
2,2024-07-27,Morning,1,16.1,4.0,2024-07-27,4,2,0.25,Cardiology,45
2,2024-07-27,Night,3,24.933333333333334,4.0,2024-07-27,3,1,1.0,Cardiology,45
2,2024-07-28,Afternoon,4,22.975,3.5,2024-07-28,4,2,1.0,Cardiology,45
2,2024-07-28,Morning,2,19.85,3.5,2024-07-28,5,3,0.4,Cardiology,45
2,2024-07-28,Night,1,24.0,4.0,2024-07-28,3,1,0.3333333333333333,Cardiology,45
2,2024-07-29,Afternoon,4,22.425,4.25,2024-07-29,5,2,0.8,Cardiology,45
2,2024-07-29,Morning,3,23.53333333333333,4.0,2024-07-29,4,2,0.75,Cardiology,45
2,2024-07-29,Night,3,28.099999999999998,4.0,2024-07-29,3,1,1.0,Cardiology,45
2,2024-07-30,Afternoon,9,30.299999999999997,3.888888888888889,2024-07-30,5,2,1.8,Cardiology,45
2,2024-07-30,Morning,4,20.7,3.75,2024-07-30,5,3,0.8,Cardiology,45
2,2024-07-31,Afternoon,4,20.375,3.75,2024-07-31,5,1,0.8,Cardiology,45
2,2024-07-31,Morning,8,29.85,3.5,2024-07-31,4,2,2.0,Cardiology,45
2,2024-07-31,Night,1,25.7,3.0,2024-07-31,3,1,0.3333333333333333,Cardiology,45
2,2024-08-01,Afternoon,4,21.8,4.0,2024-08-01,5,2,0.8,Cardiology,45
2,2024-08-01,Morning,9,28.08888888888889,4.0,2024-08-01,5,2,1.8,Cardiology,45
2,2024-08-01,Night,2,23.55,3.5,2024-08-01,4,2,0.5,Cardiology,45
2,2024-08-02,Afternoon,2,20.7,4.0,2024-08-02,5,2,0.4,Cardiology,45
2,2024-08-02,Morning,5,25.82,3.4,2024-08-02,6,1,0.8333333333333334,Cardiology,45
2,2024-08-02,Night,1,19.7,4.0,2024-08-02,3,1,0.3333333333333333,Cardiology,45
2,2024-08-03,Afternoon,6,26.783333333333335,3.6666666666666665,2024-08-03,5,3,1.2,Cardiology,45
2,2024-08-03,Morning,3,19.599999999999998,3.6666666666666665,2024-08-03,5,2,0.6,Cardiology,45
2,2024-08-03,Night,2,21.95,3.5,2024-08-03,3,1,0.6666666666666666,Cardiology,45
2,2024-08-04,Morning,5,28.28,3.6,2024-08-04,5,2,1.0,Cardiology,45
2,2024-08-04,Night,1,26.3,5.0,2024-08-04,4,1,0.25,Cardiology,45
2,2024-08-05,Afternoon,5,24.52,4.2,2024-08-05,5,3,1.0,Cardiology,45
2,2024-08-05,Morning,11,32.400000000000006,4.0,2024-08-05,5,2,2.2,Cardiology,45
2,2024-08-06,Afternoon,8,28.35,4.375,2024-08-06,5,2,1.6,Cardiology,45
2,2024-08-06,Morning,4,24.05,4.25,2024-08-06,5,2,0.8,Cardiology,45
2,2024-08-06,Night,3,23.8,4.0,2024-08-06,4,1,0.75,Cardiology,45
2,2024-08-07,Afternoon,4,20.375,3.25,2024-08-07,5,2,0.8,Cardiology,45
2,2024-08-07,Morning,5,24.94,4.0,2024-08-07,5,1,1.0,Cardiology,45
2,2024-08-07,Night,3,21.933333333333334,4.0,2024-08-07,4,1,0.75,Cardiology,45
2,2024-08-08,Afternoon,8,29.3625,3.75,2024-08-08,5,2,1.6,Cardiology,45
2,2024-08-08,Morning,1,17.1,3.0,2024-08-08,5,1,0.2,Cardiology,45
2,2024-08-08,Night,1,15.5,5.0,2024-08-08,2,1,0.5,Cardiology,45
2,2024-08-09,Afternoon,4,20.6,3.75,2024-08-09,4,2,1.0,Cardiology,45
2,2024-08-09,Morning,2,21.549999999999997,4.0,2024-08-09,6,2,0.3333333333333333,Cardiology,45
2,2024-08-09,Night,2,24.3,4.5,2024-08-09,4,1,0.5,Cardiology,45
2,2024-08-10,Afternoon,5,20.759999999999998,4.0,2024-08-10,6,2,0.8333333333333334,Cardiology,45
2,2024-08-10,Morning,3,27.46666666666667,4.666666666666667,2024-08-10,5,3,0.6,Cardiology,45
2,2024-08-10,Night,3,27.133333333333336,3.6666666666666665,2024-08-10,4,1,0.75,Cardiology,45
2,2024-08-11,Afternoon,6,27.05,3.8333333333333335,2024-08-11,6,3,1.0,Cardiology,45
2,2024-08-11,Morning,3,22.333333333333332,3.6666666666666665,2024-08-11,5,2,0.6,Cardiology,45
2,2024-08-11,Night,1,16.6,4.0,2024-08-11,3,2,0.3333333333333333,Cardiology,45
2,2024-08-12,Afternoon,3,19.466666666666665,3.6666666666666665,2024-08-12,5,2,0.6,Cardiology,45
2,2024-08-12,Morning,3,21.366666666666664,3.6666666666666665,2024-08-12,4,2,0.75,Cardiology,45
2,2024-08-12,Night,1,22.6,4.0,2024-08-12,4,2,0.25,Cardiology,45
2,2024-08-13,Afternoon,1,16.4,4.0,2024-08-13,5,2,0.2,Cardiology,45
2,2024-08-13,Morning,4,27.7,4.0,2024-08-13,5,2,0.8,Cardiology,45
2,2024-08-13,Night,1,25.5,4.0,2024-08-13,4,2,0.25,Cardiology,45
2,2024-08-14,Afternoon,11,33.68181818181818,3.727272727272727,2024-08-14,5,2,2.2,Cardiology,45
2,2024-08-14,Morning,6,24.96666666666667,3.6666666666666665,2024-08-14,5,2,1.2,Cardiology,45
2,2024-08-15,Afternoon,3,22.46666666666667,3.6666666666666665,2024-08-15,5,2,0.6,Cardiology,45
2,2024-08-15,Morning,3,22.03333333333333,4.666666666666667,2024-08-15,6,2,0.5,Cardiology,45
2,2024-08-15,Night,6,37.71666666666667,3.1666666666666665,2024-08-15,2,1,3.0,Cardiology,45
2,2024-08-16,Afternoon,1,31.7,5.0,2024-08-16,5,2,0.2,Cardiology,45
2,2024-08-16,Morning,3,30.03333333333333,4.0,2024-08-16,4,3,0.75,Cardiology,45
2,2024-08-16,Night,1,15.0,5.0,2024-08-16,4,1,0.25,Cardiology,45
2,2024-08-17,Afternoon,3,23.099999999999998,3.6666666666666665,2024-08-17,5,2,0.6,Cardiology,45
2,2024-08-17,Morning,5,22.639999999999997,3.8,2024-08-17,6,1,0.8333333333333334,Cardiology,45
2,2024-08-17,Night,1,22.0,5.0,2024-08-17,3,2,0.3333333333333333,Cardiology,45
2,2024-08-18,Afternoon,5,24.42,4.2,2024-08-18,6,2,0.8333333333333334,Cardiology,45
2,2024-08-18,Morning,3,21.233333333333334,3.6666666666666665,2024-08-18,5,3,0.6,Cardiology,45
2,2024-08-18,Night,3,19.5,4.0,2024-08-18,4,1,0.75,Cardiology,45
2,2024-08-19,Afternoon,3,18.466666666666665,4.0,2024-08-19,5,2,0.6,Cardiology,45
2,2024-08-19,Morning,3,23.566666666666666,4.0,2024-08-19,4,2,0.75,Cardiology,45
2,2024-08-19,Night,2,22.75,4.0,2024-08-19,4,2,0.5,Cardiology,45
2,2024-08-20,Afternoon,3,22.333333333333332,3.3333333333333335,2024-08-20,6,1,0.5,Cardiology,45
2,2024-08-20,Morning,6,26.0,3.8333333333333335,2024-08-20,5,2,1.2,Cardiology,45
2,2024-08-20,Night,2,21.0,4.0,2024-08-20,3,1,0.6666666666666666,Cardiology,45
2,2024-08-21,Afternoon,5,24.84,4.2,2024-08-21,5,2,1.0,Cardiology,45
2,2024-08-21,Morning,7,33.55714285714286,4.142857142857143,2024-08-21,4,1,1.75,Cardiology,45
2,2024-08-22,Afternoon,4,19.575,4.25,2024-08-22,5,2,0.8,Cardiology,45
2,2024-08-22,Morning,1,14.1,4.0,2024-08-22,5,2,0.2,Cardiology,45
2,2024-08-22,Night,5,31.78,3.8,2024-08-22,2,1,2.5,Cardiology,45
2,2024-08-23,Afternoon,8,28.8875,4.0,2024-08-23,5,2,1.6,Cardiology,45
2,2024-08-23,Morning,5,28.639999999999997,3.8,2024-08-23,5,2,1.0,Cardiology,45
2,2024-08-23,Night,2,26.15,4.0,2024-08-23,2,1,1.0,Cardiology,45
2,2024-08-24,Afternoon,9,32.355555555555554,4.222222222222222,2024-08-24,5,2,1.8,Cardiology,45
2,2024-08-24,Morning,3,21.566666666666666,3.6666666666666665,2024-08-24,5,2,0.6,Cardiology,45
2,2024-08-24,Night,3,18.366666666666667,3.3333333333333335,2024-08-24,4,1,0.75,Cardiology,45
2,2024-08-25,Afternoon,2,22.549999999999997,3.5,2024-08-25,4,2,0.5,Cardiology,45
2,2024-08-25,Morning,4,20.05,4.25,2024-08-25,5,2,0.8,Cardiology,45
2,2024-08-26,Afternoon,4,28.575,3.75,2024-08-26,5,2,0.8,Cardiology,45
2,2024-08-26,Morning,5,27.1,4.4,2024-08-26,4,2,1.25,Cardiology,45
2,2024-08-26,Night,3,19.633333333333336,4.0,2024-08-26,4,1,0.75,Cardiology,45
2,2024-08-27,Afternoon,5,26.9,4.2,2024-08-27,6,2,0.8333333333333334,Cardiology,45
2,2024-08-27,Morning,6,27.900000000000002,4.0,2024-08-27,5,1,1.2,Cardiology,45
2,2024-08-27,Night,1,14.5,4.0,2024-08-27,3,2,0.3333333333333333,Cardiology,45
2,2024-08-28,Afternoon,8,27.3125,4.125,2024-08-28,6,2,1.3333333333333333,Cardiology,45
2,2024-08-28,Morning,9,32.166666666666664,3.6666666666666665,2024-08-28,5,2,1.8,Cardiology,45
2,2024-08-28,Night,1,14.6,5.0,2024-08-28,4,1,0.25,Cardiology,45
2,2024-08-29,Afternoon,6,26.683333333333334,3.8333333333333335,2024-08-29,5,3,1.2,Cardiology,45
2,2024-08-29,Morning,4,24.25,3.5,2024-08-29,5,2,0.8,Cardiology,45
2,2024-08-30,Afternoon,8,29.7625,3.625,2024-08-30,4,2,2.0,Cardiology,45
2,2024-08-30,Morning,7,27.61428571428571,4.142857142857143,2024-08-30,5,2,1.4,Cardiology,45
2,2024-08-30,Night,2,20.549999999999997,4.0,2024-08-30,4,1,0.5,Cardiology,45
2,2024-08-31,Afternoon,2,23.25,4.0,2024-08-31,6,2,0.3333333333333333,Cardiology,45
2,2024-08-31,Morning,6,26.516666666666666,3.8333333333333335,2024-08-31,5,2,1.2,Cardiology,45
2,2024-09-01,Afternoon,5,21.080000000000002,3.8,2024-09-01,5,2,1.0,Cardiology,45
2,2024-09-01,Morning,6,25.733333333333334,4.5,2024-09-01,5,1,1.2,Cardiology,45
2,2024-09-01,Night,3,24.099999999999998,4.666666666666667,2024-09-01,3,1,1.0,Cardiology,45
2,2024-09-02,Afternoon,7,29.52857142857143,3.5714285714285716,2024-09-02,4,2,1.75,Cardiology,45
2,2024-09-02,Morning,4,22.725,4.5,2024-09-02,4,2,1.0,Cardiology,45
2,2024-09-02,Night,1,17.0,5.0,2024-09-02,3,1,0.3333333333333333,Cardiology,45
2,2024-09-03,Afternoon,7,29.942857142857143,3.857142857142857,2024-09-03,5,1,1.4,Cardiology,45
2,2024-09-03,Morning,8,30.150000000000002,4.0,2024-09-03,5,2,1.6,Cardiology,45
2,2024-09-03,Night,2,20.65,4.0,2024-09-03,3,1,0.6666666666666666,Cardiology,45
2,2024-09-04,Afternoon,13,38.52307692307692,3.3846153846153846,2024-09-04,5,2,2.6,Cardiology,45
2,2024-09-04,Morning,6,24.366666666666664,3.8333333333333335,2024-09-04,6,2,1.0,Cardiology,45
2,2024-09-04,Night,1,21.9,5.0,2024-09-04,4,1,0.25,Cardiology,45
2,2024-09-05,Afternoon,7,23.5,4.571428571428571,2024-09-05,5,2,1.4,Cardiology,45
2,2024-09-05,Morning,5,20.7,4.2,2024-09-05,5,2,1.0,Cardiology,45
2,2024-09-06,Afternoon,10,33.269999999999996,3.9,2024-09-06,5,2,2.0,Cardiology,45
2,2024-09-06,Morning,6,31.883333333333336,4.166666666666667,2024-09-06,4,2,1.5,Cardiology,45
2,2024-09-06,Night,4,27.675,3.75,2024-09-06,3,1,1.3333333333333333,Cardiology,45
2,2024-09-07,Afternoon,4,23.825,4.25,2024-09-07,6,2,0.6666666666666666,Cardiology,45
2,2024-09-07,Morning,3,16.833333333333332,4.0,2024-09-07,5,3,0.6,Cardiology,45
2,2024-09-07,Night,1,19.0,3.0,2024-09-07,4,1,0.25,Cardiology,45
2,2024-09-08,Afternoon,6,27.7,3.6666666666666665,2024-09-08,5,2,1.2,Cardiology,45
2,2024-09-08,Morning,1,16.2,5.0,2024-09-08,5,2,0.2,Cardiology,45
2,2024-09-08,Night,3,25.46666666666667,3.6666666666666665,2024-09-08,3,2,1.0,Cardiology,45
2,2024-09-09,Afternoon,6,28.483333333333334,3.6666666666666665,2024-09-09,5,3,1.2,Cardiology,45
2,2024-09-09,Morning,4,25.35,3.75,2024-09-09,5,1,0.8,Cardiology,45
2,2024-09-10,Afternoon,5,19.44,3.8,2024-09-10,6,2,0.8333333333333334,Cardiology,45
2,2024-09-10,Morning,9,27.866666666666667,3.888888888888889,2024-09-10,5,1,1.8,Cardiology,45
2,2024-09-10,Night,2,25.5,4.0,2024-09-10,3,1,0.6666666666666666,Cardiology,45
2,2024-09-11,Afternoon,4,26.15,4.0,2024-09-11,4,2,1.0,Cardiology,45
2,2024-09-11,Morning,5,24.74,4.0,2024-09-11,5,2,1.0,Cardiology,45
2,2024-09-12,Afternoon,6,26.98333333333333,3.6666666666666665,2024-09-12,6,2,1.0,Cardiology,45
2,2024-09-12,Morning,6,29.650000000000002,4.0,2024-09-12,4,2,1.5,Cardiology,45
2,2024-09-13,Afternoon,6,25.75,3.8333333333333335,2024-09-13,6,2,1.0,Cardiology,45
2,2024-09-13,Morning,6,26.150000000000002,4.333333333333333,2024-09-13,5,2,1.2,Cardiology,45
2,2024-09-13,Night,1,24.5,3.0,2024-09-13,3,1,0.3333333333333333,Cardiology,45
2,2024-09-14,Afternoon,3,21.099999999999998,4.0,2024-09-14,6,2,0.5,Cardiology,45
2,2024-09-14,Morning,6,26.116666666666664,4.166666666666667,2024-09-14,5,2,1.2,Cardiology,45
2,2024-09-14,Night,1,16.7,3.0,2024-09-14,4,2,0.25,Cardiology,45
2,2024-09-15,Afternoon,2,12.4,3.5,2024-09-15,6,3,0.3333333333333333,Cardiology,45
2,2024-09-15,Morning,7,25.771428571428572,3.5714285714285716,2024-09-15,5,2,1.4,Cardiology,45
2,2024-09-16,Afternoon,9,27.733333333333334,3.888888888888889,2024-09-16,5,3,1.8,Cardiology,45
2,2024-09-16,Morning,5,26.660000000000004,3.8,2024-09-16,5,2,1.0,Cardiology,45
2,2024-09-16,Night,2,24.5,5.0,2024-09-16,4,1,0.5,Cardiology,45
2,2024-09-17,Afternoon,1,10.0,4.0,2024-09-17,6,2,0.16666666666666666,Cardiology,45
2,2024-09-17,Morning,6,24.5,4.166666666666667,2024-09-17,5,1,1.2,Cardiology,45
2,2024-09-17,Night,2,24.8,4.5,2024-09-17,3,1,0.6666666666666666,Cardiology,45
2,2024-09-18,Afternoon,2,12.35,3.5,2024-09-18,4,2,0.5,Cardiology,45
2,2024-09-18,Morning,5,22.98,4.2,2024-09-18,6,2,0.8333333333333334,Cardiology,45
2,2024-09-18,Night,2,18.2,4.0,2024-09-18,3,1,0.6666666666666666,Cardiology,45
2,2024-09-19,Afternoon,5,25.919999999999998,3.8,2024-09-19,5,1,1.0,Cardiology,45
2,2024-09-19,Morning,5,26.380000000000003,4.0,2024-09-19,5,2,1.0,Cardiology,45
2,2024-09-20,Afternoon,8,29.4,4.125,2024-09-20,6,2,1.3333333333333333,Cardiology,45
2,2024-09-20,Morning,5,24.240000000000002,4.0,2024-09-20,5,2,1.0,Cardiology,45
2,2024-09-20,Night,1,23.3,4.0,2024-09-20,3,1,0.3333333333333333,Cardiology,45
2,2024-09-21,Afternoon,4,23.875,4.0,2024-09-21,5,2,0.8,Cardiology,45
2,2024-09-21,Morning,4,24.95,3.75,2024-09-21,5,2,0.8,Cardiology,45
2,2024-09-21,Night,2,19.299999999999997,4.5,2024-09-21,2,1,1.0,Cardiology,45
2,2024-09-22,Afternoon,6,23.166666666666668,3.6666666666666665,2024-09-22,5,2,1.2,Cardiology,45
2,2024-09-22,Morning,6,22.849999999999998,4.166666666666667,2024-09-22,6,2,1.0,Cardiology,45
2,2024-09-22,Night,2,27.400000000000002,4.5,2024-09-22,2,2,1.0,Cardiology,45
2,2024-09-23,Afternoon,6,26.433333333333334,3.6666666666666665,2024-09-23,5,2,1.2,Cardiology,45
2,2024-09-23,Morning,7,29.942857142857143,3.7142857142857144,2024-09-23,5,2,1.4,Cardiology,45
2,2024-09-23,Night,1,22.0,5.0,2024-09-23,4,2,0.25,Cardiology,45
2,2024-09-24,Afternoon,12,35.00833333333333,3.6666666666666665,2024-09-24,5,2,2.4,Cardiology,45
2,2024-09-24,Morning,8,29.9375,3.875,2024-09-24,5,2,1.6,Cardiology,45
2,2024-09-24,Night,1,19.7,4.0,2024-09-24,3,1,0.3333333333333333,Cardiology,45
2,2024-09-25,Afternoon,9,26.433333333333334,4.0,2024-09-25,5,2,1.8,Cardiology,45
2,2024-09-25,Morning,6,24.8,4.166666666666667,2024-09-25,6,2,1.0,Cardiology,45
2,2024-09-25,Night,1,24.6,3.0,2024-09-25,3,2,0.3333333333333333,Cardiology,45
2,2024-09-26,Afternoon,2,29.15,4.5,2024-09-26,6,2,0.3333333333333333,Cardiology,45
2,2024-09-26,Morning,5,24.259999999999998,4.2,2024-09-26,5,2,1.0,Cardiology,45
2,2024-09-26,Night,1,18.9,4.0,2024-09-26,4,1,0.25,Cardiology,45
2,2024-09-27,Afternoon,5,23.8,4.2,2024-09-27,5,2,1.0,Cardiology,45
2,2024-09-27,Morning,6,26.166666666666668,3.6666666666666665,2024-09-27,5,2,1.2,Cardiology,45
2,2024-09-27,Night,1,23.9,4.0,2024-09-27,2,1,0.5,Cardiology,45
2,2024-09-28,Afternoon,4,19.0,4.25,2024-09-28,6,2,0.6666666666666666,Cardiology,45
2,2024-09-28,Morning,5,23.14,4.2,2024-09-28,5,2,1.0,Cardiology,45
2,2024-09-28,Night,2,28.1,4.5,2024-09-28,4,2,0.5,Cardiology,45
2,2024-09-29,Afternoon,5,24.52,4.0,2024-09-29,6,1,0.8333333333333334,Cardiology,45
2,2024-09-29,Morning,6,21.816666666666666,4.333333333333333,2024-09-29,6,2,1.0,Cardiology,45
2,2024-09-29,Night,1,22.9,5.0,2024-09-29,3,1,0.3333333333333333,Cardiology,45
2,2024-09-30,Afternoon,4,26.925,3.75,2024-09-30,4,2,1.0,Cardiology,45
2,2024-09-30,Morning,5,25.919999999999998,4.0,2024-09-30,4,2,1.25,Cardiology,45
2,2024-09-30,Night,1,17.1,4.0,2024-09-30,3,1,0.3333333333333333,Cardiology,45
2,2024-10-01,Afternoon,7,25.985714285714288,4.0,2024-10-01,6,2,1.1666666666666667,Cardiology,45
2,2024-10-01,Morning,9,27.27777777777778,3.3333333333333335,2024-10-01,6,2,1.5,Cardiology,45
2,2024-10-01,Night,1,16.3,5.0,2024-10-01,3,2,0.3333333333333333,Cardiology,45
2,2024-10-02,Afternoon,7,28.657142857142855,3.2857142857142856,2024-10-02,5,2,1.4,Cardiology,45
2,2024-10-02,Morning,6,28.666666666666668,4.166666666666667,2024-10-02,5,2,1.2,Cardiology,45
2,2024-10-02,Night,1,29.8,4.0,2024-10-02,3,1,0.3333333333333333,Cardiology,45
2,2024-10-03,Afternoon,8,34.075,3.875,2024-10-03,4,2,2.0,Cardiology,45
2,2024-10-03,Morning,6,22.366666666666664,4.0,2024-10-03,6,2,1.0,Cardiology,45
2,2024-10-03,Night,2,17.1,3.0,2024-10-03,3,2,0.6666666666666666,Cardiology,45
2,2024-10-04,Afternoon,11,29.50909090909091,3.6363636363636362,2024-10-04,6,2,1.8333333333333333,Cardiology,45
2,2024-10-04,Morning,6,26.849999999999998,3.5,2024-10-04,4,2,1.5,Cardiology,45
2,2024-10-04,Night,2,22.549999999999997,3.5,2024-10-04,4,1,0.5,Cardiology,45
2,2024-10-05,Afternoon,7,33.05714285714286,3.7142857142857144,2024-10-05,5,2,1.4,Cardiology,45
2,2024-10-05,Morning,3,19.5,3.6666666666666665,2024-10-05,7,2,0.42857142857142855,Cardiology,45
2,2024-10-05,Night,2,21.75,3.5,2024-10-05,4,2,0.5,Cardiology,45
2,2024-10-06,Afternoon,6,24.46666666666667,4.0,2024-10-06,5,2,1.2,Cardiology,45
2,2024-10-06,Morning,3,23.233333333333334,4.0,2024-10-06,5,2,0.6,Cardiology,45
2,2024-10-06,Night,4,21.35,4.75,2024-10-06,4,1,1.0,Cardiology,45
2,2024-10-07,Afternoon,7,27.728571428571428,3.857142857142857,2024-10-07,5,2,1.4,Cardiology,45
2,2024-10-07,Morning,11,32.481818181818184,4.181818181818182,2024-10-07,5,2,2.2,Cardiology,45
2,2024-10-07,Night,2,20.25,4.0,2024-10-07,3,1,0.6666666666666666,Cardiology,45
2,2024-10-08,Afternoon,6,22.46666666666667,4.333333333333333,2024-10-08,6,3,1.0,Cardiology,45
2,2024-10-08,Morning,4,22.925,4.25,2024-10-08,5,1,0.8,Cardiology,45
2,2024-10-08,Night,2,23.25,4.0,2024-10-08,3,1,0.6666666666666666,Cardiology,45
2,2024-10-09,Afternoon,2,24.65,3.5,2024-10-09,4,2,0.5,Cardiology,45
2,2024-10-09,Morning,9,30.255555555555556,3.888888888888889,2024-10-09,5,2,1.8,Cardiology,45
2,2024-10-09,Night,2,14.5,3.5,2024-10-09,3,1,0.6666666666666666,Cardiology,45
2,2024-10-10,Afternoon,8,25.5,4.0,2024-10-10,6,2,1.3333333333333333,Cardiology,45
2,2024-10-10,Morning,6,29.78333333333333,4.333333333333333,2024-10-10,5,2,1.2,Cardiology,45
2,2024-10-10,Night,3,25.066666666666666,4.0,2024-10-10,4,1,0.75,Cardiology,45
2,2024-10-11,Afternoon,10,35.660000000000004,4.1,2024-10-11,4,2,2.5,Cardiology,45
2,2024-10-11,Morning,1,20.4,5.0,2024-10-11,6,2,0.16666666666666666,Cardiology,45
2,2024-10-11,Night,1,18.1,4.0,2024-10-11,4,1,0.25,Cardiology,45
2,2024-10-12,Afternoon,3,22.900000000000002,4.0,2024-10-12,5,2,0.6,Cardiology,45
2,2024-10-12,Morning,5,25.880000000000003,3.6,2024-10-12,6,2,0.8333333333333334,Cardiology,45
2,2024-10-12,Night,2,24.5,4.0,2024-10-12,2,1,1.0,Cardiology,45
2,2024-10-13,Afternoon,5,24.240000000000002,4.2,2024-10-13,7,2,0.7142857142857143,Cardiology,45
2,2024-10-13,Morning,6,26.016666666666666,3.8333333333333335,2024-10-13,6,3,1.0,Cardiology,45
2,2024-10-14,Afternoon,5,20.119999999999997,3.6,2024-10-14,6,2,0.8333333333333334,Cardiology,45
2,2024-10-14,Morning,5,24.48,3.6,2024-10-14,4,3,1.25,Cardiology,45
2,2024-10-14,Night,2,21.299999999999997,3.5,2024-10-14,3,2,0.6666666666666666,Cardiology,45
2,2024-10-15,Afternoon,5,19.98,4.2,2024-10-15,5,2,1.0,Cardiology,45
2,2024-10-15,Morning,7,24.17142857142857,3.7142857142857144,2024-10-15,5,3,1.4,Cardiology,45
2,2024-10-16,Afternoon,5,21.86,3.6,2024-10-16,5,2,1.0,Cardiology,45
2,2024-10-16,Morning,9,30.755555555555556,3.6666666666666665,2024-10-16,5,2,1.8,Cardiology,45
2,2024-10-16,Night,2,25.200000000000003,4.5,2024-10-16,3,1,0.6666666666666666,Cardiology,45
2,2024-10-17,Afternoon,8,32.9875,3.75,2024-10-17,4,2,2.0,Cardiology,45
2,2024-10-17,Morning,6,22.733333333333334,4.0,2024-10-17,6,2,1.0,Cardiology,45
2,2024-10-18,Afternoon,3,19.5,4.666666666666667,2024-10-18,5,2,0.6,Cardiology,45
2,2024-10-18,Morning,3,21.566666666666666,4.333333333333333,2024-10-18,5,2,0.6,Cardiology,45
2,2024-10-18,Night,1,16.5,3.0,2024-10-18,3,1,0.3333333333333333,Cardiology,45
2,2024-10-19,Afternoon,4,26.525,4.5,2024-10-19,5,2,0.8,Cardiology,45
2,2024-10-19,Morning,4,21.1,4.75,2024-10-19,7,2,0.5714285714285714,Cardiology,45
2,2024-10-19,Night,1,15.7,4.0,2024-10-19,4,1,0.25,Cardiology,45
2,2024-10-20,Afternoon,4,26.125,4.5,2024-10-20,4,2,1.0,Cardiology,45
2,2024-10-20,Morning,7,26.457142857142856,4.0,2024-10-20,5,2,1.4,Cardiology,45
2,2024-10-21,Afternoon,6,27.433333333333334,4.166666666666667,2024-10-21,3,2,2.0,Cardiology,45
2,2024-10-21,Morning,3,26.96666666666667,4.333333333333333,2024-10-21,3,1,1.0,Cardiology,45
2,2024-10-21,Night,1,21.4,4.0,2024-10-21,4,1,0.25,Cardiology,45
2,2024-10-22,Afternoon,8,33.025,3.75,2024-10-22,4,2,2.0,Cardiology,45
2,2024-10-22,Morning,8,28.9,3.875,2024-10-22,7,1,1.1428571428571428,Cardiology,45
2,2024-10-22,Night,3,23.3,4.0,2024-10-22,3,1,1.0,Cardiology,45
2,2024-10-23,Afternoon,7,32.07142857142857,3.5714285714285716,2024-10-23,4,3,1.75,Cardiology,45
2,2024-10-23,Morning,8,33.15,3.875,2024-10-23,4,2,2.0,Cardiology,45
2,2024-10-23,Night,2,24.2,4.5,2024-10-23,4,2,0.5,Cardiology,45
2,2024-10-24,Afternoon,9,33.266666666666666,3.6666666666666665,2024-10-24,5,2,1.8,Cardiology,45
2,2024-10-24,Morning,6,27.0,3.8333333333333335,2024-10-24,5,2,1.2,Cardiology,45
2,2024-10-25,Afternoon,5,27.560000000000002,3.6,2024-10-25,4,2,1.25,Cardiology,45
2,2024-10-25,Morning,3,25.0,4.0,2024-10-25,5,2,0.6,Cardiology,45
2,2024-10-25,Night,1,22.5,4.0,2024-10-25,3,1,0.3333333333333333,Cardiology,45
2,2024-10-26,Afternoon,6,26.616666666666664,4.166666666666667,2024-10-26,5,2,1.2,Cardiology,45
2,2024-10-26,Morning,3,22.433333333333334,4.0,2024-10-26,6,2,0.5,Cardiology,45
2,2024-10-26,Night,1,30.0,4.0,2024-10-26,4,1,0.25,Cardiology,45
2,2024-10-27,Afternoon,7,28.214285714285715,4.285714285714286,2024-10-27,6,2,1.1666666666666667,Cardiology,45
2,2024-10-27,Morning,3,27.2,4.333333333333333,2024-10-27,5,1,0.6,Cardiology,45
2,2024-10-27,Night,2,18.35,4.5,2024-10-27,4,1,0.5,Cardiology,45
2,2024-10-28,Afternoon,8,32.5875,4.125,2024-10-28,4,1,2.0,Cardiology,45
2,2024-10-28,Morning,13,35.61538461538461,3.3846153846153846,2024-10-28,5,1,2.6,Cardiology,45
2,2024-10-28,Night,2,19.4,4.5,2024-10-28,3,1,0.6666666666666666,Cardiology,45
2,2024-10-29,Afternoon,6,27.3,3.8333333333333335,2024-10-29,4,2,1.5,Cardiology,45
2,2024-10-29,Morning,9,28.033333333333335,3.7777777777777777,2024-10-29,5,2,1.8,Cardiology,45
2,2024-10-30,Afternoon,4,25.725,4.0,2024-10-30,4,2,1.0,Cardiology,45
2,2024-10-30,Morning,2,21.75,4.5,2024-10-30,4,2,0.5,Cardiology,45
2,2024-10-31,Afternoon,3,22.066666666666666,4.333333333333333,2024-10-31,5,2,0.6,Cardiology,45
2,2024-10-31,Morning,7,25.5,3.7142857142857144,2024-10-31,5,3,1.4,Cardiology,45
2,2024-10-31,Night,1,21.8,3.0,2024-10-31,3,1,0.3333333333333333,Cardiology,45
2,2024-11-01,Afternoon,11,39.699999999999996,3.5454545454545454,2024-11-01,4,1,2.75,Cardiology,45
2,2024-11-01,Morning,6,24.400000000000002,3.8333333333333335,2024-11-01,5,3,1.2,Cardiology,45
2,2024-11-01,Night,3,27.266666666666666,4.0,2024-11-01,3,2,1.0,Cardiology,45
2,2024-11-02,Afternoon,3,20.46666666666667,4.333333333333333,2024-11-02,5,2,0.6,Cardiology,45
2,2024-11-02,Morning,5,23.9,3.8,2024-11-02,6,2,0.8333333333333334,Cardiology,45
2,2024-11-02,Night,2,23.549999999999997,3.0,2024-11-02,3,1,0.6666666666666666,Cardiology,45
2,2024-11-03,Afternoon,8,29.2875,4.0,2024-11-03,5,2,1.6,Cardiology,45
2,2024-11-03,Morning,6,25.816666666666666,3.8333333333333335,2024-11-03,5,2,1.2,Cardiology,45
2,2024-11-04,Afternoon,2,18.3,4.5,2024-11-04,4,2,0.5,Cardiology,45
2,2024-11-04,Morning,2,16.75,4.0,2024-11-04,5,2,0.4,Cardiology,45
2,2024-11-04,Night,1,17.2,4.0,2024-11-04,4,1,0.25,Cardiology,45
2,2024-11-05,Afternoon,5,21.880000000000003,3.8,2024-11-05,6,1,0.8333333333333334,Cardiology,45
2,2024-11-05,Morning,3,22.5,4.333333333333333,2024-11-05,3,3,1.0,Cardiology,45
2,2024-11-05,Night,3,26.266666666666666,4.0,2024-11-05,2,1,1.5,Cardiology,45
2,2024-11-06,Afternoon,13,36.661538461538456,3.3846153846153846,2024-11-06,5,3,2.6,Cardiology,45
2,2024-11-06,Morning,6,20.55,3.8333333333333335,2024-11-06,4,1,1.5,Cardiology,45
2,2024-11-06,Night,2,21.8,5.0,2024-11-06,3,1,0.6666666666666666,Cardiology,45
2,2024-11-07,Afternoon,4,25.85,4.0,2024-11-07,6,2,0.6666666666666666,Cardiology,45
2,2024-11-07,Morning,6,24.28333333333333,3.6666666666666665,2024-11-07,5,2,1.2,Cardiology,45
2,2024-11-07,Night,5,29.160000000000004,4.0,2024-11-07,3,1,1.6666666666666667,Cardiology,45
2,2024-11-08,Afternoon,4,24.95,4.5,2024-11-08,5,2,0.8,Cardiology,45
2,2024-11-08,Morning,4,20.5,3.75,2024-11-08,5,3,0.8,Cardiology,45
2,2024-11-08,Night,3,22.166666666666668,3.3333333333333335,2024-11-08,4,1,0.75,Cardiology,45
2,2024-11-09,Afternoon,2,20.3,4.0,2024-11-09,6,3,0.3333333333333333,Cardiology,45
2,2024-11-09,Morning,1,18.2,3.0,2024-11-09,5,2,0.2,Cardiology,45
2,2024-11-09,Night,1,25.9,4.0,2024-11-09,3,1,0.3333333333333333,Cardiology,45
2,2024-11-10,Afternoon,4,21.875,3.75,2024-11-10,5,2,0.8,Cardiology,45
2,2024-11-10,Morning,3,22.333333333333332,4.0,2024-11-10,6,2,0.5,Cardiology,45
2,2024-11-11,Afternoon,10,30.309999999999995,3.5,2024-11-11,6,1,1.6666666666666667,Cardiology,45
2,2024-11-11,Morning,4,24.55,4.25,2024-11-11,4,2,1.0,Cardiology,45
2,2024-11-11,Night,1,17.4,5.0,2024-11-11,3,1,0.3333333333333333,Cardiology,45
2,2024-11-12,Afternoon,5,23.96,4.0,2024-11-12,5,3,1.0,Cardiology,45
2,2024-11-12,Morning,1,23.8,4.0,2024-11-12,5,3,0.2,Cardiology,45
2,2024-11-12,Night,4,27.55,3.75,2024-11-12,4,1,1.0,Cardiology,45
2,2024-11-13,Afternoon,6,27.633333333333336,3.8333333333333335,2024-11-13,5,2,1.2,Cardiology,45
2,2024-11-13,Morning,3,28.5,5.0,2024-11-13,5,1,0.6,Cardiology,45
2,2024-11-13,Night,1,19.8,5.0,2024-11-13,3,2,0.3333333333333333,Cardiology,45
2,2024-11-14,Afternoon,13,32.784615384615385,3.5384615384615383,2024-11-14,6,2,2.1666666666666665,Cardiology,45
2,2024-11-14,Morning,4,25.775,4.25,2024-11-14,4,2,1.0,Cardiology,45
2,2024-11-15,Afternoon,9,28.833333333333332,4.111111111111111,2024-11-15,5,3,1.8,Cardiology,45
2,2024-11-15,Morning,6,24.900000000000002,4.166666666666667,2024-11-15,5,2,1.2,Cardiology,45
2,2024-11-15,Night,2,22.7,4.5,2024-11-15,2,1,1.0,Cardiology,45
2,2024-11-16,Afternoon,2,19.15,4.0,2024-11-16,5,1,0.4,Cardiology,45
2,2024-11-16,Morning,7,24.957142857142856,3.142857142857143,2024-11-16,6,2,1.1666666666666667,Cardiology,45
2,2024-11-16,Night,2,22.5,4.0,2024-11-16,3,2,0.6666666666666666,Cardiology,45
2,2024-11-17,Afternoon,6,24.650000000000002,3.6666666666666665,2024-11-17,5,2,1.2,Cardiology,45
2,2024-11-17,Morning,6,26.583333333333332,4.166666666666667,2024-11-17,5,2,1.2,Cardiology,45
2,2024-11-18,Afternoon,5,25.8,3.8,2024-11-18,5,2,1.0,Cardiology,45
2,2024-11-18,Morning,7,33.74285714285715,3.2857142857142856,2024-11-18,3,2,2.3333333333333335,Cardiology,45
2,2024-11-18,Night,1,24.8,3.0,2024-11-18,3,1,0.3333333333333333,Cardiology,45
2,2024-11-19,Afternoon,7,26.74285714285714,4.0,2024-11-19,5,1,1.4,Cardiology,45
2,2024-11-19,Morning,4,24.025,3.75,2024-11-19,5,2,0.8,Cardiology,45
2,2024-11-19,Night,1,18.5,5.0,2024-11-19,3,2,0.3333333333333333,Cardiology,45
2,2024-11-20,Afternoon,2,21.1,3.5,2024-11-20,5,2,0.4,Cardiology,45
2,2024-11-20,Morning,8,29.6875,3.75,2024-11-20,5,2,1.6,Cardiology,45
2,2024-11-20,Night,1,27.6,3.0,2024-11-20,3,1,0.3333333333333333,Cardiology,45
2,2024-11-21,Afternoon,7,31.17142857142857,3.857142857142857,2024-11-21,5,2,1.4,Cardiology,45
2,2024-11-21,Morning,5,27.160000000000004,4.0,2024-11-21,5,3,1.0,Cardiology,45
2,2024-11-22,Afternoon,4,24.5,4.25,2024-11-22,6,2,0.6666666666666666,Cardiology,45
2,2024-11-22,Morning,6,27.866666666666664,3.1666666666666665,2024-11-22,5,2,1.2,Cardiology,45
2,2024-11-23,Afternoon,9,31.188888888888886,4.0,2024-11-23,6,2,1.5,Cardiology,45
2,2024-11-23,Morning,5,30.660000000000004,3.4,2024-11-23,4,2,1.25,Cardiology,45
2,2024-11-24,Afternoon,7,27.785714285714285,4.285714285714286,2024-11-24,5,2,1.4,Cardiology,45
2,2024-11-24,Morning,4,29.8,4.0,2024-11-24,5,2,0.8,Cardiology,45
2,2024-11-24,Night,2,25.299999999999997,4.0,2024-11-24,4,1,0.5,Cardiology,45
2,2024-11-25,Afternoon,7,29.3,3.857142857142857,2024-11-25,4,2,1.75,Cardiology,45
2,2024-11-25,Morning,6,29.416666666666668,3.8333333333333335,2024-11-25,5,2,1.2,Cardiology,45
2,2024-11-25,Night,1,10.8,4.0,2024-11-25,4,1,0.25,Cardiology,45
2,2024-11-26,Afternoon,8,25.4125,4.0,2024-11-26,6,2,1.3333333333333333,Cardiology,45
2,2024-11-26,Morning,8,28.75,4.0,2024-11-26,5,2,1.6,Cardiology,45
2,2024-11-27,Afternoon,5,20.98,4.2,2024-11-27,5,3,1.0,Cardiology,45
2,2024-11-27,Morning,4,17.95,4.25,2024-11-27,7,2,0.5714285714285714,Cardiology,45
2,2024-11-27,Night,3,28.933333333333337,4.0,2024-11-27,2,1,1.5,Cardiology,45
2,2024-11-28,Afternoon,4,28.075000000000003,3.5,2024-11-28,4,2,1.0,Cardiology,45
2,2024-11-28,Morning,7,26.914285714285715,4.142857142857143,2024-11-28,5,2,1.4,Cardiology,45
2,2024-11-28,Night,1,15.5,5.0,2024-11-28,3,1,0.3333333333333333,Cardiology,45
2,2024-11-29,Afternoon,8,31.0625,4.0,2024-11-29,4,1,2.0,Cardiology,45
2,2024-11-29,Morning,4,20.425,4.25,2024-11-29,6,2,0.6666666666666666,Cardiology,45
2,2024-11-29,Night,4,25.125,3.75,2024-11-29,3,2,1.3333333333333333,Cardiology,45
2,2024-11-30,Afternoon,4,27.6,3.5,2024-11-30,5,2,0.8,Cardiology,45
2,2024-11-30,Morning,6,22.333333333333332,3.8333333333333335,2024-11-30,6,2,1.0,Cardiology,45
2,2024-12-01,Afternoon,10,33.980000000000004,3.6,2024-12-01,5,2,2.0,Cardiology,45
2,2024-12-01,Morning,3,20.166666666666668,4.0,2024-12-01,4,2,0.75,Cardiology,45
2,2024-12-02,Afternoon,11,33.56363636363636,3.5454545454545454,2024-12-02,5,2,2.2,Cardiology,45
2,2024-12-02,Morning,5,28.339999999999996,3.6,2024-12-02,4,2,1.25,Cardiology,45
2,2024-12-02,Night,1,24.3,5.0,2024-12-02,3,2,0.3333333333333333,Cardiology,45
2,2024-12-03,Afternoon,7,25.0,3.5714285714285716,2024-12-03,6,2,1.1666666666666667,Cardiology,45
2,2024-12-03,Morning,8,30.387500000000003,4.25,2024-12-03,5,2,1.6,Cardiology,45
2,2024-12-03,Night,2,25.35,3.5,2024-12-03,2,1,1.0,Cardiology,45
2,2024-12-04,Afternoon,6,25.599999999999998,4.0,2024-12-04,5,2,1.2,Cardiology,45
2,2024-12-04,Morning,7,29.457142857142856,4.285714285714286,2024-12-04,5,1,1.4,Cardiology,45
2,2024-12-04,Night,1,15.7,5.0,2024-12-04,4,1,0.25,Cardiology,45
2,2024-12-05,Afternoon,3,25.2,4.666666666666667,2024-12-05,5,2,0.6,Cardiology,45
2,2024-12-05,Morning,2,19.4,4.0,2024-12-05,6,2,0.3333333333333333,Cardiology,45
2,2024-12-05,Night,1,23.6,4.0,2024-12-05,3,2,0.3333333333333333,Cardiology,45
2,2024-12-06,Afternoon,8,27.875,3.5,2024-12-06,5,2,1.6,Cardiology,45
2,2024-12-06,Morning,4,22.025,4.0,2024-12-06,6,2,0.6666666666666666,Cardiology,45
2,2024-12-06,Night,1,21.8,4.0,2024-12-06,4,2,0.25,Cardiology,45
2,2024-12-07,Afternoon,3,20.833333333333332,4.333333333333333,2024-12-07,6,2,0.5,Cardiology,45
2,2024-12-07,Morning,1,24.0,4.0,2024-12-07,5,2,0.2,Cardiology,45
2,2024-12-08,Afternoon,3,19.099999999999998,4.333333333333333,2024-12-08,5,1,0.6,Cardiology,45
2,2024-12-08,Morning,5,23.740000000000002,3.4,2024-12-08,5,2,1.0,Cardiology,45
2,2024-12-08,Night,3,19.633333333333333,4.666666666666667,2024-12-08,4,1,0.75,Cardiology,45
2,2024-12-09,Afternoon,4,25.425,3.75,2024-12-09,5,3,0.8,Cardiology,45
2,2024-12-09,Morning,8,35.375,3.875,2024-12-09,4,2,2.0,Cardiology,45
2,2024-12-09,Night,2,19.5,4.0,2024-12-09,2,1,1.0,Cardiology,45
2,2024-12-10,Afternoon,8,28.575,3.625,2024-12-10,5,3,1.6,Cardiology,45
2,2024-12-10,Morning,9,29.688888888888886,3.5555555555555554,2024-12-10,5,1,1.8,Cardiology,45
2,2024-12-11,Afternoon,12,32.333333333333336,3.3333333333333335,2024-12-11,5,1,2.4,Cardiology,45
2,2024-12-11,Morning,8,29.6,4.0,2024-12-11,5,2,1.6,Cardiology,45
2,2024-12-11,Night,2,19.450000000000003,3.0,2024-12-11,4,1,0.5,Cardiology,45
2,2024-12-12,Afternoon,6,21.216666666666665,3.6666666666666665,2024-12-12,5,2,1.2,Cardiology,45
2,2024-12-12,Morning,4,24.0,4.25,2024-12-12,4,2,1.0,Cardiology,45
2,2024-12-12,Night,2,31.55,3.5,2024-12-12,2,1,1.0,Cardiology,45
2,2024-12-13,Afternoon,6,25.0,3.5,2024-12-13,5,2,1.2,Cardiology,45
2,2024-12-13,Morning,3,21.866666666666664,4.0,2024-12-13,5,3,0.6,Cardiology,45
2,2024-12-13,Night,2,24.7,4.0,2024-12-13,3,1,0.6666666666666666,Cardiology,45
2,2024-12-14,Afternoon,3,23.333333333333332,4.333333333333333,2024-12-14,5,2,0.6,Cardiology,45
2,2024-12-14,Morning,7,21.942857142857143,4.428571428571429,2024-12-14,6,2,1.1666666666666667,Cardiology,45
2,2024-12-15,Afternoon,4,22.625,4.25,2024-12-15,6,3,0.6666666666666666,Cardiology,45
2,2024-12-15,Morning,5,21.3,3.6,2024-12-15,5,2,1.0,Cardiology,45
2,2024-12-15,Night,2,20.15,4.0,2024-12-15,4,2,0.5,Cardiology,45
2,2024-12-16,Afternoon,7,27.02857142857143,4.142857142857143,2024-12-16,5,2,1.4,Cardiology,45
2,2024-12-16,Morning,4,26.0,4.0,2024-12-16,4,3,1.0,Cardiology,45
2,2024-12-16,Night,2,27.549999999999997,2.5,2024-12-16,4,1,0.5,Cardiology,45
2,2024-12-17,Afternoon,3,20.033333333333335,3.6666666666666665,2024-12-17,5,2,0.6,Cardiology,45
2,2024-12-17,Morning,4,18.0,3.75,2024-12-17,5,2,0.8,Cardiology,45
2,2024-12-17,Night,1,18.4,5.0,2024-12-17,4,2,0.25,Cardiology,45
2,2024-12-18,Afternoon,3,24.333333333333332,4.333333333333333,2024-12-18,4,2,0.75,Cardiology,45
2,2024-12-18,Morning,3,24.366666666666664,3.0,2024-12-18,5,2,0.6,Cardiology,45
2,2024-12-18,Night,4,22.75,4.5,2024-12-18,5,2,0.8,Cardiology,45
2,2024-12-19,Afternoon,5,25.2,4.0,2024-12-19,4,2,1.25,Cardiology,45
2,2024-12-19,Morning,6,26.983333333333334,3.5,2024-12-19,5,2,1.2,Cardiology,45
2,2024-12-19,Night,1,32.9,4.0,2024-12-19,2,1,0.5,Cardiology,45
2,2024-12-20,Afternoon,3,24.866666666666664,4.0,2024-12-20,6,2,0.5,Cardiology,45
2,2024-12-20,Morning,3,24.333333333333332,3.3333333333333335,2024-12-20,5,2,0.6,Cardiology,45
2,2024-12-20,Night,2,21.85,4.0,2024-12-20,3,1,0.6666666666666666,Cardiology,45
2,2024-12-21,Afternoon,8,26.8,4.125,2024-12-21,5,2,1.6,Cardiology,45
2,2024-12-21,Morning,8,29.3125,4.0,2024-12-21,5,2,1.6,Cardiology,45
2,2024-12-21,Night,1,26.7,4.0,2024-12-21,2,1,0.5,Cardiology,45
2,2024-12-22,Afternoon,2,21.05,4.0,2024-12-22,6,3,0.3333333333333333,Cardiology,45
2,2024-12-22,Morning,6,23.53333333333333,3.8333333333333335,2024-12-22,6,3,1.0,Cardiology,45
2,2024-12-23,Afternoon,5,21.36,4.0,2024-12-23,5,2,1.0,Cardiology,45
2,2024-12-23,Morning,7,25.87142857142857,4.285714285714286,2024-12-23,4,2,1.75,Cardiology,45
2,2024-12-23,Night,1,17.1,3.0,2024-12-23,3,1,0.3333333333333333,Cardiology,45
2,2024-12-24,Afternoon,8,26.975,4.0,2024-12-24,5,2,1.6,Cardiology,45
2,2024-12-24,Morning,8,30.3125,4.125,2024-12-24,4,2,2.0,Cardiology,45
2,2024-12-24,Night,3,27.2,3.6666666666666665,2024-12-24,4,1,0.75,Cardiology,45
2,2024-12-25,Afternoon,8,24.6,3.75,2024-12-25,6,1,1.3333333333333333,Cardiology,45
2,2024-12-25,Morning,5,20.28,3.8,2024-12-25,6,2,0.8333333333333334,Cardiology,45
2,2024-12-26,Afternoon,7,30.24285714285714,3.857142857142857,2024-12-26,4,2,1.75,Cardiology,45
2,2024-12-26,Morning,7,33.4,3.5714285714285716,2024-12-26,4,3,1.75,Cardiology,45
2,2024-12-27,Afternoon,7,27.985714285714288,3.857142857142857,2024-12-27,5,3,1.4,Cardiology,45
2,2024-12-27,Morning,10,28.389999999999997,3.4,2024-12-27,6,2,1.6666666666666667,Cardiology,45
2,2024-12-27,Night,3,25.133333333333336,3.6666666666666665,2024-12-27,3,1,1.0,Cardiology,45
2,2024-12-28,Afternoon,2,18.9,4.0,2024-12-28,5,2,0.4,Cardiology,45
2,2024-12-28,Morning,6,29.21666666666667,3.3333333333333335,2024-12-28,5,2,1.2,Cardiology,45
2,2024-12-29,Afternoon,8,24.9,4.0,2024-12-29,6,2,1.3333333333333333,Cardiology,45
2,2024-12-29,Morning,7,32.642857142857146,3.5714285714285716,2024-12-29,4,2,1.75,Cardiology,45
2,2024-12-29,Night,1,14.0,5.0,2024-12-29,3,1,0.3333333333333333,Cardiology,45
2,2024-12-30,Afternoon,6,28.883333333333336,3.8333333333333335,2024-12-30,4,2,1.5,Cardiology,45
2,2024-12-30,Morning,6,31.866666666666664,3.6666666666666665,2024-12-30,4,3,1.5,Cardiology,45
2,2024-12-30,Night,2,24.950000000000003,3.5,2024-12-30,4,1,0.5,Cardiology,45
2,2024-12-31,Afternoon,4,22.650000000000002,4.25,2024-12-31,5,2,0.8,Cardiology,45
2,2024-12-31,Morning,7,28.17142857142857,3.7142857142857144,2024-12-31,5,1,1.4,Cardiology,45
2,2024-12-31,Night,3,26.0,4.666666666666667,2024-12-31,3,2,1.0,Cardiology,45
3,2024-01-01,Afternoon,3,17.433333333333334,3.6666666666666665,2024-01-01,6,2,0.5,Orthopedics,45
3,2024-01-01,Morning,2,23.65,4.0,2024-01-01,4,2,0.5,Orthopedics,45
3,2024-01-01,Night,1,13.7,5.0,2024-01-01,3,1,0.3333333333333333,Orthopedics,45
3,2024-01-02,Afternoon,11,29.963636363636365,3.272727272727273,2024-01-02,6,2,1.8333333333333333,Orthopedics,45
3,2024-01-02,Night,2,14.85,5.0,2024-01-02,3,1,0.6666666666666666,Orthopedics,45
3,2024-01-03,Afternoon,11,32.28181818181818,3.3636363636363638,2024-01-03,5,1,2.2,Orthopedics,45
3,2024-01-03,Morning,4,24.625,4.75,2024-01-03,5,2,0.8,Orthopedics,45
3,2024-01-04,Afternoon,8,31.337500000000002,4.25,2024-01-04,6,2,1.3333333333333333,Orthopedics,45
3,2024-01-04,Morning,8,28.6875,3.875,2024-01-04,5,2,1.6,Orthopedics,45
3,2024-01-04,Night,1,19.0,3.0,2024-01-04,3,2,0.3333333333333333,Orthopedics,45
3,2024-01-05,Afternoon,5,21.62,3.6,2024-01-05,5,2,1.0,Orthopedics,45
3,2024-01-05,Morning,3,25.666666666666668,4.0,2024-01-05,5,2,0.6,Orthopedics,45
3,2024-01-05,Night,5,29.28,4.0,2024-01-05,3,1,1.6666666666666667,Orthopedics,45
3,2024-01-06,Afternoon,6,25.666666666666668,4.333333333333333,2024-01-06,5,2,1.2,Orthopedics,45
3,2024-01-06,Morning,4,23.075,4.0,2024-01-06,4,2,1.0,Orthopedics,45
3,2024-01-06,Night,1,21.2,5.0,2024-01-06,4,1,0.25,Orthopedics,45
3,2024-01-07,Afternoon,3,23.599999999999998,4.0,2024-01-07,5,2,0.6,Orthopedics,45
3,2024-01-07,Morning,2,23.9,4.0,2024-01-07,5,2,0.4,Orthopedics,45
3,2024-01-08,Afternoon,5,21.520000000000003,3.4,2024-01-08,5,3,1.0,Orthopedics,45
3,2024-01-08,Morning,7,31.82857142857143,4.428571428571429,2024-01-08,4,2,1.75,Orthopedics,45
3,2024-01-08,Night,1,23.3,4.0,2024-01-08,3,2,0.3333333333333333,Orthopedics,45
3,2024-01-09,Afternoon,5,18.64,4.6,2024-01-09,5,2,1.0,Orthopedics,45
3,2024-01-09,Morning,3,21.1,4.666666666666667,2024-01-09,6,3,0.5,Orthopedics,45
3,2024-01-09,Night,3,23.433333333333334,3.6666666666666665,2024-01-09,3,2,1.0,Orthopedics,45
3,2024-01-10,Afternoon,3,22.7,4.333333333333333,2024-01-10,4,1,0.75,Orthopedics,45
3,2024-01-10,Morning,4,20.1,3.75,2024-01-10,4,2,1.0,Orthopedics,45
3,2024-01-11,Afternoon,5,25.32,4.0,2024-01-11,4,1,1.25,Orthopedics,45
3,2024-01-11,Morning,3,23.2,4.333333333333333,2024-01-11,5,3,0.6,Orthopedics,45
3,2024-01-11,Night,1,23.7,4.0,2024-01-11,3,1,0.3333333333333333,Orthopedics,45
3,2024-01-12,Afternoon,6,24.683333333333334,3.8333333333333335,2024-01-12,5,2,1.2,Orthopedics,45
3,2024-01-12,Morning,5,22.32,4.4,2024-01-12,4,3,1.25,Orthopedics,45
3,2024-01-13,Afternoon,5,24.259999999999998,4.4,2024-01-13,6,2,0.8333333333333334,Orthopedics,45
3,2024-01-13,Morning,6,27.650000000000002,3.8333333333333335,2024-01-13,5,2,1.2,Orthopedics,45
3,2024-01-14,Afternoon,5,25.76,4.0,2024-01-14,6,3,0.8333333333333334,Orthopedics,45
3,2024-01-14,Morning,5,26.860000000000003,4.2,2024-01-14,5,2,1.0,Orthopedics,45
3,2024-01-14,Night,1,19.8,4.0,2024-01-14,3,1,0.3333333333333333,Orthopedics,45
3,2024-01-15,Afternoon,4,23.4,4.75,2024-01-15,5,1,0.8,Orthopedics,45
3,2024-01-15,Morning,3,23.333333333333332,3.3333333333333335,2024-01-15,4,2,0.75,Orthopedics,45
3,2024-01-16,Afternoon,4,17.6,4.25,2024-01-16,6,2,0.6666666666666666,Orthopedics,45
3,2024-01-16,Morning,1,7.0,4.0,2024-01-16,4,2,0.25,Orthopedics,45
3,2024-01-16,Night,1,11.9,3.0,2024-01-16,2,2,0.5,Orthopedics,45
3,2024-01-17,Afternoon,7,29.9,3.5714285714285716,2024-01-17,5,3,1.4,Orthopedics,45
3,2024-01-17,Morning,4,19.975,4.0,2024-01-17,5,1,0.8,Orthopedics,45
3,2024-01-17,Night,2,23.15,4.0,2024-01-17,3,1,0.6666666666666666,Orthopedics,45
3,2024-01-18,Afternoon,9,29.099999999999998,3.888888888888889,2024-01-18,5,2,1.8,Orthopedics,45
3,2024-01-18,Morning,4,19.7,4.0,2024-01-18,6,2,0.6666666666666666,Orthopedics,45
3,2024-01-19,Afternoon,9,26.733333333333334,4.0,2024-01-19,5,2,1.8,Orthopedics,45
3,2024-01-19,Morning,3,22.233333333333334,4.0,2024-01-19,5,2,0.6,Orthopedics,45
3,2024-01-19,Night,3,25.399999999999995,4.333333333333333,2024-01-19,3,1,1.0,Orthopedics,45
3,2024-01-20,Afternoon,8,24.8875,3.875,2024-01-20,5,3,1.6,Orthopedics,45
3,2024-01-20,Morning,4,19.225,3.75,2024-01-20,6,2,0.6666666666666666,Orthopedics,45
3,2024-01-21,Afternoon,5,26.68,4.0,2024-01-21,6,2,0.8333333333333334,Orthopedics,45
3,2024-01-21,Morning,3,19.666666666666668,4.0,2024-01-21,6,1,0.5,Orthopedics,45
3,2024-01-22,Afternoon,6,24.683333333333334,4.0,2024-01-22,6,2,1.0,Orthopedics,45
3,2024-01-22,Morning,10,36.089999999999996,3.9,2024-01-22,4,2,2.5,Orthopedics,45
3,2024-01-22,Night,1,18.7,4.0,2024-01-22,4,1,0.25,Orthopedics,45
3,2024-01-23,Afternoon,8,29.45,4.25,2024-01-23,5,2,1.6,Orthopedics,45
3,2024-01-23,Morning,4,24.575,4.25,2024-01-23,4,2,1.0,Orthopedics,45
3,2024-01-24,Afternoon,5,26.880000000000003,4.2,2024-01-24,4,3,1.25,Orthopedics,45
3,2024-01-24,Morning,5,23.94,4.2,2024-01-24,6,2,0.8333333333333334,Orthopedics,45
3,2024-01-24,Night,3,23.03333333333333,4.666666666666667,2024-01-24,4,1,0.75,Orthopedics,45
3,2024-01-25,Afternoon,3,18.533333333333335,4.666666666666667,2024-01-25,5,2,0.6,Orthopedics,45
3,2024-01-25,Morning,5,24.86,3.8,2024-01-25,5,2,1.0,Orthopedics,45
3,2024-01-25,Night,1,20.8,5.0,2024-01-25,3,1,0.3333333333333333,Orthopedics,45
3,2024-01-26,Afternoon,6,26.266666666666666,4.166666666666667,2024-01-26,5,2,1.2,Orthopedics,45
3,2024-01-26,Morning,6,28.316666666666666,4.166666666666667,2024-01-26,4,2,1.5,Orthopedics,45
3,2024-01-27,Afternoon,5,24.14,4.2,2024-01-27,6,1,0.8333333333333334,Orthopedics,45
3,2024-01-27,Morning,3,19.933333333333334,3.3333333333333335,2024-01-27,7,2,0.42857142857142855,Orthopedics,45
3,2024-01-28,Morning,5,25.1,3.6,2024-01-28,5,2,1.0,Orthopedics,45
3,2024-01-29,Afternoon,3,21.366666666666664,4.333333333333333,2024-01-29,5,2,0.6,Orthopedics,45
3,2024-01-29,Morning,4,26.275000000000002,3.75,2024-01-29,5,2,0.8,Orthopedics,45
3,2024-01-29,Night,1,11.8,3.0,2024-01-29,3,1,0.3333333333333333,Orthopedics,45
3,2024-01-30,Afternoon,8,31.3,4.125,2024-01-30,5,1,1.6,Orthopedics,45
3,2024-01-30,Morning,8,29.3875,4.0,2024-01-30,6,2,1.3333333333333333,Orthopedics,45
3,2024-01-31,Afternoon,6,28.71666666666667,3.3333333333333335,2024-01-31,4,3,1.5,Orthopedics,45
3,2024-01-31,Morning,1,25.6,5.0,2024-01-31,6,2,0.16666666666666666,Orthopedics,45
3,2024-01-31,Night,1,25.4,4.0,2024-01-31,3,1,0.3333333333333333,Orthopedics,45
3,2024-02-01,Afternoon,9,30.32222222222222,4.0,2024-02-01,5,2,1.8,Orthopedics,45
3,2024-02-01,Morning,4,22.025,4.5,2024-02-01,5,1,0.8,Orthopedics,45
3,2024-02-01,Night,2,23.9,4.5,2024-02-01,3,1,0.6666666666666666,Orthopedics,45
3,2024-02-02,Afternoon,8,31.675,3.875,2024-02-02,5,1,1.6,Orthopedics,45
3,2024-02-02,Morning,2,27.45,3.5,2024-02-02,4,2,0.5,Orthopedics,45
3,2024-02-03,Afternoon,2,17.35,4.5,2024-02-03,5,2,0.4,Orthopedics,45
3,2024-02-03,Morning,6,26.799999999999997,4.0,2024-02-03,5,2,1.2,Orthopedics,45
3,2024-02-04,Afternoon,5,23.080000000000002,4.0,2024-02-04,5,2,1.0,Orthopedics,45
3,2024-02-04,Morning,4,20.225,4.25,2024-02-04,5,2,0.8,Orthopedics,45
3,2024-02-05,Afternoon,6,24.566666666666666,3.8333333333333335,2024-02-05,4,2,1.5,Orthopedics,45
3,2024-02-05,Morning,4,21.975,4.0,2024-02-05,5,2,0.8,Orthopedics,45
3,2024-02-05,Night,2,14.399999999999999,4.5,2024-02-05,5,1,0.4,Orthopedics,45
3,2024-02-06,Afternoon,2,20.2,4.5,2024-02-06,4,2,0.5,Orthopedics,45
3,2024-02-06,Morning,5,26.28,4.0,2024-02-06,5,3,1.0,Orthopedics,45
3,2024-02-06,Night,1,21.1,5.0,2024-02-06,3,1,0.3333333333333333,Orthopedics,45
3,2024-02-07,Afternoon,4,25.25,4.25,2024-02-07,5,2,0.8,Orthopedics,45
3,2024-02-07,Morning,4,21.9,3.5,2024-02-07,4,2,1.0,Orthopedics,45
3,2024-02-07,Night,1,22.0,3.0,2024-02-07,3,1,0.3333333333333333,Orthopedics,45
3,2024-02-08,Afternoon,6,25.516666666666666,3.6666666666666665,2024-02-08,5,3,1.2,Orthopedics,45
3,2024-02-08,Morning,2,25.049999999999997,4.5,2024-02-08,4,2,0.5,Orthopedics,45
3,2024-02-08,Night,2,21.15,4.5,2024-02-08,3,1,0.6666666666666666,Orthopedics,45
3,2024-02-09,Afternoon,4,22.55,3.75,2024-02-09,5,2,0.8,Orthopedics,45
3,2024-02-09,Morning,6,29.416666666666668,4.5,2024-02-09,5,2,1.2,Orthopedics,45
3,2024-02-09,Night,1,28.2,4.0,2024-02-09,4,2,0.25,Orthopedics,45
3,2024-02-10,Afternoon,5,25.46,4.2,2024-02-10,6,2,0.8333333333333334,Orthopedics,45
3,2024-02-10,Morning,1,15.9,5.0,2024-02-10,6,2,0.16666666666666666,Orthopedics,45
3,2024-02-11,Afternoon,5,25.0,4.2,2024-02-11,4,3,1.25,Orthopedics,45
3,2024-02-11,Morning,5,21.9,4.4,2024-02-11,6,2,0.8333333333333334,Orthopedics,45
3,2024-02-12,Afternoon,7,22.857142857142858,4.0,2024-02-12,6,2,1.1666666666666667,Orthopedics,45
3,2024-02-12,Morning,4,23.425,4.25,2024-02-12,5,2,0.8,Orthopedics,45
3,2024-02-12,Night,3,24.766666666666666,4.0,2024-02-12,3,1,1.0,Orthopedics,45
3,2024-02-13,Afternoon,6,22.96666666666667,4.0,2024-02-13,6,1,1.0,Orthopedics,45
3,2024-02-13,Morning,7,31.62857142857143,3.857142857142857,2024-02-13,4,2,1.75,Orthopedics,45
3,2024-02-13,Night,2,21.950000000000003,4.0,2024-02-13,3,1,0.6666666666666666,Orthopedics,45
3,2024-02-14,Afternoon,12,33.61666666666667,3.8333333333333335,2024-02-14,5,2,2.4,Orthopedics,45
3,2024-02-14,Morning,7,31.12857142857143,4.0,2024-02-14,4,2,1.75,Orthopedics,45
3,2024-02-14,Night,1,15.7,4.0,2024-02-14,3,1,0.3333333333333333,Orthopedics,45
3,2024-02-15,Afternoon,7,26.02857142857143,4.142857142857143,2024-02-15,5,2,1.4,Orthopedics,45
3,2024-02-15,Morning,8,35.8625,3.875,2024-02-15,5,2,1.6,Orthopedics,45
3,2024-02-15,Night,1,22.1,3.0,2024-02-15,4,1,0.25,Orthopedics,45
3,2024-02-16,Afternoon,5,24.54,4.0,2024-02-16,5,1,1.0,Orthopedics,45
3,2024-02-16,Morning,2,21.8,4.5,2024-02-16,5,2,0.4,Orthopedics,45
3,2024-02-16,Night,1,15.6,4.0,2024-02-16,3,1,0.3333333333333333,Orthopedics,45
3,2024-02-17,Afternoon,5,22.580000000000002,3.6,2024-02-17,5,2,1.0,Orthopedics,45
3,2024-02-17,Morning,4,24.075000000000003,4.25,2024-02-17,5,2,0.8,Orthopedics,45
3,2024-02-18,Afternoon,5,23.880000000000003,4.0,2024-02-18,6,2,0.8333333333333334,Orthopedics,45
3,2024-02-18,Morning,6,29.78333333333333,3.3333333333333335,2024-02-18,5,2,1.2,Orthopedics,45
3,2024-02-19,Morning,2,22.049999999999997,4.0,2024-02-19,5,2,0.4,Orthopedics,45
3,2024-02-19,Night,1,15.5,4.0,2024-02-19,3,1,0.3333333333333333,Orthopedics,45
3,2024-02-20,Afternoon,4,23.125,3.5,2024-02-20,6,1,0.6666666666666666,Orthopedics,45
3,2024-02-20,Morning,4,17.825,3.75,2024-02-20,6,1,0.6666666666666666,Orthopedics,45
3,2024-02-21,Afternoon,8,26.625,3.625,2024-02-21,5,3,1.6,Orthopedics,45
3,2024-02-21,Morning,8,26.9,3.875,2024-02-21,5,2,1.6,Orthopedics,45
3,2024-02-22,Afternoon,4,25.7,3.75,2024-02-22,5,2,0.8,Orthopedics,45
3,2024-02-22,Morning,4,20.299999999999997,4.0,2024-02-22,7,2,0.5714285714285714,Orthopedics,45
3,2024-02-22,Night,2,23.3,4.5,2024-02-22,4,1,0.5,Orthopedics,45
3,2024-02-23,Afternoon,2,24.65,3.5,2024-02-23,5,2,0.4,Orthopedics,45
3,2024-02-23,Morning,9,29.244444444444444,3.3333333333333335,2024-02-23,5,2,1.8,Orthopedics,45
3,2024-02-24,Afternoon,4,23.875,4.0,2024-02-24,5,2,0.8,Orthopedics,45
3,2024-02-24,Morning,5,21.560000000000002,4.0,2024-02-24,6,1,0.8333333333333334,Orthopedics,45
3,2024-02-24,Night,1,17.1,4.0,2024-02-24,4,2,0.25,Orthopedics,45
3,2024-02-25,Afternoon,4,27.55,3.25,2024-02-25,5,2,0.8,Orthopedics,45
3,2024-02-25,Morning,2,19.35,4.0,2024-02-25,6,2,0.3333333333333333,Orthopedics,45
3,2024-02-25,Night,3,20.96666666666667,3.6666666666666665,2024-02-25,3,1,1.0,Orthopedics,45
3,2024-02-26,Afternoon,5,21.44,4.4,2024-02-26,6,1,0.8333333333333334,Orthopedics,45
3,2024-02-26,Morning,6,25.3,3.8333333333333335,2024-02-26,5,2,1.2,Orthopedics,45
3,2024-02-26,Night,3,26.066666666666666,4.333333333333333,2024-02-26,3,1,1.0,Orthopedics,45
3,2024-02-27,Afternoon,6,27.883333333333336,4.0,2024-02-27,5,2,1.2,Orthopedics,45
3,2024-02-27,Morning,6,26.766666666666666,3.6666666666666665,2024-02-27,4,2,1.5,Orthopedics,45
3,2024-02-27,Night,2,24.1,4.0,2024-02-27,3,1,0.6666666666666666,Orthopedics,45
3,2024-02-28,Afternoon,1,21.5,3.0,2024-02-28,5,1,0.2,Orthopedics,45
3,2024-02-28,Morning,7,26.885714285714283,3.857142857142857,2024-02-28,4,2,1.75,Orthopedics,45
3,2024-02-29,Afternoon,11,36.236363636363635,3.5454545454545454,2024-02-29,4,2,2.75,Orthopedics,45
3,2024-02-29,Morning,3,22.166666666666668,4.0,2024-02-29,4,2,0.75,Orthopedics,45
3,2024-03-01,Afternoon,10,34.13,3.4,2024-03-01,5,2,2.0,Orthopedics,45
3,2024-03-01,Morning,1,18.7,5.0,2024-03-01,5,2,0.2,Orthopedics,45
3,2024-03-01,Night,1,23.4,4.0,2024-03-01,3,2,0.3333333333333333,Orthopedics,45
3,2024-03-02,Afternoon,3,27.833333333333332,4.333333333333333,2024-03-02,4,2,0.75,Orthopedics,45
3,2024-03-02,Morning,2,18.25,3.5,2024-03-02,5,3,0.4,Orthopedics,45
3,2024-03-02,Night,3,21.5,4.0,2024-03-02,4,1,0.75,Orthopedics,45
3,2024-03-03,Afternoon,8,27.2375,3.75,2024-03-03,6,2,1.3333333333333333,Orthopedics,45
3,2024-03-03,Morning,3,21.733333333333334,4.333333333333333,2024-03-03,6,2,0.5,Orthopedics,45
3,2024-03-03,Night,1,9.8,3.0,2024-03-03,4,1,0.25,Orthopedics,45
3,2024-03-04,Afternoon,5,23.82,4.4,2024-03-04,5,1,1.0,Orthopedics,45
3,2024-03-04,Morning,3,24.3,3.6666666666666665,2024-03-04,5,2,0.6,Orthopedics,45
3,2024-03-04,Night,2,21.95,5.0,2024-03-04,3,1,0.6666666666666666,Orthopedics,45
3,2024-03-05,Afternoon,7,29.071428571428573,4.285714285714286,2024-03-05,5,1,1.4,Orthopedics,45
3,2024-03-05,Morning,4,24.025,4.0,2024-03-05,5,2,0.8,Orthopedics,45
3,2024-03-06,Afternoon,8,26.2875,3.875,2024-03-06,5,2,1.6,Orthopedics,45
3,2024-03-06,Morning,6,26.849999999999998,4.166666666666667,2024-03-06,5,3,1.2,Orthopedics,45
3,2024-03-06,Night,2,27.75,3.5,2024-03-06,3,1,0.6666666666666666,Orthopedics,45
3,2024-03-07,Afternoon,3,26.5,3.3333333333333335,2024-03-07,5,2,0.6,Orthopedics,45
3,2024-03-07,Morning,8,30.15,3.625,2024-03-07,5,2,1.6,Orthopedics,45
3,2024-03-07,Night,2,13.8,4.5,2024-03-07,3,1,0.6666666666666666,Orthopedics,45
3,2024-03-08,Afternoon,8,28.2375,3.625,2024-03-08,5,3,1.6,Orthopedics,45
3,2024-03-08,Morning,1,13.1,4.0,2024-03-08,4,2,0.25,Orthopedics,45
3,2024-03-08,Night,1,19.0,5.0,2024-03-08,3,1,0.3333333333333333,Orthopedics,45
3,2024-03-09,Afternoon,1,16.6,3.0,2024-03-09,5,2,0.2,Orthopedics,45
3,2024-03-09,Morning,5,22.94,4.2,2024-03-09,6,2,0.8333333333333334,Orthopedics,45
3,2024-03-09,Night,2,31.2,4.5,2024-03-09,4,2,0.5,Orthopedics,45
3,2024-03-10,Afternoon,3,23.866666666666664,4.0,2024-03-10,5,2,0.6,Orthopedics,45
3,2024-03-10,Morning,2,18.4,4.0,2024-03-10,5,2,0.4,Orthopedics,45
3,2024-03-11,Afternoon,9,29.21111111111111,3.5555555555555554,2024-03-11,5,2,1.8,Orthopedics,45
3,2024-03-11,Morning,2,20.8,3.0,2024-03-11,4,2,0.5,Orthopedics,45
3,2024-03-12,Afternoon,3,23.53333333333333,4.0,2024-03-12,5,2,0.6,Orthopedics,45
3,2024-03-12,Morning,6,27.5,3.8333333333333335,2024-03-12,5,2,1.2,Orthopedics,45
3,2024-03-12,Night,1,19.0,4.0,2024-03-12,3,1,0.3333333333333333,Orthopedics,45
3,2024-03-13,Afternoon,3,19.833333333333332,4.0,2024-03-13,5,2,0.6,Orthopedics,45
3,2024-03-13,Morning,9,28.255555555555556,3.5555555555555554,2024-03-13,6,2,1.5,Orthopedics,45
3,2024-03-13,Night,3,21.96666666666667,4.333333333333333,2024-03-13,4,1,0.75,Orthopedics,45
3,2024-03-14,Afternoon,4,24.875,4.5,2024-03-14,6,2,0.6666666666666666,Orthopedics,45
3,2024-03-14,Morning,6,22.916666666666668,4.0,2024-03-14,5,1,1.2,Orthopedics,45
3,2024-03-14,Night,1,21.5,4.0,2024-03-14,3,1,0.3333333333333333,Orthopedics,45
3,2024-03-15,Afternoon,8,27.6625,3.375,2024-03-15,5,3,1.6,Orthopedics,45
3,2024-03-15,Morning,3,21.400000000000002,4.333333333333333,2024-03-15,5,2,0.6,Orthopedics,45
3,2024-03-15,Night,2,19.65,3.5,2024-03-15,3,2,0.6666666666666666,Orthopedics,45
3,2024-03-16,Afternoon,4,23.549999999999997,4.0,2024-03-16,5,2,0.8,Orthopedics,45
3,2024-03-16,Morning,2,21.1,4.5,2024-03-16,5,2,0.4,Orthopedics,45
3,2024-03-16,Night,3,26.8,4.0,2024-03-16,4,1,0.75,Orthopedics,45
3,2024-03-17,Afternoon,2,23.450000000000003,3.5,2024-03-17,5,3,0.4,Orthopedics,45
3,2024-03-17,Morning,3,24.7,4.0,2024-03-17,4,2,0.75,Orthopedics,45
3,2024-03-18,Afternoon,3,22.266666666666666,4.333333333333333,2024-03-18,4,2,0.75,Orthopedics,45
3,2024-03-18,Morning,8,33.25,3.625,2024-03-18,4,2,2.0,Orthopedics,45
3,2024-03-18,Night,2,24.05,4.5,2024-03-18,4,1,0.5,Orthopedics,45
3,2024-03-19,Afternoon,9,30.877777777777776,4.111111111111111,2024-03-19,5,2,1.8,Orthopedics,45
3,2024-03-19,Morning,2,16.15,5.0,2024-03-19,6,2,0.3333333333333333,Orthopedics,45
3,2024-03-19,Night,3,27.933333333333334,3.3333333333333335,2024-03-19,3,1,1.0,Orthopedics,45
3,2024-03-20,Morning,7,27.599999999999998,3.857142857142857,2024-03-20,5,2,1.4,Orthopedics,45
3,2024-03-20,Night,4,26.725,4.25,2024-03-20,3,1,1.3333333333333333,Orthopedics,45
3,2024-03-21,Afternoon,5,21.54,4.0,2024-03-21,6,2,0.8333333333333334,Orthopedics,45
3,2024-03-21,Morning,2,14.4,4.0,2024-03-21,5,2,0.4,Orthopedics,45
3,2024-03-22,Afternoon,9,37.3,3.4444444444444446,2024-03-22,3,2,3.0,Orthopedics,45
3,2024-03-22,Morning,7,27.028571428571432,4.142857142857143,2024-03-22,5,2,1.4,Orthopedics,45
3,2024-03-23,Afternoon,2,20.45,5.0,2024-03-23,6,2,0.3333333333333333,Orthopedics,45
3,2024-03-23,Morning,6,25.3,4.0,2024-03-23,6,2,1.0,Orthopedics,45
3,2024-03-24,Afternoon,4,27.0,3.25,2024-03-24,5,2,0.8,Orthopedics,45
3,2024-03-24,Morning,5,23.52,4.0,2024-03-24,6,3,0.8333333333333334,Orthopedics,45
3,2024-03-24,Night,1,24.4,4.0,2024-03-24,4,1,0.25,Orthopedics,45
3,2024-03-25,Afternoon,7,29.557142857142857,4.0,2024-03-25,5,2,1.4,Orthopedics,45
3,2024-03-25,Morning,7,27.114285714285717,4.0,2024-03-25,5,1,1.4,Orthopedics,45
3,2024-03-25,Night,1,20.3,3.0,2024-03-25,4,1,0.25,Orthopedics,45
3,2024-03-26,Afternoon,9,33.2,3.888888888888889,2024-03-26,5,2,1.8,Orthopedics,45
3,2024-03-26,Morning,6,29.583333333333332,4.166666666666667,2024-03-26,5,2,1.2,Orthopedics,45
3,2024-03-26,Night,1,18.9,4.0,2024-03-26,4,1,0.25,Orthopedics,45
3,2024-03-27,Afternoon,5,27.839999999999996,3.6,2024-03-27,5,2,1.0,Orthopedics,45
3,2024-03-27,Morning,2,23.450000000000003,5.0,2024-03-27,5,2,0.4,Orthopedics,45
3,2024-03-28,Afternoon,7,30.114285714285717,4.0,2024-03-28,5,2,1.4,Orthopedics,45
3,2024-03-28,Morning,5,24.259999999999998,3.4,2024-03-28,5,1,1.0,Orthopedics,45
3,2024-03-28,Night,3,32.26666666666667,4.0,2024-03-28,2,1,1.5,Orthopedics,45
3,2024-03-29,Afternoon,5,25.82,3.6,2024-03-29,5,2,1.0,Orthopedics,45
3,2024-03-29,Morning,2,19.35,3.0,2024-03-29,5,2,0.4,Orthopedics,45
3,2024-03-29,Night,2,25.5,4.5,2024-03-29,4,1,0.5,Orthopedics,45
3,2024-03-30,Afternoon,4,19.875,4.0,2024-03-30,5,2,0.8,Orthopedics,45
3,2024-03-30,Morning,4,23.675,4.0,2024-03-30,5,2,0.8,Orthopedics,45
3,2024-03-30,Night,1,18.4,4.0,2024-03-30,3,1,0.3333333333333333,Orthopedics,45
3,2024-03-31,Afternoon,3,24.46666666666667,4.333333333333333,2024-03-31,6,1,0.5,Orthopedics,45
3,2024-03-31,Morning,2,15.55,4.0,2024-03-31,5,2,0.4,Orthopedics,45
3,2024-03-31,Night,1,21.8,4.0,2024-03-31,5,1,0.2,Orthopedics,45
3,2024-04-01,Afternoon,5,26.46,4.0,2024-04-01,5,2,1.0,Orthopedics,45
3,2024-04-01,Morning,4,24.35,4.0,2024-04-01,4,1,1.0,Orthopedics,45
3,2024-04-02,Afternoon,7,31.37142857142857,4.0,2024-04-02,4,2,1.75,Orthopedics,45
3,2024-04-02,Morning,6,26.433333333333334,3.8333333333333335,2024-04-02,5,2,1.2,Orthopedics,45
3,2024-04-02,Night,1,18.4,5.0,2024-04-02,4,1,0.25,Orthopedics,45
3,2024-04-03,Afternoon,8,31.525,3.5,2024-04-03,5,2,1.6,Orthopedics,45
3,2024-04-03,Morning,3,20.866666666666667,3.0,2024-04-03,4,2,0.75,Orthopedics,45
3,2024-04-04,Afternoon,1,31.8,5.0,2024-04-04,5,2,0.2,Orthopedics,45
3,2024-04-04,Morning,6,27.849999999999998,3.6666666666666665,2024-04-04,4,1,1.5,Orthopedics,45
3,2024-04-04,Night,1,21.7,4.0,2024-04-04,3,1,0.3333333333333333,Orthopedics,45
3,2024-04-05,Afternoon,4,26.725,4.0,2024-04-05,5,2,0.8,Orthopedics,45
3,2024-04-05,Morning,7,28.12857142857143,3.5714285714285716,2024-04-05,4,2,1.75,Orthopedics,45
3,2024-04-06,Afternoon,2,23.75,4.5,2024-04-06,5,3,0.4,Orthopedics,45
3,2024-04-06,Morning,9,31.34444444444445,3.6666666666666665,2024-04-06,6,1,1.5,Orthopedics,45
3,2024-04-07,Afternoon,7,28.271428571428572,3.857142857142857,2024-04-07,5,2,1.4,Orthopedics,45
3,2024-04-07,Morning,3,21.066666666666666,3.6666666666666665,2024-04-07,5,2,0.6,Orthopedics,45
3,2024-04-08,Afternoon,4,26.85,3.75,2024-04-08,5,2,0.8,Orthopedics,45
3,2024-04-08,Morning,4,22.375,5.0,2024-04-08,4,2,1.0,Orthopedics,45
3,2024-04-08,Night,2,19.049999999999997,3.5,2024-04-08,3,1,0.6666666666666666,Orthopedics,45
3,2024-04-09,Afternoon,7,26.97142857142857,4.142857142857143,2024-04-09,5,1,1.4,Orthopedics,45
3,2024-04-09,Morning,6,23.766666666666666,3.6666666666666665,2024-04-09,5,2,1.2,Orthopedics,45
3,2024-04-09,Night,1,24.5,5.0,2024-04-09,3,1,0.3333333333333333,Orthopedics,45
3,2024-04-10,Afternoon,9,28.67777777777778,4.0,2024-04-10,5,1,1.8,Orthopedics,45
3,2024-04-10,Morning,1,10.6,4.0,2024-04-10,5,2,0.2,Orthopedics,45
3,2024-04-10,Night,3,33.0,3.6666666666666665,2024-04-10,3,2,1.0,Orthopedics,45
3,2024-04-11,Afternoon,3,20.7,4.333333333333333,2024-04-11,6,1,0.5,Orthopedics,45
3,2024-04-11,Morning,5,24.28,3.8,2024-04-11,5,2,1.0,Orthopedics,45
3,2024-04-11,Night,1,16.5,3.0,2024-04-11,3,1,0.3333333333333333,Orthopedics,45
3,2024-04-12,Afternoon,8,29.4375,3.625,2024-04-12,5,2,1.6,Orthopedics,45
3,2024-04-12,Morning,5,25.939999999999998,3.8,2024-04-12,4,2,1.25,Orthopedics,45
3,2024-04-12,Night,1,18.8,3.0,2024-04-12,3,1,0.3333333333333333,Orthopedics,45
3,2024-04-13,Morning,2,24.700000000000003,4.5,2024-04-13,5,2,0.4,Orthopedics,45
3,2024-04-13,Night,2,15.0,3.5,2024-04-13,4,1,0.5,Orthopedics,45
3,2024-04-14,Afternoon,4,25.175,4.0,2024-04-14,6,2,0.6666666666666666,Orthopedics,45
3,2024-04-14,Morning,7,27.62857142857143,3.7142857142857144,2024-04-14,5,3,1.4,Orthopedics,45
3,2024-04-14,Night,2,20.25,3.5,2024-04-14,3,1,0.6666666666666666,Orthopedics,45
3,2024-04-15,Afternoon,4,22.175,4.0,2024-04-15,7,2,0.5714285714285714,Orthopedics,45
3,2024-04-15,Morning,4,27.1,4.25,2024-04-15,5,2,0.8,Orthopedics,45
3,2024-04-16,Afternoon,6,26.2,3.6666666666666665,2024-04-16,6,2,1.0,Orthopedics,45
3,2024-04-16,Morning,7,28.085714285714285,4.0,2024-04-16,5,2,1.4,Orthopedics,45
3,2024-04-17,Afternoon,9,31.144444444444446,3.888888888888889,2024-04-17,5,2,1.8,Orthopedics,45
3,2024-04-17,Morning,10,32.53,3.6,2024-04-17,5,2,2.0,Orthopedics,45
3,2024-04-18,Afternoon,6,26.366666666666664,3.8333333333333335,2024-04-18,5,2,1.2,Orthopedics,45
3,2024-04-18,Morning,4,25.05,4.25,2024-04-18,5,2,0.8,Orthopedics,45
3,2024-04-18,Night,1,16.3,4.0,2024-04-18,3,1,0.3333333333333333,Orthopedics,45
3,2024-04-19,Afternoon,7,30.157142857142855,3.5714285714285716,2024-04-19,5,2,1.4,Orthopedics,45
3,2024-04-19,Morning,2,24.950000000000003,3.5,2024-04-19,5,1,0.4,Orthopedics,45
3,2024-04-20,Afternoon,12,33.03333333333333,3.9166666666666665,2024-04-20,6,2,2.0,Orthopedics,45
3,2024-04-20,Morning,4,26.05,4.25,2024-04-20,6,2,0.6666666666666666,Orthopedics,45
3,2024-04-21,Afternoon,1,29.3,5.0,2024-04-21,5,2,0.2,Orthopedics,45
3,2024-04-21,Morning,6,26.599999999999998,4.333333333333333,2024-04-21,5,2,1.2,Orthopedics,45
3,2024-04-21,Night,1,20.0,5.0,2024-04-21,3,1,0.3333333333333333,Orthopedics,45
3,2024-04-22,Afternoon,7,26.82857142857143,3.857142857142857,2024-04-22,6,2,1.1666666666666667,Orthopedics,45
3,2024-04-22,Morning,4,23.075,4.25,2024-04-22,4,2,1.0,Orthopedics,45
3,2024-04-23,Afternoon,5,26.52,3.8,2024-04-23,6,2,0.8333333333333334,Orthopedics,45
3,2024-04-23,Morning,6,28.733333333333334,3.8333333333333335,2024-04-23,5,2,1.2,Orthopedics,45
3,2024-04-23,Night,4,28.925,3.75,2024-04-23,3,2,1.3333333333333333,Orthopedics,45
3,2024-04-24,Afternoon,10,34.25,3.8,2024-04-24,5,2,2.0,Orthopedics,45
3,2024-04-24,Morning,8,31.65,4.0,2024-04-24,4,2,2.0,Orthopedics,45
3,2024-04-25,Afternoon,1,18.5,4.0,2024-04-25,5,1,0.2,Orthopedics,45
3,2024-04-25,Morning,3,19.2,4.666666666666667,2024-04-25,5,2,0.6,Orthopedics,45
3,2024-04-26,Afternoon,6,26.900000000000002,4.333333333333333,2024-04-26,5,3,1.2,Orthopedics,45
3,2024-04-26,Morning,4,27.075,4.0,2024-04-26,5,2,0.8,Orthopedics,45
3,2024-04-27,Afternoon,2,20.8,4.0,2024-04-27,6,2,0.3333333333333333,Orthopedics,45
3,2024-04-27,Morning,3,22.633333333333336,4.666666666666667,2024-04-27,6,1,0.5,Orthopedics,45
3,2024-04-27,Night,1,22.2,3.0,2024-04-27,4,1,0.25,Orthopedics,45
3,2024-04-28,Afternoon,4,24.625,3.75,2024-04-28,5,2,0.8,Orthopedics,45
3,2024-04-28,Morning,2,26.35,4.0,2024-04-28,3,1,0.6666666666666666,Orthopedics,45
3,2024-04-28,Night,2,28.15,4.0,2024-04-28,3,1,0.6666666666666666,Orthopedics,45
3,2024-04-29,Afternoon,4,21.525,4.25,2024-04-29,5,2,0.8,Orthopedics,45
3,2024-04-29,Morning,6,30.599999999999998,3.8333333333333335,2024-04-29,4,2,1.5,Orthopedics,45
3,2024-04-29,Night,4,26.925,4.0,2024-04-29,4,1,1.0,Orthopedics,45
3,2024-04-30,Afternoon,9,26.700000000000003,3.6666666666666665,2024-04-30,6,2,1.5,Orthopedics,45
3,2024-04-30,Morning,7,26.37142857142857,3.857142857142857,2024-04-30,6,3,1.1666666666666667,Orthopedics,45
3,2024-04-30,Night,1,29.3,4.0,2024-04-30,3,1,0.3333333333333333,Orthopedics,45
3,2024-05-01,Afternoon,7,28.042857142857144,4.0,2024-05-01,5,2,1.4,Orthopedics,45
3,2024-05-01,Morning,2,23.85,4.5,2024-05-01,5,2,0.4,Orthopedics,45
3,2024-05-01,Night,1,15.7,4.0,2024-05-01,2,1,0.5,Orthopedics,45
3,2024-05-02,Afternoon,9,32.71111111111111,4.0,2024-05-02,5,2,1.8,Orthopedics,45
3,2024-05-02,Morning,4,23.025,4.5,2024-05-02,5,2,0.8,Orthopedics,45
3,2024-05-02,Night,1,30.8,5.0,2024-05-02,3,1,0.3333333333333333,Orthopedics,45
3,2024-05-03,Afternoon,5,25.16,4.0,2024-05-03,5,2,1.0,Orthopedics,45
3,2024-05-03,Morning,6,23.78333333333333,4.166666666666667,2024-05-03,6,2,1.0,Orthopedics,45
3,2024-05-04,Afternoon,1,20.3,5.0,2024-05-04,5,2,0.2,Orthopedics,45
3,2024-05-04,Morning,4,25.925,3.5,2024-05-04,5,2,0.8,Orthopedics,45
3,2024-05-04,Night,2,12.75,4.0,2024-05-04,3,2,0.6666666666666666,Orthopedics,45
3,2024-05-05,Afternoon,3,18.099999999999998,4.333333333333333,2024-05-05,6,2,0.5,Orthopedics,45
3,2024-05-05,Morning,3,24.133333333333336,3.6666666666666665,2024-05-05,5,2,0.6,Orthopedics,45
3,2024-05-06,Afternoon,4,20.9,4.0,2024-05-06,6,2,0.6666666666666666,Orthopedics,45
3,2024-05-06,Morning,6,29.03333333333333,3.8333333333333335,2024-05-06,5,1,1.2,Orthopedics,45
3,2024-05-07,Afternoon,7,23.842857142857145,4.142857142857143,2024-05-07,6,2,1.1666666666666667,Orthopedics,45
3,2024-05-07,Morning,10,31.78,4.0,2024-05-07,5,2,2.0,Orthopedics,45
3,2024-05-08,Afternoon,6,28.383333333333336,3.6666666666666665,2024-05-08,5,1,1.2,Orthopedics,45
3,2024-05-08,Morning,2,14.6,3.5,2024-05-08,5,2,0.4,Orthopedics,45
3,2024-05-08,Night,1,20.6,4.0,2024-05-08,4,1,0.25,Orthopedics,45
3,2024-05-09,Afternoon,4,22.225,3.5,2024-05-09,4,2,1.0,Orthopedics,45
3,2024-05-09,Morning,4,20.5,3.75,2024-05-09,4,2,1.0,Orthopedics,45
3,2024-05-10,Afternoon,5,31.660000000000004,3.8,2024-05-10,4,2,1.25,Orthopedics,45
3,2024-05-10,Morning,6,25.383333333333336,3.6666666666666665,2024-05-10,5,1,1.2,Orthopedics,45
3,2024-05-11,Afternoon,1,17.3,4.0,2024-05-11,6,2,0.16666666666666666,Orthopedics,45
3,2024-05-11,Morning,6,25.566666666666666,3.6666666666666665,2024-05-11,4,2,1.5,Orthopedics,45
3,2024-05-11,Night,1,14.6,3.0,2024-05-11,4,1,0.25,Orthopedics,45
3,2024-05-12,Afternoon,2,23.950000000000003,4.0,2024-05-12,5,2,0.4,Orthopedics,45
3,2024-05-12,Morning,5,25.76,4.0,2024-05-12,7,2,0.7142857142857143,Orthopedics,45
3,2024-05-13,Afternoon,6,26.416666666666668,3.6666666666666665,2024-05-13,5,2,1.2,Orthopedics,45
3,2024-05-13,Morning,7,23.97142857142857,3.857142857142857,2024-05-13,6,2,1.1666666666666667,Orthopedics,45
3,2024-05-13,Night,2,26.6,3.5,2024-05-13,2,1,1.0,Orthopedics,45
3,2024-05-14,Afternoon,5,28.9,4.2,2024-05-14,4,3,1.25,Orthopedics,45
3,2024-05-14,Morning,1,10.6,4.0,2024-05-14,6,2,0.16666666666666666,Orthopedics,45
3,2024-05-15,Afternoon,5,30.060000000000002,3.6,2024-05-15,4,2,1.25,Orthopedics,45
3,2024-05-15,Morning,8,32.475,3.625,2024-05-15,4,1,2.0,Orthopedics,45
3,2024-05-16,Afternoon,1,15.2,5.0,2024-05-16,3,2,0.3333333333333333,Orthopedics,45
3,2024-05-16,Morning,2,22.65,4.0,2024-05-16,4,2,0.5,Orthopedics,45
3,2024-05-16,Night,1,20.2,5.0,2024-05-16,4,2,0.25,Orthopedics,45
3,2024-05-17,Afternoon,5,27.48,3.2,2024-05-17,4,2,1.25,Orthopedics,45
3,2024-05-17,Morning,9,27.22222222222222,4.222222222222222,2024-05-17,6,2,1.5,Orthopedics,45
3,2024-05-17,Night,2,20.1,4.0,2024-05-17,3,2,0.6666666666666666,Orthopedics,45
3,2024-05-18,Afternoon,2,20.35,4.0,2024-05-18,6,2,0.3333333333333333,Orthopedics,45
3,2024-05-18,Morning,6,24.383333333333336,4.0,2024-05-18,6,3,1.0,Orthopedics,45
3,2024-05-18,Night,1,23.3,4.0,2024-05-18,3,2,0.3333333333333333,Orthopedics,45
3,2024-05-19,Afternoon,6,29.25,4.0,2024-05-19,5,2,1.2,Orthopedics,45
3,2024-05-19,Morning,3,15.233333333333334,4.333333333333333,2024-05-19,5,2,0.6,Orthopedics,45
3,2024-05-19,Night,1,31.3,4.0,2024-05-19,4,1,0.25,Orthopedics,45
3,2024-05-20,Afternoon,6,23.066666666666666,4.166666666666667,2024-05-20,6,3,1.0,Orthopedics,45
3,2024-05-20,Morning,6,33.233333333333334,4.0,2024-05-20,3,2,2.0,Orthopedics,45
3,2024-05-21,Afternoon,8,31.725,4.0,2024-05-21,4,2,2.0,Orthopedics,45
3,2024-05-21,Morning,5,22.419999999999998,4.2,2024-05-21,5,2,1.0,Orthopedics,45
3,2024-05-22,Afternoon,4,21.625,4.5,2024-05-22,5,2,0.8,Orthopedics,45
3,2024-05-22,Morning,6,24.833333333333332,4.0,2024-05-22,5,2,1.2,Orthopedics,45
3,2024-05-22,Night,2,26.85,3.5,2024-05-22,3,1,0.6666666666666666,Orthopedics,45
3,2024-05-23,Afternoon,6,26.816666666666666,4.0,2024-05-23,5,2,1.2,Orthopedics,45
3,2024-05-23,Morning,5,22.5,4.0,2024-05-23,5,2,1.0,Orthopedics,45
3,2024-05-24,Afternoon,8,31.7875,3.5,2024-05-24,4,1,2.0,Orthopedics,45
3,2024-05-24,Morning,6,29.616666666666664,3.1666666666666665,2024-05-24,4,1,1.5,Orthopedics,45
3,2024-05-24,Night,2,29.55,4.0,2024-05-24,3,1,0.6666666666666666,Orthopedics,45
3,2024-05-25,Afternoon,3,28.233333333333334,4.0,2024-05-25,4,2,0.75,Orthopedics,45
3,2024-05-25,Morning,3,26.433333333333334,4.333333333333333,2024-05-25,5,3,0.6,Orthopedics,45
3,2024-05-26,Afternoon,5,23.52,4.2,2024-05-26,6,2,0.8333333333333334,Orthopedics,45
3,2024-05-26,Morning,2,22.5,4.5,2024-05-26,6,2,0.3333333333333333,Orthopedics,45
3,2024-05-26,Night,1,17.7,4.0,2024-05-26,3,1,0.3333333333333333,Orthopedics,45
3,2024-05-27,Afternoon,9,34.81111111111111,3.5555555555555554,2024-05-27,4,2,2.25,Orthopedics,45
3,2024-05-27,Morning,6,28.483333333333334,3.6666666666666665,2024-05-27,4,2,1.5,Orthopedics,45
3,2024-05-27,Night,1,20.6,5.0,2024-05-27,3,1,0.3333333333333333,Orthopedics,45
3,2024-05-28,Afternoon,6,27.383333333333336,3.8333333333333335,2024-05-28,4,2,1.5,Orthopedics,45
3,2024-05-28,Morning,4,21.55,4.25,2024-05-28,5,2,0.8,Orthopedics,45
3,2024-05-28,Night,2,26.35,4.0,2024-05-28,3,1,0.6666666666666666,Orthopedics,45
3,2024-05-29,Afternoon,9,27.744444444444444,3.7777777777777777,2024-05-29,6,2,1.5,Orthopedics,45
3,2024-05-29,Morning,4,20.525,4.25,2024-05-29,6,2,0.6666666666666666,Orthopedics,45
3,2024-05-29,Night,3,27.7,4.0,2024-05-29,3,1,1.0,Orthopedics,45
3,2024-05-30,Afternoon,6,25.55,3.8333333333333335,2024-05-30,5,2,1.2,Orthopedics,45
3,2024-05-30,Morning,4,31.55,4.0,2024-05-30,5,2,0.8,Orthopedics,45
3,2024-05-30,Night,1,14.7,4.0,2024-05-30,3,1,0.3333333333333333,Orthopedics,45
3,2024-05-31,Afternoon,3,21.53333333333333,4.0,2024-05-31,4,3,0.75,Orthopedics,45
3,2024-05-31,Morning,5,25.98,4.2,2024-05-31,5,2,1.0,Orthopedics,45
3,2024-05-31,Night,2,17.45,3.5,2024-05-31,3,1,0.6666666666666666,Orthopedics,45
3,2024-06-01,Afternoon,4,22.85,3.75,2024-06-01,5,1,0.8,Orthopedics,45
3,2024-06-01,Morning,4,23.425,4.0,2024-06-01,5,2,0.8,Orthopedics,45
3,2024-06-01,Night,1,19.6,4.0,2024-06-01,5,1,0.2,Orthopedics,45
3,2024-06-02,Afternoon,3,20.2,4.333333333333333,2024-06-02,5,3,0.6,Orthopedics,45
3,2024-06-02,Morning,3,25.566666666666666,4.0,2024-06-02,5,2,0.6,Orthopedics,45
3,2024-06-03,Afternoon,4,24.95,4.25,2024-06-03,5,2,0.8,Orthopedics,45
3,2024-06-03,Morning,3,21.166666666666668,4.0,2024-06-03,5,2,0.6,Orthopedics,45
3,2024-06-03,Night,1,22.3,4.0,2024-06-03,3,1,0.3333333333333333,Orthopedics,45
3,2024-06-04,Afternoon,1,17.2,4.0,2024-06-04,5,2,0.2,Orthopedics,45
3,2024-06-04,Morning,2,18.450000000000003,4.5,2024-06-04,4,2,0.5,Orthopedics,45
3,2024-06-05,Afternoon,9,31.71111111111111,3.888888888888889,2024-06-05,5,3,1.8,Orthopedics,45
3,2024-06-05,Morning,10,27.76,3.9,2024-06-05,7,1,1.4285714285714286,Orthopedics,45
3,2024-06-06,Afternoon,6,28.650000000000002,3.6666666666666665,2024-06-06,5,1,1.2,Orthopedics,45
3,2024-06-06,Morning,4,26.1,3.75,2024-06-06,6,2,0.6666666666666666,Orthopedics,45
3,2024-06-06,Night,1,15.1,4.0,2024-06-06,3,1,0.3333333333333333,Orthopedics,45
3,2024-06-07,Afternoon,8,30.625,3.875,2024-06-07,4,2,2.0,Orthopedics,45
3,2024-06-07,Morning,6,27.900000000000002,4.333333333333333,2024-06-07,5,1,1.2,Orthopedics,45
3,2024-06-07,Night,1,23.7,4.0,2024-06-07,4,2,0.25,Orthopedics,45
3,2024-06-08,Afternoon,2,21.700000000000003,4.5,2024-06-08,6,2,0.3333333333333333,Orthopedics,45
3,2024-06-08,Morning,5,27.119999999999997,4.0,2024-06-08,5,3,1.0,Orthopedics,45
3,2024-06-08,Night,3,15.666666666666666,4.0,2024-06-08,4,2,0.75,Orthopedics,45
3,2024-06-09,Afternoon,11,33.43636363636364,3.4545454545454546,2024-06-09,5,2,2.2,Orthopedics,45
3,2024-06-09,Morning,4,24.6,4.25,2024-06-09,5,2,0.8,Orthopedics,45
3,2024-06-10,Afternoon,2,15.75,5.0,2024-06-10,5,2,0.4,Orthopedics,45
3,2024-06-10,Morning,6,35.18333333333333,3.5,2024-06-10,3,2,2.0,Orthopedics,45
3,2024-06-10,Night,1,22.0,4.0,2024-06-10,2,1,0.5,Orthopedics,45
3,2024-06-11,Afternoon,7,26.371428571428574,4.142857142857143,2024-06-11,6,2,1.1666666666666667,Orthopedics,45
3,2024-06-11,Morning,6,31.483333333333334,3.6666666666666665,2024-06-11,3,2,2.0,Orthopedics,45
3,2024-06-11,Night,2,22.3,4.0,2024-06-11,3,1,0.6666666666666666,Orthopedics,45
3,2024-06-12,Afternoon,5,28.04,4.2,2024-06-12,6,3,0.8333333333333334,Orthopedics,45
3,2024-06-12,Morning,5,21.28,4.0,2024-06-12,5,2,1.0,Orthopedics,45
3,2024-06-13,Afternoon,4,26.599999999999998,4.5,2024-06-13,4,2,1.0,Orthopedics,45
3,2024-06-13,Morning,7,25.785714285714285,4.0,2024-06-13,5,2,1.4,Orthopedics,45
3,2024-06-14,Afternoon,4,24.525,3.75,2024-06-14,5,3,0.8,Orthopedics,45
3,2024-06-14,Morning,5,29.32,4.2,2024-06-14,5,3,1.0,Orthopedics,45
3,2024-06-14,Night,1,17.7,4.0,2024-06-14,5,1,0.2,Orthopedics,45
3,2024-06-15,Afternoon,5,23.8,4.2,2024-06-15,5,2,1.0,Orthopedics,45
3,2024-06-15,Morning,6,24.21666666666667,4.5,2024-06-15,6,2,1.0,Orthopedics,45
3,2024-06-16,Afternoon,9,33.0,4.0,2024-06-16,4,2,2.25,Orthopedics,45
3,2024-06-16,Morning,3,21.8,3.6666666666666665,2024-06-16,8,2,0.375,Orthopedics,45
3,2024-06-16,Night,1,18.9,3.0,2024-06-16,3,1,0.3333333333333333,Orthopedics,45
3,2024-06-17,Afternoon,8,26.6,3.625,2024-06-17,6,2,1.3333333333333333,Orthopedics,45
3,2024-06-17,Morning,3,18.900000000000002,4.0,2024-06-17,5,2,0.6,Orthopedics,45
3,2024-06-18,Afternoon,3,17.099999999999998,3.3333333333333335,2024-06-18,5,2,0.6,Orthopedics,45
3,2024-06-18,Morning,4,25.775,3.0,2024-06-18,5,2,0.8,Orthopedics,45
3,2024-06-18,Night,2,21.85,4.0,2024-06-18,3,1,0.6666666666666666,Orthopedics,45
3,2024-06-19,Afternoon,9,27.5,3.888888888888889,2024-06-19,6,2,1.5,Orthopedics,45
3,2024-06-19,Morning,7,30.37142857142857,3.857142857142857,2024-06-19,4,2,1.75,Orthopedics,45
3,2024-06-20,Afternoon,8,31.075,3.5,2024-06-20,5,2,1.6,Orthopedics,45
3,2024-06-20,Morning,4,25.35,4.0,2024-06-20,6,2,0.6666666666666666,Orthopedics,45
3,2024-06-20,Night,3,27.46666666666667,4.333333333333333,2024-06-20,3,1,1.0,Orthopedics,45
3,2024-06-21,Afternoon,7,24.442857142857143,4.0,2024-06-21,6,2,1.1666666666666667,Orthopedics,45
3,2024-06-21,Morning,6,29.75,3.5,2024-06-21,4,2,1.5,Orthopedics,45
3,2024-06-21,Night,1,22.4,4.0,2024-06-21,4,2,0.25,Orthopedics,45
3,2024-06-22,Afternoon,5,24.26,3.6,2024-06-22,6,2,0.8333333333333334,Orthopedics,45
3,2024-06-22,Morning,3,22.599999999999998,4.333333333333333,2024-06-22,5,2,0.6,Orthopedics,45
3,2024-06-23,Afternoon,3,22.866666666666664,3.6666666666666665,2024-06-23,4,2,0.75,Orthopedics,45
3,2024-06-23,Morning,3,24.099999999999998,4.0,2024-06-23,5,2,0.6,Orthopedics,45
3,2024-06-24,Afternoon,9,29.599999999999998,4.111111111111111,2024-06-24,5,2,1.8,Orthopedics,45
3,2024-06-24,Morning,4,22.45,4.0,2024-06-24,5,3,0.8,Orthopedics,45
3,2024-06-25,Afternoon,10,36.12,3.7,2024-06-25,4,2,2.5,Orthopedics,45
3,2024-06-25,Morning,2,27.15,4.5,2024-06-25,5,2,0.4,Orthopedics,45
3,2024-06-25,Night,1,16.1,4.0,2024-06-25,3,2,0.3333333333333333,Orthopedics,45
3,2024-06-26,Afternoon,5,27.24,3.8,2024-06-26,5,2,1.0,Orthopedics,45
3,2024-06-26,Morning,3,25.433333333333334,3.6666666666666665,2024-06-26,4,2,0.75,Orthopedics,45
3,2024-06-26,Night,2,32.3,4.0,2024-06-26,3,1,0.6666666666666666,Orthopedics,45
3,2024-06-27,Afternoon,5,23.8,3.8,2024-06-27,5,2,1.0,Orthopedics,45
3,2024-06-27,Morning,6,24.416666666666668,3.6666666666666665,2024-06-27,5,3,1.2,Orthopedics,45
3,2024-06-27,Night,1,19.1,4.0,2024-06-27,3,1,0.3333333333333333,Orthopedics,45
3,2024-06-28,Afternoon,6,24.016666666666666,4.0,2024-06-28,5,2,1.2,Orthopedics,45
3,2024-06-28,Morning,7,25.857142857142858,4.0,2024-06-28,5,2,1.4,Orthopedics,45
3,2024-06-28,Night,1,23.6,4.0,2024-06-28,3,1,0.3333333333333333,Orthopedics,45
3,2024-06-29,Afternoon,6,25.45,3.8333333333333335,2024-06-29,5,2,1.2,Orthopedics,45
3,2024-06-29,Morning,4,23.925,3.75,2024-06-29,5,3,0.8,Orthopedics,45
3,2024-06-30,Afternoon,1,16.3,4.0,2024-06-30,4,2,0.25,Orthopedics,45
3,2024-06-30,Morning,1,23.2,5.0,2024-06-30,5,2,0.2,Orthopedics,45
3,2024-06-30,Night,2,25.85,4.0,2024-06-30,4,2,0.5,Orthopedics,45
3,2024-07-01,Afternoon,7,27.014285714285712,3.857142857142857,2024-07-01,5,2,1.4,Orthopedics,45
3,2024-07-01,Morning,5,29.0,4.2,2024-07-01,5,1,1.0,Orthopedics,45
3,2024-07-01,Night,3,25.133333333333336,4.333333333333333,2024-07-01,3,1,1.0,Orthopedics,45
3,2024-07-02,Afternoon,7,25.814285714285713,3.2857142857142856,2024-07-02,5,2,1.4,Orthopedics,45
3,2024-07-02,Morning,3,25.96666666666667,4.333333333333333,2024-07-02,5,2,0.6,Orthopedics,45
3,2024-07-03,Afternoon,3,18.466666666666665,4.333333333333333,2024-07-03,4,3,0.75,Orthopedics,45
3,2024-07-03,Morning,3,24.166666666666668,3.6666666666666665,2024-07-03,5,2,0.6,Orthopedics,45
3,2024-07-03,Night,4,26.25,3.25,2024-07-03,3,1,1.3333333333333333,Orthopedics,45
3,2024-07-04,Afternoon,3,20.266666666666666,4.333333333333333,2024-07-04,5,2,0.6,Orthopedics,45
3,2024-07-04,Morning,6,24.75,4.166666666666667,2024-07-04,6,2,1.0,Orthopedics,45
3,2024-07-04,Night,3,16.533333333333335,4.333333333333333,2024-07-04,3,1,1.0,Orthopedics,45
3,2024-07-05,Afternoon,8,29.45,3.875,2024-07-05,5,3,1.6,Orthopedics,45
3,2024-07-05,Morning,5,28.9,3.6,2024-07-05,5,2,1.0,Orthopedics,45
3,2024-07-06,Afternoon,3,21.7,4.333333333333333,2024-07-06,6,2,0.5,Orthopedics,45
3,2024-07-06,Morning,3,24.8,4.333333333333333,2024-07-06,6,3,0.5,Orthopedics,45
3,2024-07-06,Night,1,14.6,3.0,2024-07-06,3,1,0.3333333333333333,Orthopedics,45
3,2024-07-07,Afternoon,5,29.6,3.8,2024-07-07,5,2,1.0,Orthopedics,45
3,2024-07-07,Morning,3,19.900000000000002,4.0,2024-07-07,5,2,0.6,Orthopedics,45
3,2024-07-07,Night,1,22.5,4.0,2024-07-07,3,2,0.3333333333333333,Orthopedics,45
3,2024-07-08,Afternoon,6,24.05,3.1666666666666665,2024-07-08,5,2,1.2,Orthopedics,45
3,2024-07-08,Morning,4,22.549999999999997,4.5,2024-07-08,5,2,0.8,Orthopedics,45
3,2024-07-08,Night,1,21.3,4.0,2024-07-08,3,1,0.3333333333333333,Orthopedics,45
3,2024-07-09,Afternoon,10,32.7,3.9,2024-07-09,5,2,2.0,Orthopedics,45
3,2024-07-09,Morning,3,23.066666666666666,3.6666666666666665,2024-07-09,5,2,0.6,Orthopedics,45
3,2024-07-09,Night,2,32.25,4.0,2024-07-09,2,1,1.0,Orthopedics,45
3,2024-07-10,Afternoon,8,33.3375,3.125,2024-07-10,4,2,2.0,Orthopedics,45
3,2024-07-10,Night,1,13.5,4.0,2024-07-10,3,1,0.3333333333333333,Orthopedics,45
3,2024-07-11,Afternoon,3,22.600000000000005,3.3333333333333335,2024-07-11,5,2,0.6,Orthopedics,45
3,2024-07-11,Morning,4,24.674999999999997,4.0,2024-07-11,5,1,0.8,Orthopedics,45
3,2024-07-11,Night,2,26.5,5.0,2024-07-11,2,1,1.0,Orthopedics,45
3,2024-07-12,Afternoon,4,24.2,4.0,2024-07-12,5,2,0.8,Orthopedics,45
3,2024-07-12,Morning,3,21.900000000000002,4.666666666666667,2024-07-12,5,2,0.6,Orthopedics,45
3,2024-07-12,Night,2,26.0,4.0,2024-07-12,5,2,0.4,Orthopedics,45
3,2024-07-13,Afternoon,5,20.94,4.2,2024-07-13,5,1,1.0,Orthopedics,45
3,2024-07-13,Morning,2,22.05,4.0,2024-07-13,6,2,0.3333333333333333,Orthopedics,45
3,2024-07-14,Afternoon,2,13.95,4.0,2024-07-14,4,2,0.5,Orthopedics,45
3,2024-07-14,Morning,3,21.599999999999998,4.333333333333333,2024-07-14,5,1,0.6,Orthopedics,45
3,2024-07-15,Afternoon,5,24.2,3.8,2024-07-15,4,1,1.25,Orthopedics,45
3,2024-07-15,Morning,7,25.785714285714285,4.142857142857143,2024-07-15,5,1,1.4,Orthopedics,45
3,2024-07-15,Night,1,23.5,4.0,2024-07-15,5,1,0.2,Orthopedics,45
3,2024-07-16,Afternoon,5,27.160000000000004,4.2,2024-07-16,5,2,1.0,Orthopedics,45
3,2024-07-16,Morning,3,22.433333333333334,4.333333333333333,2024-07-16,5,2,0.6,Orthopedics,45
3,2024-07-17,Afternoon,6,25.833333333333332,4.166666666666667,2024-07-17,6,2,1.0,Orthopedics,45
3,2024-07-17,Morning,6,28.71666666666667,3.5,2024-07-17,5,2,1.2,Orthopedics,45
3,2024-07-17,Night,2,28.55,4.0,2024-07-17,2,1,1.0,Orthopedics,45
3,2024-07-18,Afternoon,5,28.1,3.8,2024-07-18,6,2,0.8333333333333334,Orthopedics,45
3,2024-07-18,Morning,6,24.46666666666667,4.0,2024-07-18,6,1,1.0,Orthopedics,45
3,2024-07-18,Night,1,26.9,3.0,2024-07-18,3,1,0.3333333333333333,Orthopedics,45
3,2024-07-19,Afternoon,4,21.45,3.5,2024-07-19,5,2,0.8,Orthopedics,45
3,2024-07-19,Morning,7,25.057142857142857,4.0,2024-07-19,5,3,1.4,Orthopedics,45
3,2024-07-19,Night,2,21.1,3.5,2024-07-19,4,1,0.5,Orthopedics,45
3,2024-07-20,Afternoon,1,22.3,3.0,2024-07-20,5,2,0.2,Orthopedics,45
3,2024-07-20,Morning,4,22.7,4.25,2024-07-20,6,2,0.6666666666666666,Orthopedics,45
3,2024-07-20,Night,2,18.75,5.0,2024-07-20,4,1,0.5,Orthopedics,45
3,2024-07-21,Afternoon,2,21.75,4.0,2024-07-21,5,2,0.4,Orthopedics,45
3,2024-07-21,Morning,3,21.733333333333334,3.3333333333333335,2024-07-21,5,1,0.6,Orthopedics,45
3,2024-07-22,Afternoon,5,25.46,3.8,2024-07-22,6,2,0.8333333333333334,Orthopedics,45
3,2024-07-22,Morning,4,26.775000000000002,4.0,2024-07-22,4,2,1.0,Orthopedics,45
3,2024-07-22,Night,1,16.5,4.0,2024-07-22,3,1,0.3333333333333333,Orthopedics,45
3,2024-07-23,Afternoon,7,29.414285714285715,3.857142857142857,2024-07-23,5,3,1.4,Orthopedics,45
3,2024-07-23,Morning,5,24.720000000000002,4.0,2024-07-23,5,2,1.0,Orthopedics,45
3,2024-07-24,Afternoon,4,25.325,4.0,2024-07-24,5,2,0.8,Orthopedics,45
3,2024-07-24,Morning,6,26.78333333333333,3.5,2024-07-24,5,2,1.2,Orthopedics,45
3,2024-07-24,Night,2,22.0,4.0,2024-07-24,3,1,0.6666666666666666,Orthopedics,45
3,2024-07-25,Afternoon,7,31.442857142857143,4.285714285714286,2024-07-25,5,3,1.4,Orthopedics,45
3,2024-07-25,Morning,7,26.957142857142856,3.857142857142857,2024-07-25,6,2,1.1666666666666667,Orthopedics,45
3,2024-07-25,Night,1,15.2,5.0,2024-07-25,2,2,0.5,Orthopedics,45
3,2024-07-26,Afternoon,4,26.025,4.0,2024-07-26,5,2,0.8,Orthopedics,45
3,2024-07-26,Morning,3,24.3,4.0,2024-07-26,5,2,0.6,Orthopedics,45
3,2024-07-26,Night,1,27.4,4.0,2024-07-26,3,1,0.3333333333333333,Orthopedics,45
3,2024-07-27,Afternoon,4,28.375,4.0,2024-07-27,5,2,0.8,Orthopedics,45
3,2024-07-27,Morning,4,23.5,4.0,2024-07-27,5,2,0.8,Orthopedics,45
3,2024-07-27,Night,1,28.2,3.0,2024-07-27,3,1,0.3333333333333333,Orthopedics,45
3,2024-07-28,Afternoon,3,19.933333333333334,4.0,2024-07-28,5,3,0.6,Orthopedics,45
3,2024-07-28,Morning,3,19.366666666666664,4.666666666666667,2024-07-28,6,2,0.5,Orthopedics,45
3,2024-07-28,Night,2,23.8,4.5,2024-07-28,2,1,1.0,Orthopedics,45
3,2024-07-29,Afternoon,2,18.75,4.0,2024-07-29,5,2,0.4,Orthopedics,45
3,2024-07-29,Morning,11,44.56363636363636,3.3636363636363638,2024-07-29,3,2,3.6666666666666665,Orthopedics,45
3,2024-07-30,Afternoon,3,23.46666666666667,4.333333333333333,2024-07-30,5,3,0.6,Orthopedics,45
3,2024-07-30,Morning,2,17.7,4.5,2024-07-30,5,2,0.4,Orthopedics,45
3,2024-07-30,Night,1,17.2,5.0,2024-07-30,4,1,0.25,Orthopedics,45
3,2024-07-31,Afternoon,2,27.3,4.5,2024-07-31,5,2,0.4,Orthopedics,45
3,2024-07-31,Morning,7,25.357142857142858,4.0,2024-07-31,6,3,1.1666666666666667,Orthopedics,45
3,2024-07-31,Night,2,23.15,3.5,2024-07-31,3,1,0.6666666666666666,Orthopedics,45
3,2024-08-01,Afternoon,6,26.05,4.0,2024-08-01,5,2,1.2,Orthopedics,45
3,2024-08-01,Morning,4,23.175,4.5,2024-08-01,5,2,0.8,Orthopedics,45
3,2024-08-01,Night,1,31.4,4.0,2024-08-01,3,1,0.3333333333333333,Orthopedics,45
3,2024-08-02,Afternoon,6,23.849999999999998,4.0,2024-08-02,5,2,1.2,Orthopedics,45
3,2024-08-02,Morning,1,16.4,3.0,2024-08-02,6,1,0.16666666666666666,Orthopedics,45
3,2024-08-02,Night,3,26.633333333333336,4.0,2024-08-02,3,1,1.0,Orthopedics,45
3,2024-08-03,Afternoon,3,22.333333333333332,4.0,2024-08-03,5,3,0.6,Orthopedics,45
3,2024-08-03,Morning,7,30.942857142857147,4.142857142857143,2024-08-03,5,3,1.4,Orthopedics,45
3,2024-08-03,Night,1,20.0,5.0,2024-08-03,4,1,0.25,Orthopedics,45
3,2024-08-04,Afternoon,3,20.033333333333335,3.6666666666666665,2024-08-04,5,2,0.6,Orthopedics,45
3,2024-08-04,Morning,4,22.975,4.25,2024-08-04,5,2,0.8,Orthopedics,45
3,2024-08-04,Night,1,22.5,4.0,2024-08-04,4,1,0.25,Orthopedics,45
3,2024-08-05,Afternoon,7,24.585714285714285,4.0,2024-08-05,6,2,1.1666666666666667,Orthopedics,45
3,2024-08-05,Morning,6,28.916666666666668,4.166666666666667,2024-08-05,4,2,1.5,Orthopedics,45
3,2024-08-06,Afternoon,3,21.7,4.0,2024-08-06,6,3,0.5,Orthopedics,45
3,2024-08-06,Morning,4,20.675,3.5,2024-08-06,5,2,0.8,Orthopedics,45
3,2024-08-06,Night,1,19.5,4.0,2024-08-06,3,2,0.3333333333333333,Orthopedics,45
3,2024-08-07,Afternoon,3,23.2,3.3333333333333335,2024-08-07,5,2,0.6,Orthopedics,45
3,2024-08-07,Morning,4,23.7,4.25,2024-08-07,5,2,0.8,Orthopedics,45
3,2024-08-08,Afternoon,13,37.47692307692308,3.6153846153846154,2024-08-08,5,1,2.6,Orthopedics,45
3,2024-08-08,Morning,4,25.925,4.0,2024-08-08,4,2,1.0,Orthopedics,45
3,2024-08-08,Night,3,24.933333333333334,4.0,2024-08-08,2,1,1.5,Orthopedics,45
3,2024-08-09,Afternoon,6,25.45,4.333333333333333,2024-08-09,4,2,1.5,Orthopedics,45
3,2024-08-09,Morning,5,22.2,3.8,2024-08-09,5,3,1.0,Orthopedics,45
3,2024-08-10,Afternoon,2,26.7,4.0,2024-08-10,4,2,0.5,Orthopedics,45
3,2024-08-10,Morning,1,27.0,5.0,2024-08-10,6,2,0.16666666666666666,Orthopedics,45
3,2024-08-10,Night,1,17.7,3.0,2024-08-10,3,1,0.3333333333333333,Orthopedics,45
3,2024-08-11,Afternoon,4,23.0,4.5,2024-08-11,5,2,0.8,Orthopedics,45
3,2024-08-11,Morning,3,22.633333333333336,3.6666666666666665,2024-08-11,5,2,0.6,Orthopedics,45
3,2024-08-11,Night,1,19.8,4.0,2024-08-11,4,1,0.25,Orthopedics,45
3,2024-08-12,Afternoon,5,26.660000000000004,3.6,2024-08-12,4,2,1.25,Orthopedics,45
3,2024-08-12,Morning,4,24.875,4.25,2024-08-12,5,2,0.8,Orthopedics,45
3,2024-08-13,Afternoon,6,26.383333333333336,3.8333333333333335,2024-08-13,5,1,1.2,Orthopedics,45
3,2024-08-13,Morning,4,21.375,3.25,2024-08-13,5,2,0.8,Orthopedics,45
3,2024-08-14,Afternoon,8,25.7875,3.75,2024-08-14,5,2,1.6,Orthopedics,45
3,2024-08-14,Night,1,26.6,4.0,2024-08-14,3,2,0.3333333333333333,Orthopedics,45
3,2024-08-15,Afternoon,5,25.080000000000002,3.0,2024-08-15,5,2,1.0,Orthopedics,45
3,2024-08-15,Morning,6,22.066666666666666,4.166666666666667,2024-08-15,6,2,1.0,Orthopedics,45
3,2024-08-15,Night,1,19.2,4.0,2024-08-15,4,1,0.25,Orthopedics,45
3,2024-08-16,Afternoon,4,23.6,4.0,2024-08-16,4,2,1.0,Orthopedics,45
3,2024-08-16,Morning,4,19.375,4.5,2024-08-16,6,3,0.6666666666666666,Orthopedics,45
3,2024-08-16,Night,3,28.866666666666664,3.3333333333333335,2024-08-16,3,1,1.0,Orthopedics,45
3,2024-08-17,Afternoon,3,19.233333333333334,4.333333333333333,2024-08-17,5,2,0.6,Orthopedics,45
3,2024-08-17,Morning,4,26.4,4.0,2024-08-17,5,2,0.8,Orthopedics,45
3,2024-08-17,Night,1,19.8,4.0,2024-08-17,3,1,0.3333333333333333,Orthopedics,45
3,2024-08-18,Afternoon,3,25.0,3.6666666666666665,2024-08-18,5,2,0.6,Orthopedics,45
3,2024-08-18,Morning,4,28.225,3.25,2024-08-18,6,2,0.6666666666666666,Orthopedics,45
3,2024-08-18,Night,1,27.5,4.0,2024-08-18,4,1,0.25,Orthopedics,45
3,2024-08-19,Afternoon,6,23.666666666666668,4.166666666666667,2024-08-19,5,2,1.2,Orthopedics,45
3,2024-08-19,Morning,1,27.3,4.0,2024-08-19,5,2,0.2,Orthopedics,45
3,2024-08-20,Afternoon,4,20.925,3.75,2024-08-20,5,2,0.8,Orthopedics,45
3,2024-08-20,Morning,2,30.55,4.5,2024-08-20,3,2,0.6666666666666666,Orthopedics,45
3,2024-08-20,Night,1,12.4,4.0,2024-08-20,4,1,0.25,Orthopedics,45
3,2024-08-21,Afternoon,5,23.9,4.0,2024-08-21,5,2,1.0,Orthopedics,45
3,2024-08-21,Morning,3,26.46666666666667,4.0,2024-08-21,5,1,0.6,Orthopedics,45
3,2024-08-21,Night,1,17.0,5.0,2024-08-21,3,1,0.3333333333333333,Orthopedics,45
3,2024-08-22,Afternoon,6,26.96666666666667,3.8333333333333335,2024-08-22,5,2,1.2,Orthopedics,45
3,2024-08-22,Morning,1,18.7,5.0,2024-08-22,5,2,0.2,Orthopedics,45
3,2024-08-22,Night,2,25.5,3.5,2024-08-22,2,1,1.0,Orthopedics,45
3,2024-08-23,Afternoon,4,22.674999999999997,4.5,2024-08-23,5,2,0.8,Orthopedics,45
3,2024-08-23,Morning,3,22.133333333333336,3.6666666666666665,2024-08-23,6,2,0.5,Orthopedics,45
3,2024-08-23,Night,2,24.200000000000003,4.0,2024-08-23,3,1,0.6666666666666666,Orthopedics,45
3,2024-08-24,Afternoon,5,24.86,4.0,2024-08-24,6,2,0.8333333333333334,Orthopedics,45
3,2024-08-24,Morning,2,21.35,4.0,2024-08-24,6,2,0.3333333333333333,Orthopedics,45
3,2024-08-25,Afternoon,3,20.400000000000002,4.666666666666667,2024-08-25,6,2,0.5,Orthopedics,45
3,2024-08-25,Morning,1,24.3,5.0,2024-08-25,7,2,0.14285714285714285,Orthopedics,45
3,2024-08-25,Night,1,16.7,4.0,2024-08-25,3,1,0.3333333333333333,Orthopedics,45
3,2024-08-26,Afternoon,6,28.683333333333334,3.3333333333333335,2024-08-26,5,2,1.2,Orthopedics,45
3,2024-08-26,Morning,4,24.450000000000003,4.5,2024-08-26,5,2,0.8,Orthopedics,45
3,2024-08-26,Night,1,12.2,5.0,2024-08-26,4,2,0.25,Orthopedics,45
3,2024-08-27,Afternoon,3,20.7,3.6666666666666665,2024-08-27,4,1,0.75,Orthopedics,45
3,2024-08-27,Morning,11,31.94545454545454,3.8181818181818183,2024-08-27,5,2,2.2,Orthopedics,45
3,2024-08-27,Night,3,26.566666666666666,3.3333333333333335,2024-08-27,2,2,1.5,Orthopedics,45
3,2024-08-28,Afternoon,4,21.575,4.0,2024-08-28,5,3,0.8,Orthopedics,45
3,2024-08-28,Morning,8,27.9625,3.5,2024-08-28,5,1,1.6,Orthopedics,45
3,2024-08-29,Afternoon,3,24.666666666666668,4.666666666666667,2024-08-29,6,2,0.5,Orthopedics,45
3,2024-08-29,Morning,7,26.057142857142857,3.857142857142857,2024-08-29,6,2,1.1666666666666667,Orthopedics,45
3,2024-08-29,Night,2,22.5,4.0,2024-08-29,3,2,0.6666666666666666,Orthopedics,45
3,2024-08-30,Afternoon,7,27.599999999999998,4.142857142857143,2024-08-30,5,2,1.4,Orthopedics,45
3,2024-08-30,Morning,5,26.26,3.8,2024-08-30,5,2,1.0,Orthopedics,45
3,2024-08-31,Afternoon,6,29.516666666666666,3.8333333333333335,2024-08-31,5,2,1.2,Orthopedics,45
3,2024-08-31,Morning,3,18.733333333333334,3.6666666666666665,2024-08-31,4,2,0.75,Orthopedics,45
3,2024-08-31,Night,1,17.4,5.0,2024-08-31,4,1,0.25,Orthopedics,45
3,2024-09-01,Afternoon,7,28.771428571428572,4.285714285714286,2024-09-01,6,1,1.1666666666666667,Orthopedics,45
3,2024-09-01,Morning,5,25.72,4.2,2024-09-01,5,2,1.0,Orthopedics,45
3,2024-09-01,Night,3,31.166666666666668,4.333333333333333,2024-09-01,2,2,1.5,Orthopedics,45
3,2024-09-02,Afternoon,12,33.03333333333333,3.3333333333333335,2024-09-02,6,2,2.0,Orthopedics,45
3,2024-09-02,Morning,6,31.75,3.8333333333333335,2024-09-02,4,2,1.5,Orthopedics,45
3,2024-09-02,Night,2,22.95,4.0,2024-09-02,3,2,0.6666666666666666,Orthopedics,45
3,2024-09-03,Afternoon,4,25.65,3.75,2024-09-03,6,2,0.6666666666666666,Orthopedics,45
3,2024-09-03,Morning,4,29.65,4.25,2024-09-03,5,2,0.8,Orthopedics,45
3,2024-09-03,Night,1,16.3,4.0,2024-09-03,3,1,0.3333333333333333,Orthopedics,45
3,2024-09-04,Afternoon,3,22.46666666666667,4.0,2024-09-04,6,2,0.5,Orthopedics,45
3,2024-09-04,Morning,4,19.375,4.25,2024-09-04,6,2,0.6666666666666666,Orthopedics,45
3,2024-09-04,Night,3,27.133333333333336,4.0,2024-09-04,2,1,1.5,Orthopedics,45
3,2024-09-05,Afternoon,5,26.880000000000003,3.8,2024-09-05,5,2,1.0,Orthopedics,45
3,2024-09-05,Morning,5,23.14,3.8,2024-09-05,5,2,1.0,Orthopedics,45
3,2024-09-06,Afternoon,10,33.7,3.5,2024-09-06,4,3,2.5,Orthopedics,45
3,2024-09-06,Morning,5,24.22,4.2,2024-09-06,5,1,1.0,Orthopedics,45
3,2024-09-06,Night,1,18.2,5.0,2024-09-06,2,1,0.5,Orthopedics,45
3,2024-09-07,Afternoon,6,26.71666666666667,3.5,2024-09-07,5,2,1.2,Orthopedics,45
3,2024-09-07,Morning,3,24.2,3.6666666666666665,2024-09-07,4,2,0.75,Orthopedics,45
3,2024-09-08,Afternoon,3,22.53333333333333,4.0,2024-09-08,6,2,0.5,Orthopedics,45
3,2024-09-08,Morning,5,27.860000000000003,3.4,2024-09-08,4,2,1.25,Orthopedics,45
3,2024-09-08,Night,2,19.05,3.5,2024-09-08,3,2,0.6666666666666666,Orthopedics,45
3,2024-09-09,Afternoon,8,29.099999999999998,3.875,2024-09-09,4,3,2.0,Orthopedics,45
3,2024-09-09,Morning,9,35.8,3.5555555555555554,2024-09-09,4,2,2.25,Orthopedics,45
3,2024-09-09,Night,1,19.3,5.0,2024-09-09,3,1,0.3333333333333333,Orthopedics,45
3,2024-09-10,Afternoon,3,24.03333333333333,4.333333333333333,2024-09-10,5,2,0.6,Orthopedics,45
3,2024-09-10,Morning,3,23.666666666666668,3.6666666666666665,2024-09-10,5,3,0.6,Orthopedics,45
3,2024-09-11,Afternoon,4,29.375,4.25,2024-09-11,4,2,1.0,Orthopedics,45
3,2024-09-11,Morning,6,24.45,4.166666666666667,2024-09-11,5,2,1.2,Orthopedics,45
3,2024-09-11,Night,2,21.700000000000003,4.5,2024-09-11,3,1,0.6666666666666666,Orthopedics,45
3,2024-09-12,Afternoon,5,26.139999999999997,4.0,2024-09-12,5,2,1.0,Orthopedics,45
3,2024-09-12,Morning,3,22.2,4.0,2024-09-12,6,2,0.5,Orthopedics,45
3,2024-09-12,Night,1,14.9,4.0,2024-09-12,3,1,0.3333333333333333,Orthopedics,45
3,2024-09-13,Afternoon,9,28.54444444444444,3.888888888888889,2024-09-13,6,2,1.5,Orthopedics,45
3,2024-09-13,Morning,6,29.416666666666668,3.3333333333333335,2024-09-13,4,2,1.5,Orthopedics,45
3,2024-09-13,Night,4,26.85,4.5,2024-09-13,3,1,1.3333333333333333,Orthopedics,45
3,2024-09-14,Afternoon,5,24.419999999999998,4.0,2024-09-14,6,2,0.8333333333333334,Orthopedics,45
3,2024-09-14,Morning,1,22.6,5.0,2024-09-14,4,1,0.25,Orthopedics,45
3,2024-09-14,Night,1,14.0,5.0,2024-09-14,2,1,0.5,Orthopedics,45
3,2024-09-15,Afternoon,5,20.919999999999998,3.6,2024-09-15,6,2,0.8333333333333334,Orthopedics,45
3,2024-09-15,Morning,2,25.700000000000003,4.0,2024-09-15,6,1,0.3333333333333333,Orthopedics,45
3,2024-09-15,Night,3,21.766666666666666,3.0,2024-09-15,4,1,0.75,Orthopedics,45
3,2024-09-16,Afternoon,6,30.650000000000002,3.8333333333333335,2024-09-16,6,2,1.0,Orthopedics,45
3,2024-09-16,Morning,6,30.0,3.0,2024-09-16,4,2,1.5,Orthopedics,45
3,2024-09-16,Night,1,24.0,4.0,2024-09-16,4,1,0.25,Orthopedics,45
3,2024-09-17,Afternoon,6,30.900000000000002,3.3333333333333335,2024-09-17,4,2,1.5,Orthopedics,45
3,2024-09-17,Morning,9,28.01111111111111,3.6666666666666665,2024-09-17,5,2,1.8,Orthopedics,45
3,2024-09-18,Afternoon,4,26.5,4.0,2024-09-18,3,2,1.3333333333333333,Orthopedics,45
3,2024-09-18,Morning,3,17.400000000000002,4.666666666666667,2024-09-18,6,3,0.5,Orthopedics,45
3,2024-09-19,Afternoon,10,29.410000000000004,3.7,2024-09-19,6,3,1.6666666666666667,Orthopedics,45
3,2024-09-19,Morning,8,29.85,3.625,2024-09-19,4,2,2.0,Orthopedics,45
3,2024-09-19,Night,1,16.0,4.0,2024-09-19,2,2,0.5,Orthopedics,45
3,2024-09-20,Afternoon,7,29.87142857142857,3.857142857142857,2024-09-20,5,1,1.4,Orthopedics,45
3,2024-09-20,Morning,11,36.73636363636364,3.6363636363636362,2024-09-20,4,1,2.75,Orthopedics,45
3,2024-09-20,Night,2,19.35,4.0,2024-09-20,3,1,0.6666666666666666,Orthopedics,45
3,2024-09-21,Afternoon,6,28.25,3.6666666666666665,2024-09-21,5,2,1.2,Orthopedics,45
3,2024-09-21,Morning,2,19.05,4.5,2024-09-21,6,2,0.3333333333333333,Orthopedics,45
3,2024-09-22,Afternoon,2,17.1,4.0,2024-09-22,5,2,0.4,Orthopedics,45
3,2024-09-22,Morning,5,23.64,3.6,2024-09-22,5,2,1.0,Orthopedics,45
3,2024-09-22,Night,1,23.1,5.0,2024-09-22,3,1,0.3333333333333333,Orthopedics,45
3,2024-09-23,Afternoon,6,25.016666666666666,3.8333333333333335,2024-09-23,6,2,1.0,Orthopedics,45
3,2024-09-23,Morning,4,25.075,3.75,2024-09-23,3,2,1.3333333333333333,Orthopedics,45
3,2024-09-23,Night,1,22.2,3.0,2024-09-23,3,1,0.3333333333333333,Orthopedics,45
3,2024-09-24,Afternoon,7,24.900000000000002,4.285714285714286,2024-09-24,5,2,1.4,Orthopedics,45
3,2024-09-24,Morning,2,20.35,4.0,2024-09-24,3,2,0.6666666666666666,Orthopedics,45
3,2024-09-24,Night,1,17.2,4.0,2024-09-24,2,2,0.5,Orthopedics,45
3,2024-09-25,Afternoon,8,32.6,3.875,2024-09-25,4,2,2.0,Orthopedics,45
3,2024-09-25,Morning,2,18.3,4.0,2024-09-25,5,2,0.4,Orthopedics,45
3,2024-09-26,Afternoon,7,27.04285714285714,3.857142857142857,2024-09-26,5,2,1.4,Orthopedics,45
3,2024-09-26,Morning,3,26.5,4.333333333333333,2024-09-26,4,3,0.75,Orthopedics,45
3,2024-09-26,Night,1,18.7,4.0,2024-09-26,3,1,0.3333333333333333,Orthopedics,45
3,2024-09-27,Afternoon,3,21.566666666666666,3.0,2024-09-27,5,3,0.6,Orthopedics,45
3,2024-09-27,Morning,7,25.87142857142857,3.7142857142857144,2024-09-27,5,2,1.4,Orthopedics,45
3,2024-09-28,Afternoon,1,15.9,4.0,2024-09-28,5,3,0.2,Orthopedics,45
3,2024-09-28,Morning,1,13.5,4.0,2024-09-28,5,2,0.2,Orthopedics,45
3,2024-09-29,Afternoon,3,25.7,4.333333333333333,2024-09-29,5,2,0.6,Orthopedics,45
3,2024-09-29,Morning,3,25.96666666666667,3.6666666666666665,2024-09-29,4,3,0.75,Orthopedics,45
3,2024-09-29,Night,1,21.7,4.0,2024-09-29,3,1,0.3333333333333333,Orthopedics,45
3,2024-09-30,Afternoon,7,27.571428571428573,4.571428571428571,2024-09-30,5,2,1.4,Orthopedics,45
3,2024-09-30,Morning,10,37.010000000000005,3.7,2024-09-30,4,2,2.5,Orthopedics,45
3,2024-09-30,Night,3,24.5,3.6666666666666665,2024-09-30,3,1,1.0,Orthopedics,45
3,2024-10-01,Afternoon,9,28.644444444444446,3.6666666666666665,2024-10-01,5,2,1.8,Orthopedics,45
3,2024-10-01,Morning,6,27.78333333333333,4.0,2024-10-01,5,2,1.2,Orthopedics,45
3,2024-10-01,Night,1,24.1,3.0,2024-10-01,4,2,0.25,Orthopedics,45
3,2024-10-02,Afternoon,3,20.2,4.0,2024-10-02,6,3,0.5,Orthopedics,45
3,2024-10-02,Morning,2,20.0,4.0,2024-10-02,6,2,0.3333333333333333,Orthopedics,45
3,2024-10-02,Night,4,28.05,4.0,2024-10-02,3,2,1.3333333333333333,Orthopedics,45
3,2024-10-03,Afternoon,5,26.580000000000002,4.4,2024-10-03,5,2,1.0,Orthopedics,45
3,2024-10-03,Morning,4,22.675,4.5,2024-10-03,5,2,0.8,Orthopedics,45
3,2024-10-03,Night,3,29.933333333333334,3.3333333333333335,2024-10-03,3,1,1.0,Orthopedics,45
3,2024-10-04,Afternoon,3,28.2,3.6666666666666665,2024-10-04,5,2,0.6,Orthopedics,45
3,2024-10-04,Morning,4,21.049999999999997,4.5,2024-10-04,5,2,0.8,Orthopedics,45
3,2024-10-05,Afternoon,7,31.514285714285712,3.857142857142857,2024-10-05,4,2,1.75,Orthopedics,45
3,2024-10-05,Morning,1,18.3,4.0,2024-10-05,5,2,0.2,Orthopedics,45
3,2024-10-05,Night,2,30.4,3.5,2024-10-05,3,2,0.6666666666666666,Orthopedics,45
3,2024-10-06,Afternoon,7,29.02857142857143,3.7142857142857144,2024-10-06,5,2,1.4,Orthopedics,45
3,2024-10-06,Morning,4,24.85,3.75,2024-10-06,5,3,0.8,Orthopedics,45
3,2024-10-07,Afternoon,6,24.8,3.8333333333333335,2024-10-07,5,2,1.2,Orthopedics,45
3,2024-10-07,Morning,1,16.8,5.0,2024-10-07,4,2,0.25,Orthopedics,45
3,2024-10-07,Night,1,15.8,4.0,2024-10-07,4,1,0.25,Orthopedics,45
3,2024-10-08,Afternoon,8,27.45,3.875,2024-10-08,5,1,1.6,Orthopedics,45
3,2024-10-08,Morning,6,31.866666666666664,4.0,2024-10-08,3,2,2.0,Orthopedics,45
3,2024-10-08,Night,1,27.5,4.0,2024-10-08,4,1,0.25,Orthopedics,45
3,2024-10-09,Afternoon,5,24.82,4.0,2024-10-09,6,2,0.8333333333333334,Orthopedics,45
3,2024-10-09,Morning,6,27.316666666666666,3.3333333333333335,2024-10-09,5,2,1.2,Orthopedics,45
3,2024-10-09,Night,1,16.9,4.0,2024-10-09,3,1,0.3333333333333333,Orthopedics,45
3,2024-10-10,Afternoon,6,29.650000000000002,3.8333333333333335,2024-10-10,4,1,1.5,Orthopedics,45
3,2024-10-10,Morning,2,20.5,3.5,2024-10-10,5,2,0.4,Orthopedics,45
3,2024-10-10,Night,1,17.3,3.0,2024-10-10,4,1,0.25,Orthopedics,45
3,2024-10-11,Afternoon,6,25.333333333333332,4.333333333333333,2024-10-11,4,2,1.5,Orthopedics,45
3,2024-10-11,Morning,4,25.325,4.25,2024-10-11,6,2,0.6666666666666666,Orthopedics,45
3,2024-10-12,Afternoon,5,22.1,4.2,2024-10-12,5,3,1.0,Orthopedics,45
3,2024-10-12,Morning,5,24.619999999999997,4.0,2024-10-12,6,2,0.8333333333333334,Orthopedics,45
3,2024-10-12,Night,1,24.4,4.0,2024-10-12,4,1,0.25,Orthopedics,45
3,2024-10-13,Afternoon,3,25.8,4.333333333333333,2024-10-13,6,2,0.5,Orthopedics,45
3,2024-10-13,Morning,3,26.866666666666664,4.0,2024-10-13,6,2,0.5,Orthopedics,45
3,2024-10-13,Night,1,21.2,3.0,2024-10-13,4,2,0.25,Orthopedics,45
3,2024-10-14,Afternoon,8,29.225,3.625,2024-10-14,6,2,1.3333333333333333,Orthopedics,45
3,2024-10-14,Morning,7,29.82857142857143,4.142857142857143,2024-10-14,4,2,1.75,Orthopedics,45
3,2024-10-14,Night,1,24.3,3.0,2024-10-14,4,1,0.25,Orthopedics,45
3,2024-10-15,Afternoon,5,24.76,4.0,2024-10-15,6,2,0.8333333333333334,Orthopedics,45
3,2024-10-15,Morning,7,30.785714285714285,4.0,2024-10-15,4,2,1.75,Orthopedics,45
3,2024-10-15,Night,1,22.4,4.0,2024-10-15,4,1,0.25,Orthopedics,45
3,2024-10-16,Afternoon,3,23.933333333333334,3.3333333333333335,2024-10-16,4,2,0.75,Orthopedics,45
3,2024-10-16,Morning,3,19.366666666666667,4.0,2024-10-16,6,2,0.5,Orthopedics,45
3,2024-10-16,Night,1,21.3,4.0,2024-10-16,3,1,0.3333333333333333,Orthopedics,45
3,2024-10-17,Afternoon,2,21.35,4.5,2024-10-17,4,2,0.5,Orthopedics,45
3,2024-10-17,Morning,12,32.225,3.4166666666666665,2024-10-17,6,2,2.0,Orthopedics,45
3,2024-10-17,Night,1,19.8,4.0,2024-10-17,3,1,0.3333333333333333,Orthopedics,45
3,2024-10-18,Afternoon,5,23.72,4.0,2024-10-18,5,2,1.0,Orthopedics,45
3,2024-10-18,Morning,5,23.32,3.8,2024-10-18,6,1,0.8333333333333334,Orthopedics,45
3,2024-10-19,Afternoon,4,24.075,4.25,2024-10-19,5,2,0.8,Orthopedics,45
3,2024-10-19,Morning,2,18.55,4.0,2024-10-19,4,3,0.5,Orthopedics,45
3,2024-10-19,Night,1,19.2,4.0,2024-10-19,4,1,0.25,Orthopedics,45
3,2024-10-20,Afternoon,1,29.8,3.0,2024-10-20,5,2,0.2,Orthopedics,45
3,2024-10-20,Morning,3,19.066666666666666,4.333333333333333,2024-10-20,5,2,0.6,Orthopedics,45
3,2024-10-21,Afternoon,10,34.230000000000004,4.0,2024-10-21,5,2,2.0,Orthopedics,45
3,2024-10-21,Morning,3,22.53333333333333,4.0,2024-10-21,5,2,0.6,Orthopedics,45
3,2024-10-22,Afternoon,6,24.900000000000002,4.166666666666667,2024-10-22,5,2,1.2,Orthopedics,45
3,2024-10-22,Morning,2,21.299999999999997,4.0,2024-10-22,5,2,0.4,Orthopedics,45
3,2024-10-22,Night,2,21.549999999999997,4.5,2024-10-22,5,2,0.4,Orthopedics,45
3,2024-10-23,Afternoon,4,24.6,4.0,2024-10-23,4,2,1.0,Orthopedics,45
3,2024-10-23,Morning,3,24.233333333333334,3.6666666666666665,2024-10-23,5,2,0.6,Orthopedics,45
3,2024-10-23,Night,2,28.65,3.5,2024-10-23,2,1,1.0,Orthopedics,45
3,2024-10-24,Afternoon,7,25.957142857142856,3.142857142857143,2024-10-24,6,1,1.1666666666666667,Orthopedics,45
3,2024-10-24,Morning,4,22.125,4.25,2024-10-24,5,3,0.8,Orthopedics,45
3,2024-10-25,Afternoon,7,27.8,3.857142857142857,2024-10-25,5,2,1.4,Orthopedics,45
3,2024-10-25,Morning,6,27.683333333333334,4.166666666666667,2024-10-25,5,2,1.2,Orthopedics,45
3,2024-10-26,Afternoon,3,23.566666666666666,3.6666666666666665,2024-10-26,6,1,0.5,Orthopedics,45
3,2024-10-26,Morning,9,33.87777777777777,3.5555555555555554,2024-10-26,5,1,1.8,Orthopedics,45
3,2024-10-26,Night,1,20.6,4.0,2024-10-26,4,1,0.25,Orthopedics,45
3,2024-10-27,Afternoon,4,23.275,4.0,2024-10-27,5,1,0.8,Orthopedics,45
3,2024-10-27,Morning,5,24.14,4.0,2024-10-27,6,2,0.8333333333333334,Orthopedics,45
3,2024-10-27,Night,1,22.5,4.0,2024-10-27,3,1,0.3333333333333333,Orthopedics,45
3,2024-10-28,Afternoon,5,25.4,4.0,2024-10-28,5,2,1.0,Orthopedics,45
3,2024-10-28,Morning,6,28.28333333333333,4.0,2024-10-28,5,2,1.2,Orthopedics,45
3,2024-10-29,Afternoon,3,24.733333333333334,3.3333333333333335,2024-10-29,4,2,0.75,Orthopedics,45
3,2024-10-29,Morning,6,24.166666666666668,4.0,2024-10-29,5,2,1.2,Orthopedics,45
3,2024-10-30,Afternoon,10,31.79,3.8,2024-10-30,5,1,2.0,Orthopedics,45
3,2024-10-30,Morning,7,26.714285714285715,3.857142857142857,2024-10-30,5,2,1.4,Orthopedics,45
3,2024-10-31,Afternoon,5,24.16,4.0,2024-10-31,5,1,1.0,Orthopedics,45
3,2024-10-31,Morning,4,23.925,3.75,2024-10-31,6,3,0.6666666666666666,Orthopedics,45
3,2024-10-31,Night,1,21.5,4.0,2024-10-31,3,1,0.3333333333333333,Orthopedics,45
3,2024-11-01,Afternoon,3,23.366666666666664,4.333333333333333,2024-11-01,5,2,0.6,Orthopedics,45
3,2024-11-01,Morning,6,28.383333333333336,4.166666666666667,2024-11-01,5,2,1.2,Orthopedics,45
3,2024-11-02,Afternoon,4,24.275,3.5,2024-11-02,5,2,0.8,Orthopedics,45
3,2024-11-02,Morning,1,15.0,5.0,2024-11-02,5,2,0.2,Orthopedics,45
3,2024-11-02,Night,1,17.8,1.0,2024-11-02,3,1,0.3333333333333333,Orthopedics,45
3,2024-11-03,Afternoon,3,29.96666666666667,3.6666666666666665,2024-11-03,5,2,0.6,Orthopedics,45
3,2024-11-03,Morning,2,17.8,4.0,2024-11-03,5,2,0.4,Orthopedics,45
3,2024-11-03,Night,1,15.2,3.0,2024-11-03,3,1,0.3333333333333333,Orthopedics,45
3,2024-11-04,Afternoon,3,21.566666666666663,3.6666666666666665,2024-11-04,5,1,0.6,Orthopedics,45
3,2024-11-04,Morning,5,27.46,4.2,2024-11-04,4,2,1.25,Orthopedics,45
3,2024-11-04,Night,1,13.7,4.0,2024-11-04,4,2,0.25,Orthopedics,45
3,2024-11-05,Afternoon,6,27.083333333333332,3.5,2024-11-05,5,2,1.2,Orthopedics,45
3,2024-11-05,Morning,2,18.0,4.5,2024-11-05,6,2,0.3333333333333333,Orthopedics,45
3,2024-11-05,Night,1,20.9,5.0,2024-11-05,3,1,0.3333333333333333,Orthopedics,45
3,2024-11-06,Afternoon,6,25.333333333333332,3.8333333333333335,2024-11-06,5,2,1.2,Orthopedics,45
3,2024-11-06,Morning,4,21.3,4.0,2024-11-06,6,2,0.6666666666666666,Orthopedics,45
3,2024-11-06,Night,1,21.0,4.0,2024-11-06,4,1,0.25,Orthopedics,45
3,2024-11-07,Afternoon,7,26.24285714285714,3.857142857142857,2024-11-07,5,3,1.4,Orthopedics,45
3,2024-11-07,Morning,4,21.7,3.25,2024-11-07,5,2,0.8,Orthopedics,45
3,2024-11-07,Night,3,25.066666666666666,4.333333333333333,2024-11-07,4,1,0.75,Orthopedics,45
3,2024-11-08,Afternoon,6,27.55,4.333333333333333,2024-11-08,5,2,1.2,Orthopedics,45
3,2024-11-08,Morning,2,18.7,4.0,2024-11-08,7,2,0.2857142857142857,Orthopedics,45
3,2024-11-08,Night,3,25.600000000000005,4.333333333333333,2024-11-08,3,1,1.0,Orthopedics,45
3,2024-11-09,Afternoon,1,13.5,4.0,2024-11-09,6,1,0.16666666666666666,Orthopedics,45
3,2024-11-09,Morning,2,21.65,3.5,2024-11-09,4,2,0.5,Orthopedics,45
3,2024-11-09,Night,3,19.033333333333335,4.0,2024-11-09,4,1,0.75,Orthopedics,45
3,2024-11-10,Afternoon,2,25.6,5.0,2024-11-10,5,2,0.4,Orthopedics,45
3,2024-11-10,Morning,3,21.833333333333332,4.333333333333333,2024-11-10,6,2,0.5,Orthopedics,45
3,2024-11-10,Night,1,17.6,4.0,2024-11-10,3,1,0.3333333333333333,Orthopedics,45
3,2024-11-11,Afternoon,6,26.46666666666667,4.333333333333333,2024-11-11,5,2,1.2,Orthopedics,45
3,2024-11-11,Morning,5,29.46,4.2,2024-11-11,5,2,1.0,Orthopedics,45
3,2024-11-11,Night,2,29.65,4.0,2024-11-11,2,1,1.0,Orthopedics,45
3,2024-11-12,Afternoon,6,26.866666666666664,4.0,2024-11-12,5,2,1.2,Orthopedics,45
3,2024-11-12,Morning,5,21.660000000000004,4.4,2024-11-12,5,2,1.0,Orthopedics,45
3,2024-11-12,Night,2,14.45,5.0,2024-11-12,4,1,0.5,Orthopedics,45
3,2024-11-13,Afternoon,6,25.400000000000002,3.6666666666666665,2024-11-13,6,2,1.0,Orthopedics,45
3,2024-11-13,Morning,5,30.76,4.0,2024-11-13,4,2,1.25,Orthopedics,45
3,2024-11-14,Afternoon,5,27.380000000000003,3.6,2024-11-14,6,3,0.8333333333333334,Orthopedics,45
3,2024-11-14,Morning,4,20.725,4.0,2024-11-14,5,2,0.8,Orthopedics,45
3,2024-11-14,Night,3,31.899999999999995,4.666666666666667,2024-11-14,3,1,1.0,Orthopedics,45
3,2024-11-15,Afternoon,6,26.333333333333332,3.3333333333333335,2024-11-15,5,3,1.2,Orthopedics,45
3,2024-11-15,Morning,3,22.066666666666666,4.666666666666667,2024-11-15,6,2,0.5,Orthopedics,45
3,2024-11-15,Night,2,26.15,5.0,2024-11-15,4,1,0.5,Orthopedics,45
3,2024-11-16,Afternoon,4,24.35,4.0,2024-11-16,5,2,0.8,Orthopedics,45
3,2024-11-16,Morning,5,24.72,3.6,2024-11-16,5,1,1.0,Orthopedics,45
3,2024-11-16,Night,1,18.3,5.0,2024-11-16,3,1,0.3333333333333333,Orthopedics,45
3,2024-11-17,Afternoon,4,24.0,4.25,2024-11-17,5,2,0.8,Orthopedics,45
3,2024-11-17,Morning,2,11.9,4.5,2024-11-17,5,3,0.4,Orthopedics,45
3,2024-11-18,Afternoon,4,22.475,4.0,2024-11-18,4,2,1.0,Orthopedics,45
3,2024-11-18,Morning,6,26.03333333333333,3.8333333333333335,2024-11-18,4,2,1.5,Orthopedics,45
3,2024-11-19,Afternoon,6,24.950000000000003,4.0,2024-11-19,6,2,1.0,Orthopedics,45
3,2024-11-19,Morning,7,28.557142857142857,3.857142857142857,2024-11-19,5,2,1.4,Orthopedics,45
3,2024-11-19,Night,4,31.0,4.25,2024-11-19,3,1,1.3333333333333333,Orthopedics,45
3,2024-11-20,Afternoon,3,22.066666666666666,3.6666666666666665,2024-11-20,5,2,0.6,Orthopedics,45
3,2024-11-20,Morning,8,29.875,4.125,2024-11-20,5,2,1.6,Orthopedics,45
3,2024-11-20,Night,3,26.3,3.6666666666666665,2024-11-20,3,1,1.0,Orthopedics,45
3,2024-11-21,Afternoon,4,25.25,3.75,2024-11-21,5,2,0.8,Orthopedics,45
3,2024-11-21,Morning,4,26.475,4.0,2024-11-21,5,2,0.8,Orthopedics,45
3,2024-11-22,Afternoon,2,20.6,3.5,2024-11-22,6,2,0.3333333333333333,Orthopedics,45
3,2024-11-22,Morning,4,22.9,4.0,2024-11-22,5,2,0.8,Orthopedics,45
3,2024-11-23,Afternoon,4,23.15,4.5,2024-11-23,5,3,0.8,Orthopedics,45
3,2024-11-23,Morning,2,24.0,5.0,2024-11-23,4,2,0.5,Orthopedics,45
3,2024-11-23,Night,2,18.85,4.5,2024-11-23,4,2,0.5,Orthopedics,45
3,2024-11-24,Afternoon,4,22.775,3.25,2024-11-24,5,2,0.8,Orthopedics,45
3,2024-11-24,Morning,4,19.2,3.5,2024-11-24,5,2,0.8,Orthopedics,45
3,2024-11-24,Night,2,19.299999999999997,3.0,2024-11-24,4,1,0.5,Orthopedics,45
3,2024-11-25,Afternoon,7,29.514285714285712,4.0,2024-11-25,7,2,1.0,Orthopedics,45
3,2024-11-25,Morning,4,23.575,4.0,2024-11-25,4,2,1.0,Orthopedics,45
3,2024-11-25,Night,1,14.7,4.0,2024-11-25,4,1,0.25,Orthopedics,45
3,2024-11-26,Afternoon,7,28.914285714285715,3.857142857142857,2024-11-26,5,3,1.4,Orthopedics,45
3,2024-11-26,Morning,5,22.619999999999997,3.8,2024-11-26,5,1,1.0,Orthopedics,45
3,2024-11-26,Night,1,19.7,4.0,2024-11-26,2,1,0.5,Orthopedics,45
3,2024-11-27,Afternoon,3,18.233333333333334,3.6666666666666665,2024-11-27,6,1,0.5,Orthopedics,45
3,2024-11-27,Morning,2,24.549999999999997,4.0,2024-11-27,4,2,0.5,Orthopedics,45
3,2024-11-28,Afternoon,5,20.52,4.4,2024-11-28,6,2,0.8333333333333334,Orthopedics,45
3,2024-11-28,Morning,2,15.35,3.5,2024-11-28,5,3,0.4,Orthopedics,45
3,2024-11-28,Night,1,22.7,5.0,2024-11-28,4,1,0.25,Orthopedics,45
3,2024-11-29,Afternoon,6,28.916666666666668,3.5,2024-11-29,5,2,1.2,Orthopedics,45
3,2024-11-29,Morning,4,24.65,4.25,2024-11-29,5,2,0.8,Orthopedics,45
3,2024-11-29,Night,2,28.8,4.0,2024-11-29,3,1,0.6666666666666666,Orthopedics,45
3,2024-11-30,Afternoon,9,30.922222222222224,4.0,2024-11-30,5,2,1.8,Orthopedics,45
3,2024-11-30,Morning,5,25.619999999999997,3.4,2024-11-30,5,2,1.0,Orthopedics,45
3,2024-11-30,Night,2,21.8,4.0,2024-11-30,3,1,0.6666666666666666,Orthopedics,45
3,2024-12-01,Afternoon,3,21.066666666666666,3.6666666666666665,2024-12-01,6,2,0.5,Orthopedics,45
3,2024-12-01,Morning,2,19.55,4.0,2024-12-01,5,2,0.4,Orthopedics,45
3,2024-12-01,Night,1,31.5,3.0,2024-12-01,3,1,0.3333333333333333,Orthopedics,45
3,2024-12-02,Afternoon,7,28.52857142857143,3.857142857142857,2024-12-02,6,2,1.1666666666666667,Orthopedics,45
3,2024-12-02,Morning,4,23.025,4.0,2024-12-02,5,3,0.8,Orthopedics,45
3,2024-12-02,Night,4,34.625,3.75,2024-12-02,2,1,2.0,Orthopedics,45
3,2024-12-03,Afternoon,5,27.380000000000003,3.8,2024-12-03,5,2,1.0,Orthopedics,45
3,2024-12-03,Morning,5,22.82,3.4,2024-12-03,5,2,1.0,Orthopedics,45
3,2024-12-03,Night,2,25.25,4.5,2024-12-03,3,2,0.6666666666666666,Orthopedics,45
3,2024-12-04,Afternoon,9,31.422222222222224,3.6666666666666665,2024-12-04,5,2,1.8,Orthopedics,45
3,2024-12-04,Morning,2,23.4,4.0,2024-12-04,5,3,0.4,Orthopedics,45
3,2024-12-04,Night,3,19.933333333333334,4.0,2024-12-04,3,1,1.0,Orthopedics,45
3,2024-12-05,Afternoon,4,25.5,3.75,2024-12-05,5,2,0.8,Orthopedics,45
3,2024-12-05,Morning,6,24.78333333333333,4.0,2024-12-05,5,2,1.2,Orthopedics,45
3,2024-12-05,Night,2,16.7,4.0,2024-12-05,3,1,0.6666666666666666,Orthopedics,45
3,2024-12-06,Afternoon,9,30.84444444444445,3.5555555555555554,2024-12-06,6,2,1.5,Orthopedics,45
3,2024-12-06,Morning,3,25.166666666666668,4.333333333333333,2024-12-06,4,2,0.75,Orthopedics,45
3,2024-12-07,Afternoon,2,23.4,4.0,2024-12-07,5,2,0.4,Orthopedics,45
3,2024-12-07,Morning,2,21.75,4.5,2024-12-07,6,2,0.3333333333333333,Orthopedics,45
3,2024-12-08,Afternoon,5,20.880000000000003,4.0,2024-12-08,6,2,0.8333333333333334,Orthopedics,45
3,2024-12-08,Morning,1,19.3,5.0,2024-12-08,5,2,0.2,Orthopedics,45
3,2024-12-08,Night,2,16.15,4.0,2024-12-08,3,2,0.6666666666666666,Orthopedics,45
3,2024-12-09,Afternoon,6,27.866666666666664,3.6666666666666665,2024-12-09,4,3,1.5,Orthopedics,45
3,2024-12-09,Morning,8,31.825,4.0,2024-12-09,4,2,2.0,Orthopedics,45
3,2024-12-09,Night,2,23.6,4.5,2024-12-09,3,1,0.6666666666666666,Orthopedics,45
3,2024-12-10,Afternoon,8,32.85,3.375,2024-12-10,4,2,2.0,Orthopedics,45
3,2024-12-10,Morning,6,25.766666666666666,4.166666666666667,2024-12-10,5,1,1.2,Orthopedics,45
3,2024-12-10,Night,1,9.5,3.0,2024-12-10,4,2,0.25,Orthopedics,45
3,2024-12-11,Afternoon,8,29.7875,4.125,2024-12-11,5,2,1.6,Orthopedics,45
3,2024-12-11,Morning,1,22.3,5.0,2024-12-11,6,2,0.16666666666666666,Orthopedics,45
3,2024-12-11,Night,1,23.3,4.0,2024-12-11,4,1,0.25,Orthopedics,45
3,2024-12-12,Afternoon,3,21.666666666666668,3.3333333333333335,2024-12-12,5,2,0.6,Orthopedics,45
3,2024-12-12,Morning,6,23.983333333333334,4.5,2024-12-12,5,2,1.2,Orthopedics,45
3,2024-12-12,Night,1,16.6,5.0,2024-12-12,3,1,0.3333333333333333,Orthopedics,45
3,2024-12-13,Afternoon,6,25.900000000000002,4.166666666666667,2024-12-13,5,2,1.2,Orthopedics,45
3,2024-12-13,Morning,3,19.599999999999998,4.666666666666667,2024-12-13,6,2,0.5,Orthopedics,45
3,2024-12-13,Night,2,20.75,4.0,2024-12-13,3,1,0.6666666666666666,Orthopedics,45
3,2024-12-14,Afternoon,3,17.133333333333336,4.0,2024-12-14,6,2,0.5,Orthopedics,45
3,2024-12-15,Afternoon,5,25.8,4.2,2024-12-15,5,2,1.0,Orthopedics,45
3,2024-12-15,Morning,6,21.400000000000002,3.5,2024-12-15,7,2,0.8571428571428571,Orthopedics,45
3,2024-12-15,Night,2,22.3,3.5,2024-12-15,3,2,0.6666666666666666,Orthopedics,45
3,2024-12-16,Afternoon,3,24.53333333333333,4.666666666666667,2024-12-16,6,2,0.5,Orthopedics,45
3,2024-12-16,Morning,7,29.185714285714287,4.142857142857143,2024-12-16,4,2,1.75,Orthopedics,45
3,2024-12-16,Night,2,20.25,4.0,2024-12-16,2,2,1.0,Orthopedics,45
3,2024-12-17,Afternoon,3,22.400000000000002,4.0,2024-12-17,5,3,0.6,Orthopedics,45
3,2024-12-17,Morning,4,22.875,4.5,2024-12-17,5,2,0.8,Orthopedics,45
3,2024-12-17,Night,1,19.6,4.0,2024-12-17,4,1,0.25,Orthopedics,45
3,2024-12-18,Afternoon,9,31.65555555555555,4.222222222222222,2024-12-18,5,2,1.8,Orthopedics,45
3,2024-12-18,Morning,6,26.633333333333336,3.3333333333333335,2024-12-18,5,3,1.2,Orthopedics,45
3,2024-12-19,Afternoon,3,23.2,4.666666666666667,2024-12-19,5,1,0.6,Orthopedics,45
3,2024-12-19,Morning,3,23.53333333333333,4.0,2024-12-19,4,2,0.75,Orthopedics,45
3,2024-12-19,Night,1,19.2,4.0,2024-12-19,4,1,0.25,Orthopedics,45
3,2024-12-20,Afternoon,8,26.1,3.375,2024-12-20,5,1,1.6,Orthopedics,45
3,2024-12-20,Morning,2,22.35,4.5,2024-12-20,5,2,0.4,Orthopedics,45
3,2024-12-20,Night,1,27.4,4.0,2024-12-20,3,1,0.3333333333333333,Orthopedics,45
3,2024-12-21,Afternoon,7,28.7,3.7142857142857144,2024-12-21,5,2,1.4,Orthopedics,45
3,2024-12-21,Morning,4,22.75,3.75,2024-12-21,5,3,0.8,Orthopedics,45
3,2024-12-21,Night,2,24.2,4.5,2024-12-21,4,1,0.5,Orthopedics,45
3,2024-12-22,Afternoon,3,21.96666666666667,4.0,2024-12-22,5,2,0.6,Orthopedics,45
3,2024-12-22,Morning,2,14.8,4.0,2024-12-22,4,1,0.5,Orthopedics,45
3,2024-12-22,Night,2,22.0,4.5,2024-12-22,4,1,0.5,Orthopedics,45
3,2024-12-23,Afternoon,5,24.4,3.8,2024-12-23,5,1,1.0,Orthopedics,45
3,2024-12-23,Morning,5,28.02,3.8,2024-12-23,3,2,1.6666666666666667,Orthopedics,45
3,2024-12-23,Night,1,12.6,5.0,2024-12-23,4,1,0.25,Orthopedics,45
3,2024-12-24,Afternoon,7,24.228571428571428,3.5714285714285716,2024-12-24,5,2,1.4,Orthopedics,45
3,2024-12-24,Morning,4,19.575,3.75,2024-12-24,5,1,0.8,Orthopedics,45
3,2024-12-24,Night,1,22.6,5.0,2024-12-24,4,1,0.25,Orthopedics,45
3,2024-12-25,Afternoon,15,43.313333333333325,3.1333333333333333,2024-12-25,4,2,3.75,Orthopedics,45
3,2024-12-25,Morning,2,18.9,5.0,2024-12-25,4,2,0.5,Orthopedics,45
3,2024-12-25,Night,2,20.0,4.0,2024-12-25,5,1,0.4,Orthopedics,45
3,2024-12-26,Afternoon,9,31.733333333333334,3.7777777777777777,2024-12-26,6,2,1.5,Orthopedics,45
3,2024-12-26,Morning,7,30.02857142857143,3.7142857142857144,2024-12-26,4,2,1.75,Orthopedics,45
3,2024-12-26,Night,3,29.899999999999995,4.333333333333333,2024-12-26,3,1,1.0,Orthopedics,45
3,2024-12-27,Afternoon,4,21.425,4.0,2024-12-27,5,2,0.8,Orthopedics,45
3,2024-12-27,Morning,5,24.2,4.0,2024-12-27,5,2,1.0,Orthopedics,45
3,2024-12-27,Night,2,16.65,4.5,2024-12-27,4,1,0.5,Orthopedics,45
3,2024-12-28,Afternoon,7,28.8,4.0,2024-12-28,5,2,1.4,Orthopedics,45
3,2024-12-28,Morning,4,21.1,4.5,2024-12-28,6,2,0.6666666666666666,Orthopedics,45
3,2024-12-28,Night,2,19.450000000000003,4.0,2024-12-28,3,1,0.6666666666666666,Orthopedics,45
3,2024-12-29,Afternoon,5,28.060000000000002,4.4,2024-12-29,5,2,1.0,Orthopedics,45
3,2024-12-29,Morning,5,27.339999999999996,3.8,2024-12-29,5,1,1.0,Orthopedics,45
3,2024-12-29,Night,1,25.6,5.0,2024-12-29,2,1,0.5,Orthopedics,45
3,2024-12-30,Afternoon,4,19.575,4.75,2024-12-30,6,2,0.6666666666666666,Orthopedics,45
3,2024-12-30,Morning,8,27.2875,3.5,2024-12-30,5,2,1.6,Orthopedics,45
3,2024-12-30,Night,2,26.45,4.5,2024-12-30,3,1,0.6666666666666666,Orthopedics,45
3,2024-12-31,Afternoon,6,27.53333333333333,4.166666666666667,2024-12-31,4,1,1.5,Orthopedics,45
3,2024-12-31,Morning,9,29.67777777777778,3.888888888888889,2024-12-31,5,2,1.8,Orthopedics,45
4,2024-01-01,Afternoon,3,25.466666666666665,3.6666666666666665,2024-01-01,5,3,0.6,General Surgery,60
4,2024-01-01,Morning,4,28.675,3.75,2024-01-01,5,3,0.8,General Surgery,60
4,2024-01-02,Afternoon,9,34.74444444444444,3.7777777777777777,2024-01-02,6,4,1.5,General Surgery,60
4,2024-01-02,Morning,10,33.18,3.6,2024-01-02,6,3,1.6666666666666667,General Surgery,60
4,2024-01-02,Night,1,29.5,3.0,2024-01-02,4,2,0.25,General Surgery,60
4,2024-01-03,Afternoon,6,32.233333333333334,4.0,2024-01-03,6,3,1.0,General Surgery,60
4,2024-01-03,Morning,6,33.050000000000004,4.333333333333333,2024-01-03,5,3,1.2,General Surgery,60
4,2024-01-03,Night,1,23.2,4.0,2024-01-03,4,2,0.25,General Surgery,60
4,2024-01-04,Afternoon,6,30.150000000000002,4.166666666666667,2024-01-04,6,3,1.0,General Surgery,60
4,2024-01-04,Morning,7,32.92857142857143,4.0,2024-01-04,6,3,1.1666666666666667,General Surgery,60
4,2024-01-04,Night,1,28.0,4.0,2024-01-04,3,1,0.3333333333333333,General Surgery,60
4,2024-01-05,Afternoon,7,27.285714285714285,3.7142857142857144,2024-01-05,7,3,1.0,General Surgery,60
4,2024-01-05,Morning,7,35.75714285714286,4.428571428571429,2024-01-05,6,4,1.1666666666666667,General Surgery,60
4,2024-01-05,Night,3,31.03333333333333,4.0,2024-01-05,4,2,0.75,General Surgery,60
4,2024-01-06,Afternoon,5,29.660000000000004,4.4,2024-01-06,5,3,1.0,General Surgery,60
4,2024-01-06,Morning,3,25.666666666666668,4.333333333333333,2024-01-06,7,3,0.42857142857142855,General Surgery,60
4,2024-01-06,Night,2,25.85,5.0,2024-01-06,4,2,0.5,General Surgery,60
4,2024-01-07,Afternoon,4,29.525,3.5,2024-01-07,5,3,0.8,General Surgery,60
4,2024-01-07,Morning,6,35.983333333333334,3.6666666666666665,2024-01-07,6,3,1.0,General Surgery,60
4,2024-01-07,Night,1,26.7,4.0,2024-01-07,3,1,0.3333333333333333,General Surgery,60
4,2024-01-08,Afternoon,2,23.8,5.0,2024-01-08,7,3,0.2857142857142857,General Surgery,60
4,2024-01-08,Morning,4,28.7,4.0,2024-01-08,5,2,0.8,General Surgery,60
4,2024-01-08,Night,3,30.3,4.0,2024-01-08,5,2,0.6,General Surgery,60
4,2024-01-09,Afternoon,7,30.97142857142857,3.857142857142857,2024-01-09,7,3,1.0,General Surgery,60
4,2024-01-09,Morning,6,35.050000000000004,4.0,2024-01-09,4,4,1.5,General Surgery,60
4,2024-01-09,Night,1,19.1,4.0,2024-01-09,4,2,0.25,General Surgery,60
4,2024-01-10,Afternoon,5,28.78,4.0,2024-01-10,6,3,0.8333333333333334,General Surgery,60
4,2024-01-10,Morning,6,31.433333333333337,3.6666666666666665,2024-01-10,7,3,0.8571428571428571,General Surgery,60
4,2024-01-10,Night,3,30.8,4.0,2024-01-10,5,2,0.6,General Surgery,60
4,2024-01-11,Afternoon,5,30.440000000000005,4.0,2024-01-11,6,3,0.8333333333333334,General Surgery,60
4,2024-01-11,Morning,9,34.26666666666667,4.111111111111111,2024-01-11,6,2,1.5,General Surgery,60
4,2024-01-11,Night,2,35.45,4.0,2024-01-11,4,1,0.5,General Surgery,60
4,2024-01-12,Afternoon,5,24.560000000000002,4.0,2024-01-12,7,3,0.7142857142857143,General Surgery,60
4,2024-01-12,Morning,6,28.150000000000002,4.5,2024-01-12,7,3,0.8571428571428571,General Surgery,60
4,2024-01-12,Night,1,32.4,5.0,2024-01-12,4,2,0.25,General Surgery,60
4,2024-01-13,Afternoon,4,24.725,4.5,2024-01-13,7,3,0.5714285714285714,General Surgery,60
4,2024-01-13,Morning,3,27.8,4.0,2024-01-13,7,2,0.42857142857142855,General Surgery,60
4,2024-01-14,Afternoon,5,32.14,3.6,2024-01-14,5,3,1.0,General Surgery,60
4,2024-01-14,Night,2,29.799999999999997,3.5,2024-01-14,4,2,0.5,General Surgery,60
4,2024-01-15,Afternoon,5,32.32,3.6,2024-01-15,6,3,0.8333333333333334,General Surgery,60
4,2024-01-15,Morning,10,42.65,4.0,2024-01-15,4,3,2.5,General Surgery,60
4,2024-01-16,Afternoon,5,32.6,3.6,2024-01-16,6,3,0.8333333333333334,General Surgery,60
4,2024-01-16,Morning,13,36.04615384615385,3.769230769230769,2024-01-16,7,3,1.8571428571428572,General Surgery,60
4,2024-01-16,Night,1,29.1,4.0,2024-01-16,4,2,0.25,General Surgery,60
4,2024-01-17,Afternoon,2,30.6,4.5,2024-01-17,6,3,0.3333333333333333,General Surgery,60
4,2024-01-17,Morning,11,35.981818181818184,3.8181818181818183,2024-01-17,6,2,1.8333333333333333,General Surgery,60
4,2024-01-17,Night,1,19.9,4.0,2024-01-17,4,3,0.25,General Surgery,60
4,2024-01-18,Afternoon,7,32.51428571428571,4.0,2024-01-18,5,3,1.4,General Surgery,60
4,2024-01-18,Morning,4,29.200000000000003,4.0,2024-01-18,5,3,0.8,General Surgery,60
4,2024-01-18,Night,1,31.2,4.0,2024-01-18,5,2,0.2,General Surgery,60
4,2024-01-19,Afternoon,5,32.519999999999996,4.2,2024-01-19,5,3,1.0,General Surgery,60
4,2024-01-19,Morning,7,28.714285714285715,3.857142857142857,2024-01-19,6,2,1.1666666666666667,General Surgery,60
4,2024-01-19,Night,3,28.433333333333334,3.6666666666666665,2024-01-19,4,2,0.75,General Surgery,60
4,2024-01-20,Afternoon,5,32.980000000000004,4.4,2024-01-20,6,3,0.8333333333333334,General Surgery,60
4,2024-01-20,Morning,6,31.96666666666667,4.166666666666667,2024-01-20,6,3,1.0,General Surgery,60
4,2024-01-20,Night,1,29.0,5.0,2024-01-20,4,2,0.25,General Surgery,60
4,2024-01-21,Afternoon,7,30.214285714285715,3.5714285714285716,2024-01-21,7,3,1.0,General Surgery,60
4,2024-01-21,Morning,2,22.15,4.5,2024-01-21,5,3,0.4,General Surgery,60
4,2024-01-22,Afternoon,9,34.266666666666666,4.0,2024-01-22,5,2,1.8,General Surgery,60
4,2024-01-22,Morning,7,33.614285714285714,4.0,2024-01-22,5,3,1.4,General Surgery,60
4,2024-01-22,Night,3,28.46666666666667,3.6666666666666665,2024-01-22,5,2,0.6,General Surgery,60
4,2024-01-23,Afternoon,7,31.142857142857142,3.5714285714285716,2024-01-23,6,3,1.1666666666666667,General Surgery,60
4,2024-01-23,Morning,2,27.4,5.0,2024-01-23,5,3,0.4,General Surgery,60
4,2024-01-23,Night,2,25.75,4.0,2024-01-23,5,2,0.4,General Surgery,60
4,2024-01-24,Afternoon,5,28.639999999999997,4.2,2024-01-24,6,3,0.8333333333333334,General Surgery,60
4,2024-01-24,Morning,7,34.34285714285714,3.7142857142857144,2024-01-24,5,2,1.4,General Surgery,60
4,2024-01-24,Night,2,28.25,4.5,2024-01-24,4,2,0.5,General Surgery,60
4,2024-01-25,Afternoon,5,32.68,4.4,2024-01-25,5,3,1.0,General Surgery,60
4,2024-01-25,Morning,7,30.114285714285717,4.285714285714286,2024-01-25,8,3,0.875,General Surgery,60
4,2024-01-25,Night,3,29.7,3.3333333333333335,2024-01-25,4,1,0.75,General Surgery,60
4,2024-01-26,Afternoon,10,34.12,4.4,2024-01-26,7,3,1.4285714285714286,General Surgery,60
4,2024-01-26,Morning,5,28.22,4.2,2024-01-26,5,3,1.0,General Surgery,60
4,2024-01-27,Afternoon,6,26.583333333333332,4.333333333333333,2024-01-27,7,3,0.8571428571428571,General Surgery,60
4,2024-01-27,Morning,1,39.0,4.0,2024-01-27,7,3,0.14285714285714285,General Surgery,60
4,2024-01-28,Afternoon,5,26.74,3.8,2024-01-28,7,4,0.7142857142857143,General Surgery,60
4,2024-01-28,Morning,6,33.75,4.0,2024-01-28,5,3,1.2,General Surgery,60
4,2024-01-28,Night,2,26.85,4.0,2024-01-28,4,2,0.5,General Surgery,60
4,2024-01-29,Afternoon,9,35.63333333333333,4.222222222222222,2024-01-29,6,3,1.5,General Surgery,60
4,2024-01-29,Morning,4,27.475,4.5,2024-01-29,4,3,1.0,General Surgery,60
4,2024-01-30,Afternoon,4,27.175,4.0,2024-01-30,6,4,0.6666666666666666,General Surgery,60
4,2024-01-30,Morning,2,21.85,4.5,2024-01-30,6,3,0.3333333333333333,General Surgery,60
4,2024-01-30,Night,3,29.266666666666666,4.0,2024-01-30,4,2,0.75,General Surgery,60
4,2024-01-31,Afternoon,7,32.98571428571428,3.7142857142857144,2024-01-31,7,4,1.0,General Surgery,60
4,2024-01-31,Morning,2,25.15,4.5,2024-01-31,6,3,0.3333333333333333,General Surgery,60
4,2024-01-31,Night,2,29.150000000000002,4.0,2024-01-31,4,2,0.5,General Surgery,60
4,2024-02-01,Afternoon,7,34.042857142857144,4.0,2024-02-01,6,3,1.1666666666666667,General Surgery,60
4,2024-02-01,Morning,7,31.614285714285717,3.857142857142857,2024-02-01,6,3,1.1666666666666667,General Surgery,60
4,2024-02-01,Night,2,28.15,3.5,2024-02-01,4,2,0.5,General Surgery,60
4,2024-02-02,Afternoon,12,36.949999999999996,3.5,2024-02-02,6,3,2.0,General Surgery,60
4,2024-02-02,Morning,2,27.75,4.0,2024-02-02,6,3,0.3333333333333333,General Surgery,60
4,2024-02-02,Night,1,21.8,5.0,2024-02-02,4,2,0.25,General Surgery,60
4,2024-02-03,Afternoon,5,29.880000000000003,4.0,2024-02-03,7,3,0.7142857142857143,General Surgery,60
4,2024-02-03,Morning,3,23.46666666666667,4.333333333333333,2024-02-03,5,3,0.6,General Surgery,60
4,2024-02-04,Afternoon,5,30.2,4.0,2024-02-04,8,3,0.625,General Surgery,60
4,2024-02-04,Morning,2,22.05,4.5,2024-02-04,6,3,0.3333333333333333,General Surgery,60
4,2024-02-04,Night,2,30.450000000000003,2.5,2024-02-04,4,2,0.5,General Surgery,60
4,2024-02-05,Afternoon,9,36.8,4.222222222222222,2024-02-05,5,3,1.8,General Surgery,60
4,2024-02-05,Morning,5,31.18,4.4,2024-02-05,5,3,1.0,General Surgery,60
4,2024-02-05,Night,1,26.5,3.0,2024-02-05,2,3,0.5,General Surgery,60
4,2024-02-06,Afternoon,8,31.875,3.75,2024-02-06,6,3,1.3333333333333333,General Surgery,60
4,2024-02-06,Morning,2,25.4,3.5,2024-02-06,6,4,0.3333333333333333,General Surgery,60
4,2024-02-06,Night,1,28.3,4.0,2024-02-06,4,2,0.25,General Surgery,60
4,2024-02-07,Afternoon,6,28.916666666666668,3.6666666666666665,2024-02-07,6,3,1.0,General Surgery,60
4,2024-02-07,Morning,3,29.866666666666664,3.6666666666666665,2024-02-07,6,3,0.5,General Surgery,60
4,2024-02-07,Night,1,21.7,5.0,2024-02-07,4,1,0.25,General Surgery,60
4,2024-02-08,Afternoon,3,31.266666666666666,4.666666666666667,2024-02-08,5,2,0.6,General Surgery,60
4,2024-02-08,Morning,6,30.38333333333333,3.8333333333333335,2024-02-08,6,3,1.0,General Surgery,60
4,2024-02-08,Night,2,19.25,5.0,2024-02-08,5,2,0.4,General Surgery,60
4,2024-02-09,Afternoon,7,32.77142857142857,3.5714285714285716,2024-02-09,6,3,1.1666666666666667,General Surgery,60
4,2024-02-09,Morning,2,22.8,4.0,2024-02-09,7,3,0.2857142857142857,General Surgery,60
4,2024-02-10,Afternoon,5,31.1,4.2,2024-02-10,5,3,1.0,General Surgery,60
4,2024-02-10,Morning,1,24.7,4.0,2024-02-10,6,3,0.16666666666666666,General Surgery,60
4,2024-02-10,Night,1,18.1,5.0,2024-02-10,3,2,0.3333333333333333,General Surgery,60
4,2024-02-11,Afternoon,8,34.6625,4.125,2024-02-11,7,3,1.1428571428571428,General Surgery,60
4,2024-02-11,Morning,5,28.619999999999997,3.8,2024-02-11,6,4,0.8333333333333334,General Surgery,60
4,2024-02-11,Night,2,24.049999999999997,4.0,2024-02-11,5,2,0.4,General Surgery,60
4,2024-02-12,Afternoon,9,36.67777777777778,4.111111111111111,2024-02-12,5,3,1.8,General Surgery,60
4,2024-02-12,Morning,5,33.94,4.2,2024-02-12,4,3,1.25,General Surgery,60
4,2024-02-12,Night,1,24.8,5.0,2024-02-12,4,2,0.25,General Surgery,60
4,2024-02-13,Afternoon,4,26.65,4.0,2024-02-13,6,3,0.6666666666666666,General Surgery,60
4,2024-02-13,Morning,5,32.36,4.0,2024-02-13,6,3,0.8333333333333334,General Surgery,60
4,2024-02-13,Night,3,26.833333333333332,4.333333333333333,2024-02-13,5,3,0.6,General Surgery,60
4,2024-02-14,Afternoon,5,28.52,3.6,2024-02-14,5,3,1.0,General Surgery,60
4,2024-02-14,Morning,8,37.9125,3.875,2024-02-14,4,3,2.0,General Surgery,60
4,2024-02-14,Night,2,35.05,4.0,2024-02-14,5,2,0.4,General Surgery,60
4,2024-02-15,Afternoon,4,26.375,3.75,2024-02-15,6,3,0.6666666666666666,General Surgery,60
4,2024-02-15,Morning,6,31.883333333333336,4.0,2024-02-15,6,3,1.0,General Surgery,60
4,2024-02-15,Night,2,26.700000000000003,3.5,2024-02-15,4,2,0.5,General Surgery,60
4,2024-02-16,Afternoon,8,31.7,3.75,2024-02-16,6,3,1.3333333333333333,General Surgery,60
4,2024-02-16,Morning,3,26.0,4.666666666666667,2024-02-16,6,3,0.5,General Surgery,60
4,2024-02-16,Night,3,33.300000000000004,4.0,2024-02-16,3,2,1.0,General Surgery,60
4,2024-02-17,Afternoon,6,33.949999999999996,3.6666666666666665,2024-02-17,5,3,1.2,General Surgery,60
4,2024-02-17,Morning,4,27.825000000000003,4.0,2024-02-17,7,3,0.5714285714285714,General Surgery,60
4,2024-02-17,Night,1,25.6,4.0,2024-02-17,4,2,0.25,General Surgery,60
4,2024-02-18,Afternoon,2,22.799999999999997,4.5,2024-02-18,6,3,0.3333333333333333,General Surgery,60
4,2024-02-18,Morning,5,28.24,3.8,2024-02-18,6,3,0.8333333333333334,General Surgery,60
4,2024-02-19,Afternoon,6,29.400000000000002,3.6666666666666665,2024-02-19,7,3,0.8571428571428571,General Surgery,60
4,2024-02-19,Morning,4,29.6,4.0,2024-02-19,6,3,0.6666666666666666,General Surgery,60
4,2024-02-19,Night,2,31.299999999999997,4.5,2024-02-19,4,2,0.5,General Surgery,60
4,2024-02-20,Afternoon,4,29.174999999999997,4.0,2024-02-20,6,3,0.6666666666666666,General Surgery,60
4,2024-02-20,Morning,7,32.25714285714286,3.857142857142857,2024-02-20,6,3,1.1666666666666667,General Surgery,60
4,2024-02-20,Night,1,31.8,4.0,2024-02-20,4,1,0.25,General Surgery,60
4,2024-02-21,Afternoon,5,34.8,3.8,2024-02-21,6,3,0.8333333333333334,General Surgery,60
4,2024-02-21,Morning,6,32.449999999999996,4.0,2024-02-21,6,4,1.0,General Surgery,60
4,2024-02-21,Night,3,27.099999999999998,3.0,2024-02-21,4,3,0.75,General Surgery,60
4,2024-02-22,Afternoon,4,28.95,3.5,2024-02-22,6,3,0.6666666666666666,General Surgery,60
4,2024-02-22,Morning,6,25.683333333333334,3.8333333333333335,2024-02-22,6,2,1.0,General Surgery,60
4,2024-02-23,Afternoon,6,29.866666666666664,3.0,2024-02-23,5,3,1.2,General Surgery,60
4,2024-02-23,Morning,3,27.8,4.333333333333333,2024-02-23,7,2,0.42857142857142855,General Surgery,60
4,2024-02-24,Afternoon,8,33.8625,4.125,2024-02-24,6,2,1.3333333333333333,General Surgery,60
4,2024-02-24,Morning,2,22.1,4.0,2024-02-24,7,3,0.2857142857142857,General Surgery,60
4,2024-02-24,Night,1,28.1,4.0,2024-02-24,5,2,0.2,General Surgery,60
4,2024-02-25,Afternoon,9,34.67777777777778,3.3333333333333335,2024-02-25,5,3,1.8,General Surgery,60
4,2024-02-25,Morning,5,25.880000000000003,4.0,2024-02-25,6,3,0.8333333333333334,General Surgery,60
4,2024-02-26,Afternoon,9,34.53333333333333,3.5555555555555554,2024-02-26,6,3,1.5,General Surgery,60
4,2024-02-26,Morning,10,41.14,3.4,2024-02-26,4,3,2.5,General Surgery,60
4,2024-02-27,Afternoon,6,26.183333333333334,3.8333333333333335,2024-02-27,6,3,1.0,General Surgery,60
4,2024-02-27,Morning,4,30.8,3.75,2024-02-27,6,3,0.6666666666666666,General Surgery,60
4,2024-02-28,Afternoon,11,36.40909090909091,3.6363636363636362,2024-02-28,6,3,1.8333333333333333,General Surgery,60
4,2024-02-28,Morning,1,28.2,4.0,2024-02-28,6,3,0.16666666666666666,General Surgery,60
4,2024-02-29,Afternoon,9,36.52222222222222,3.2222222222222223,2024-02-29,5,3,1.8,General Surgery,60
4,2024-02-29,Morning,8,31.275,4.0,2024-02-29,7,3,1.1428571428571428,General Surgery,60
4,2024-02-29,Night,2,27.3,4.0,2024-02-29,5,2,0.4,General Surgery,60
4,2024-03-01,Afternoon,4,33.3,4.0,2024-03-01,5,3,0.8,General Surgery,60
4,2024-03-01,Morning,4,31.175,3.5,2024-03-01,5,3,0.8,General Surgery,60
4,2024-03-02,Afternoon,3,30.366666666666664,4.333333333333333,2024-03-02,5,3,0.6,General Surgery,60
4,2024-03-02,Morning,3,31.900000000000002,4.0,2024-03-02,6,3,0.5,General Surgery,60
4,2024-03-02,Night,2,35.150000000000006,4.0,2024-03-02,4,1,0.5,General Surgery,60
4,2024-03-03,Afternoon,2,17.55,3.5,2024-03-03,6,3,0.3333333333333333,General Surgery,60
4,2024-03-03,Morning,5,30.2,4.2,2024-03-03,7,4,0.7142857142857143,General Surgery,60
4,2024-03-03,Night,1,25.7,4.0,2024-03-03,4,2,0.25,General Surgery,60
4,2024-03-04,Afternoon,7,30.514285714285712,3.4285714285714284,2024-03-04,6,3,1.1666666666666667,General Surgery,60
4,2024-03-04,Morning,7,30.557142857142857,3.857142857142857,2024-03-04,6,3,1.1666666666666667,General Surgery,60
4,2024-03-04,Night,1,28.5,4.0,2024-03-04,4,2,0.25,General Surgery,60
4,2024-03-05,Afternoon,10,33.62,3.7,2024-03-05,6,3,1.6666666666666667,General Surgery,60
4,2024-03-05,Morning,2,30.2,4.0,2024-03-05,7,4,0.2857142857142857,General Surgery,60
4,2024-03-06,Afternoon,5,32.4,4.0,2024-03-06,6,3,0.8333333333333334,General Surgery,60
4,2024-03-06,Morning,10,36.69,3.9,2024-03-06,6,3,1.6666666666666667,General Surgery,60
4,2024-03-07,Afternoon,8,30.325,4.125,2024-03-07,7,3,1.1428571428571428,General Surgery,60
4,2024-03-07,Morning,10,35.989999999999995,3.6,2024-03-07,5,4,2.0,General Surgery,60
4,2024-03-07,Night,2,18.65,3.5,2024-03-07,4,1,0.5,General Surgery,60
4,2024-03-08,Afternoon,6,30.8,3.8333333333333335,2024-03-08,7,3,0.8571428571428571,General Surgery,60
4,2024-03-08,Morning,3,32.166666666666664,3.6666666666666665,2024-03-08,7,3,0.42857142857142855,General Surgery,60
4,2024-03-08,Night,2,29.25,3.5,2024-03-08,4,1,0.5,General Surgery,60
4,2024-03-09,Afternoon,3,27.5,3.6666666666666665,2024-03-09,6,4,0.5,General Surgery,60
4,2024-03-09,Morning,6,32.88333333333333,4.333333333333333,2024-03-09,7,3,0.8571428571428571,General Surgery,60
4,2024-03-10,Afternoon,4,30.474999999999998,4.75,2024-03-10,6,3,0.6666666666666666,General Surgery,60
4,2024-03-10,Morning,7,33.42857142857143,3.5714285714285716,2024-03-10,6,3,1.1666666666666667,General Surgery,60
4,2024-03-10,Night,3,28.700000000000003,4.333333333333333,2024-03-10,5,2,0.6,General Surgery,60
4,2024-03-11,Afternoon,2,25.05,3.0,2024-03-11,5,3,0.4,General Surgery,60
4,2024-03-11,Morning,4,28.65,3.75,2024-03-11,5,3,0.8,General Surgery,60
4,2024-03-11,Night,2,28.8,3.5,2024-03-11,3,2,0.6666666666666666,General Surgery,60
4,2024-03-12,Afternoon,8,36.2875,4.0,2024-03-12,6,3,1.3333333333333333,General Surgery,60
4,2024-03-12,Morning,2,21.450000000000003,3.0,2024-03-12,7,3,0.2857142857142857,General Surgery,60
4,2024-03-12,Night,1,32.6,3.0,2024-03-12,3,2,0.3333333333333333,General Surgery,60
4,2024-03-13,Afternoon,8,32.6125,3.875,2024-03-13,5,3,1.6,General Surgery,60
4,2024-03-13,Morning,2,24.0,4.5,2024-03-13,7,3,0.2857142857142857,General Surgery,60
4,2024-03-13,Night,1,29.4,4.0,2024-03-13,3,2,0.3333333333333333,General Surgery,60
4,2024-03-14,Afternoon,3,30.266666666666666,3.6666666666666665,2024-03-14,6,3,0.5,General Surgery,60
4,2024-03-14,Morning,5,30.339999999999996,4.0,2024-03-14,6,3,0.8333333333333334,General Surgery,60
4,2024-03-14,Night,1,33.6,4.0,2024-03-14,3,2,0.3333333333333333,General Surgery,60
4,2024-03-15,Afternoon,6,31.383333333333336,3.8333333333333335,2024-03-15,6,3,1.0,General Surgery,60
4,2024-03-15,Morning,5,31.24,4.2,2024-03-15,5,2,1.0,General Surgery,60
4,2024-03-16,Afternoon,3,24.866666666666664,4.333333333333333,2024-03-16,6,3,0.5,General Surgery,60
4,2024-03-16,Morning,2,25.150000000000002,4.5,2024-03-16,6,3,0.3333333333333333,General Surgery,60
4,2024-03-16,Night,2,23.65,4.5,2024-03-16,5,1,0.4,General Surgery,60
4,2024-03-17,Afternoon,4,29.4,4.0,2024-03-17,7,3,0.5714285714285714,General Surgery,60
4,2024-03-17,Morning,4,30.2,3.25,2024-03-17,6,4,0.6666666666666666,General Surgery,60
4,2024-03-17,Night,1,24.2,5.0,2024-03-17,4,2,0.25,General Surgery,60
4,2024-03-18,Afternoon,9,34.28888888888889,3.888888888888889,2024-03-18,6,3,1.5,General Surgery,60
4,2024-03-18,Morning,5,28.119999999999997,4.6,2024-03-18,5,4,1.0,General Surgery,60
4,2024-03-19,Afternoon,7,34.457142857142856,3.857142857142857,2024-03-19,5,3,1.4,General Surgery,60
4,2024-03-19,Morning,2,27.15,4.5,2024-03-19,7,3,0.2857142857142857,General Surgery,60
4,2024-03-19,Night,1,17.7,5.0,2024-03-19,3,2,0.3333333333333333,General Surgery,60
4,2024-03-20,Afternoon,3,29.066666666666666,4.333333333333333,2024-03-20,6,3,0.5,General Surgery,60
4,2024-03-20,Morning,1,27.3,4.0,2024-03-20,6,3,0.16666666666666666,General Surgery,60
4,2024-03-21,Afternoon,7,32.08571428571428,4.0,2024-03-21,7,3,1.0,General Surgery,60
4,2024-03-21,Morning,7,32.72857142857143,4.0,2024-03-21,6,3,1.1666666666666667,General Surgery,60
4,2024-03-22,Afternoon,8,33.95,3.75,2024-03-22,6,3,1.3333333333333333,General Surgery,60
4,2024-03-22,Morning,7,34.75714285714286,4.0,2024-03-22,5,4,1.4,General Surgery,60
4,2024-03-22,Night,1,27.7,4.0,2024-03-22,3,2,0.3333333333333333,General Surgery,60
4,2024-03-23,Afternoon,6,29.416666666666668,4.5,2024-03-23,7,2,0.8571428571428571,General Surgery,60
4,2024-03-23,Morning,2,32.2,4.0,2024-03-23,6,3,0.3333333333333333,General Surgery,60
4,2024-03-24,Afternoon,8,34.5625,3.75,2024-03-24,6,4,1.3333333333333333,General Surgery,60
4,2024-03-24,Morning,5,26.78,4.2,2024-03-24,7,3,0.7142857142857143,General Surgery,60
4,2024-03-24,Night,2,31.4,4.0,2024-03-24,4,1,0.5,General Surgery,60
4,2024-03-25,Afternoon,3,29.866666666666664,4.333333333333333,2024-03-25,7,3,0.42857142857142855,General Surgery,60
4,2024-03-25,Morning,1,25.6,3.0,2024-03-25,6,4,0.16666666666666666,General Surgery,60
4,2024-03-25,Night,4,26.225,4.0,2024-03-25,4,2,1.0,General Surgery,60
4,2024-03-26,Afternoon,3,29.900000000000002,4.0,2024-03-26,5,3,0.6,General Surgery,60
4,2024-03-26,Morning,9,38.233333333333334,3.4444444444444446,2024-03-26,6,3,1.5,General Surgery,60
4,2024-03-26,Night,2,23.4,4.0,2024-03-26,4,2,0.5,General Surgery,60
4,2024-03-27,Afternoon,10,34.480000000000004,4.2,2024-03-27,6,3,1.6666666666666667,General Surgery,60
4,2024-03-27,Morning,4,27.4,4.0,2024-03-27,6,4,0.6666666666666666,General Surgery,60
4,2024-03-28,Afternoon,5,27.619999999999997,4.6,2024-03-28,7,3,0.7142857142857143,General Surgery,60
4,2024-03-28,Morning,8,31.875,4.0,2024-03-28,6,3,1.3333333333333333,General Surgery,60
4,2024-03-29,Afternoon,4,32.4,4.0,2024-03-29,6,3,0.6666666666666666,General Surgery,60
4,2024-03-29,Morning,8,35.675,3.625,2024-03-29,6,2,1.3333333333333333,General Surgery,60
4,2024-03-29,Night,5,30.46,4.0,2024-03-29,4,3,1.25,General Surgery,60
4,2024-03-30,Afternoon,1,23.3,5.0,2024-03-30,5,3,0.2,General Surgery,60
4,2024-03-30,Morning,5,29.339999999999996,4.0,2024-03-30,7,3,0.7142857142857143,General Surgery,60
4,2024-03-30,Night,2,32.1,3.5,2024-03-30,4,2,0.5,General Surgery,60
4,2024-03-31,Afternoon,5,26.82,4.2,2024-03-31,7,3,0.7142857142857143,General Surgery,60
4,2024-03-31,Morning,5,27.619999999999997,4.0,2024-03-31,7,4,0.7142857142857143,General Surgery,60
4,2024-04-01,Afternoon,4,32.025,4.25,2024-04-01,7,3,0.5714285714285714,General Surgery,60
4,2024-04-01,Morning,5,28.419999999999998,4.2,2024-04-01,5,3,1.0,General Surgery,60
4,2024-04-01,Night,1,21.4,4.0,2024-04-01,3,2,0.3333333333333333,General Surgery,60
4,2024-04-02,Afternoon,5,30.22,3.6,2024-04-02,6,3,0.8333333333333334,General Surgery,60
4,2024-04-02,Morning,2,33.0,4.0,2024-04-02,6,3,0.3333333333333333,General Surgery,60
4,2024-04-02,Night,2,20.65,4.0,2024-04-02,4,2,0.5,General Surgery,60
4,2024-04-03,Afternoon,8,35.475,3.875,2024-04-03,6,3,1.3333333333333333,General Surgery,60
4,2024-04-03,Morning,5,33.28,3.8,2024-04-03,6,3,0.8333333333333334,General Surgery,60
4,2024-04-03,Night,2,25.0,3.5,2024-04-03,4,2,0.5,General Surgery,60
4,2024-04-04,Afternoon,9,38.400000000000006,3.7777777777777777,2024-04-04,4,3,2.25,General Surgery,60
4,2024-04-04,Morning,5,31.5,4.6,2024-04-04,5,3,1.0,General Surgery,60
4,2024-04-04,Night,2,29.799999999999997,4.5,2024-04-04,5,1,0.4,General Surgery,60
4,2024-04-05,Afternoon,3,24.133333333333336,4.0,2024-04-05,6,3,0.5,General Surgery,60
4,2024-04-05,Morning,4,31.325,4.0,2024-04-05,5,2,0.8,General Surgery,60
4,2024-04-06,Afternoon,2,28.7,3.5,2024-04-06,7,3,0.2857142857142857,General Surgery,60
4,2024-04-06,Morning,4,36.025,4.25,2024-04-06,6,2,0.6666666666666666,General Surgery,60
4,2024-04-07,Afternoon,4,25.65,4.0,2024-04-07,6,3,0.6666666666666666,General Surgery,60
4,2024-04-07,Morning,4,28.55,4.0,2024-04-07,6,3,0.6666666666666666,General Surgery,60
4,2024-04-08,Afternoon,5,28.54,4.2,2024-04-08,7,3,0.7142857142857143,General Surgery,60
4,2024-04-08,Morning,6,30.150000000000002,3.6666666666666665,2024-04-08,5,3,1.2,General Surgery,60
4,2024-04-08,Night,4,29.975,3.25,2024-04-08,4,2,1.0,General Surgery,60
4,2024-04-09,Afternoon,6,28.266666666666666,3.8333333333333335,2024-04-09,6,2,1.0,General Surgery,60
4,2024-04-09,Morning,4,27.95,3.75,2024-04-09,6,3,0.6666666666666666,General Surgery,60
4,2024-04-09,Night,2,29.4,3.5,2024-04-09,4,1,0.5,General Surgery,60
4,2024-04-10,Afternoon,6,33.9,3.8333333333333335,2024-04-10,4,3,1.5,General Surgery,60
4,2024-04-10,Morning,3,26.96666666666667,3.6666666666666665,2024-04-10,7,2,0.42857142857142855,General Surgery,60
4,2024-04-10,Night,2,28.3,4.0,2024-04-10,4,2,0.5,General Surgery,60
4,2024-04-11,Afternoon,6,26.666666666666668,4.166666666666667,2024-04-11,7,3,0.8571428571428571,General Surgery,60
4,2024-04-11,Morning,6,31.7,3.5,2024-04-11,5,3,1.2,General Surgery,60
4,2024-04-12,Afternoon,4,24.275,4.25,2024-04-12,6,3,0.6666666666666666,General Surgery,60
4,2024-04-12,Morning,5,31.82,4.0,2024-04-12,6,3,0.8333333333333334,General Surgery,60
4,2024-04-12,Night,2,29.25,5.0,2024-04-12,4,2,0.5,General Surgery,60
4,2024-04-13,Afternoon,3,29.833333333333332,4.333333333333333,2024-04-13,6,4,0.5,General Surgery,60
4,2024-04-13,Morning,4,34.775,4.5,2024-04-13,6,3,0.6666666666666666,General Surgery,60
4,2024-04-14,Afternoon,6,32.21666666666667,4.333333333333333,2024-04-14,7,3,0.8571428571428571,General Surgery,60
4,2024-04-14,Morning,5,28.439999999999998,4.0,2024-04-14,7,3,0.7142857142857143,General Surgery,60
4,2024-04-14,Night,1,25.2,5.0,2024-04-14,4,2,0.25,General Surgery,60
4,2024-04-15,Afternoon,9,36.53333333333333,3.3333333333333335,2024-04-15,6,3,1.5,General Surgery,60
4,2024-04-15,Morning,8,36.325,3.875,2024-04-15,5,4,1.6,General Surgery,60
4,2024-04-15,Night,2,30.0,4.0,2024-04-15,4,1,0.5,General Surgery,60
4,2024-04-16,Afternoon,4,23.875,3.75,2024-04-16,6,3,0.6666666666666666,General Surgery,60
4,2024-04-16,Morning,4,32.1,4.0,2024-04-16,6,3,0.6666666666666666,General Surgery,60
4,2024-04-16,Night,1,30.0,2.0,2024-04-16,5,1,0.2,General Surgery,60
4,2024-04-17,Afternoon,8,34.275,4.125,2024-04-17,6,4,1.3333333333333333,General Surgery,60
4,2024-04-17,Morning,6,28.916666666666668,3.8333333333333335,2024-04-17,5,2,1.2,General Surgery,60
4,2024-04-17,Night,1,27.1,4.0,2024-04-17,5,2,0.2,General Surgery,60
4,2024-04-18,Afternoon,8,31.9625,3.5,2024-04-18,6,3,1.3333333333333333,General Surgery,60
4,2024-04-18,Morning,4,29.1,4.0,2024-04-18,5,3,0.8,General Surgery,60
4,2024-04-18,Night,2,30.8,3.5,2024-04-18,4,2,0.5,General Surgery,60
4,2024-04-19,Afternoon,7,31.157142857142862,3.857142857142857,2024-04-19,6,2,1.1666666666666667,General Surgery,60
4,2024-04-19,Morning,7,32.01428571428571,3.857142857142857,2024-04-19,7,4,1.0,General Surgery,60
4,2024-04-19,Night,5,34.980000000000004,3.8,2024-04-19,3,2,1.6666666666666667,General Surgery,60
4,2024-04-20,Afternoon,3,24.866666666666664,4.0,2024-04-20,6,3,0.5,General Surgery,60
4,2024-04-20,Morning,4,27.25,3.5,2024-04-20,6,3,0.6666666666666666,General Surgery,60
4,2024-04-20,Night,3,29.7,4.0,2024-04-20,4,1,0.75,General Surgery,60
4,2024-04-21,Afternoon,5,33.04,3.4,2024-04-21,6,3,0.8333333333333334,General Surgery,60
4,2024-04-21,Morning,8,31.1,3.25,2024-04-21,7,3,1.1428571428571428,General Surgery,60
4,2024-04-21,Night,3,32.5,4.0,2024-04-21,3,2,1.0,General Surgery,60
4,2024-04-22,Afternoon,5,29.18,3.6,2024-04-22,7,3,0.7142857142857143,General Surgery,60
4,2024-04-22,Morning,3,31.0,4.0,2024-04-22,5,3,0.6,General Surgery,60
4,2024-04-23,Afternoon,6,29.416666666666668,4.0,2024-04-23,6,3,1.0,General Surgery,60
4,2024-04-23,Morning,2,25.049999999999997,4.0,2024-04-23,6,3,0.3333333333333333,General Surgery,60
4,2024-04-23,Night,2,30.2,4.5,2024-04-23,3,2,0.6666666666666666,General Surgery,60
4,2024-04-24,Afternoon,7,30.8,3.5714285714285716,2024-04-24,6,4,1.1666666666666667,General Surgery,60
4,2024-04-24,Morning,8,31.1125,4.125,2024-04-24,6,2,1.3333333333333333,General Surgery,60
4,2024-04-24,Night,1,21.7,4.0,2024-04-24,5,1,0.2,General Surgery,60
4,2024-04-25,Afternoon,6,33.03333333333333,4.0,2024-04-25,6,3,1.0,General Surgery,60
4,2024-04-25,Morning,5,26.46,4.2,2024-04-25,7,3,0.7142857142857143,General Surgery,60
4,2024-04-26,Afternoon,6,31.71666666666667,4.0,2024-04-26,6,3,1.0,General Surgery,60
4,2024-04-26,Morning,1,25.7,5.0,2024-04-26,6,3,0.16666666666666666,General Surgery,60
4,2024-04-26,Night,1,33.5,5.0,2024-04-26,3,1,0.3333333333333333,General Surgery,60
4,2024-04-27,Afternoon,4,25.775,4.25,2024-04-27,7,4,0.5714285714285714,General Surgery,60
4,2024-04-27,Morning,4,30.5,4.0,2024-04-27,5,3,0.8,General Surgery,60
4,2024-04-28,Afternoon,3,27.400000000000002,4.0,2024-04-28,6,2,0.5,General Surgery,60
4,2024-04-28,Morning,3,26.900000000000002,3.6666666666666665,2024-04-28,5,3,0.6,General Surgery,60
4,2024-04-29,Afternoon,7,30.742857142857144,3.5714285714285716,2024-04-29,6,3,1.1666666666666667,General Surgery,60
4,2024-04-29,Morning,6,33.65,4.666666666666667,2024-04-29,6,3,1.0,General Surgery,60
4,2024-04-29,Night,1,22.7,5.0,2024-04-29,4,1,0.25,General Surgery,60
4,2024-04-30,Afternoon,6,31.316666666666666,4.166666666666667,2024-04-30,7,3,0.8571428571428571,General Surgery,60
4,2024-04-30,Morning,8,34.8125,3.875,2024-04-30,5,4,1.6,General Surgery,60
4,2024-05-01,Afternoon,7,31.2,4.0,2024-05-01,7,3,1.0,General Surgery,60
4,2024-05-01,Morning,4,27.375,4.25,2024-05-01,5,3,0.8,General Surgery,60
4,2024-05-01,Night,3,31.566666666666663,4.0,2024-05-01,4,1,0.75,General Surgery,60
4,2024-05-02,Afternoon,3,29.933333333333334,3.6666666666666665,2024-05-02,5,3,0.6,General Surgery,60
4,2024-05-02,Morning,7,34.65714285714286,3.857142857142857,2024-05-02,6,3,1.1666666666666667,General Surgery,60
4,2024-05-02,Night,3,29.400000000000002,4.333333333333333,2024-05-02,5,2,0.6,General Surgery,60
4,2024-05-03,Afternoon,7,32.6,3.857142857142857,2024-05-03,5,3,1.4,General Surgery,60
4,2024-05-03,Morning,12,42.225,3.8333333333333335,2024-05-03,5,3,2.4,General Surgery,60
4,2024-05-04,Afternoon,5,28.54,3.8,2024-05-04,6,3,0.8333333333333334,General Surgery,60
4,2024-05-04,Morning,7,31.2,4.0,2024-05-04,6,3,1.1666666666666667,General Surgery,60
4,2024-05-04,Night,4,31.75,3.0,2024-05-04,4,1,1.0,General Surgery,60
4,2024-05-05,Afternoon,5,30.1,3.8,2024-05-05,7,3,0.7142857142857143,General Surgery,60
4,2024-05-05,Morning,4,29.075,4.5,2024-05-05,6,3,0.6666666666666666,General Surgery,60
4,2024-05-05,Night,2,27.3,4.5,2024-05-05,4,2,0.5,General Surgery,60
4,2024-05-06,Afternoon,4,28.375,3.5,2024-05-06,7,3,0.5714285714285714,General Surgery,60
4,2024-05-06,Morning,5,32.92,4.2,2024-05-06,5,3,1.0,General Surgery,60
4,2024-05-07,Afternoon,6,28.0,4.0,2024-05-07,7,4,0.8571428571428571,General Surgery,60
4,2024-05-07,Morning,7,31.8,3.857142857142857,2024-05-07,6,4,1.1666666666666667,General Surgery,60
4,2024-05-07,Night,3,31.133333333333336,4.333333333333333,2024-05-07,4,2,0.75,General Surgery,60
4,2024-05-08,Afternoon,11,39.91818181818182,3.909090909090909,2024-05-08,5,3,2.2,General Surgery,60
4,2024-05-08,Morning,5,27.4,3.4,2024-05-08,6,4,0.8333333333333334,General Surgery,60
4,2024-05-08,Night,1,28.8,4.0,2024-05-08,3,2,0.3333333333333333,General Surgery,60
4,2024-05-09,Afternoon,7,34.68571428571429,4.285714285714286,2024-05-09,6,3,1.1666666666666667,General Surgery,60
4,2024-05-09,Morning,8,35.0875,4.0,2024-05-09,6,3,1.3333333333333333,General Surgery,60
4,2024-05-09,Night,1,25.7,4.0,2024-05-09,4,1,0.25,General Surgery,60
4,2024-05-10,Morning,3,26.166666666666668,4.333333333333333,2024-05-10,6,3,0.5,General Surgery,60
4,2024-05-11,Afternoon,5,34.12,4.4,2024-05-11,6,3,0.8333333333333334,General Surgery,60
4,2024-05-11,Morning,8,35.05,4.375,2024-05-11,6,4,1.3333333333333333,General Surgery,60
4,2024-05-11,Night,1,31.3,4.0,2024-05-11,4,3,0.25,General Surgery,60
4,2024-05-12,Afternoon,8,26.325,3.875,2024-05-12,7,3,1.1428571428571428,General Surgery,60
4,2024-05-12,Morning,5,28.32,3.6,2024-05-12,7,3,0.7142857142857143,General Surgery,60
4,2024-05-13,Afternoon,4,31.4,4.25,2024-05-13,6,3,0.6666666666666666,General Surgery,60
4,2024-05-13,Morning,4,25.525,3.75,2024-05-13,6,3,0.6666666666666666,General Surgery,60
4,2024-05-13,Night,1,32.4,5.0,2024-05-13,5,2,0.2,General Surgery,60
4,2024-05-14,Afternoon,8,33.625,3.75,2024-05-14,6,3,1.3333333333333333,General Surgery,60
4,2024-05-14,Morning,6,30.583333333333332,3.6666666666666665,2024-05-14,7,3,0.8571428571428571,General Surgery,60
4,2024-05-14,Night,1,22.2,3.0,2024-05-14,4,2,0.25,General Surgery,60
4,2024-05-15,Afternoon,5,29.240000000000002,4.0,2024-05-15,7,3,0.7142857142857143,General Surgery,60
4,2024-05-15,Morning,2,24.95,4.5,2024-05-15,7,4,0.2857142857142857,General Surgery,60
4,2024-05-15,Night,1,35.2,2.0,2024-05-15,4,2,0.25,General Surgery,60
4,2024-05-16,Afternoon,7,29.285714285714285,3.5714285714285716,2024-05-16,7,3,1.0,General Surgery,60
4,2024-05-16,Morning,3,31.100000000000005,4.333333333333333,2024-05-16,6,3,0.5,General Surgery,60
4,2024-05-16,Night,2,24.1,4.5,2024-05-16,3,1,0.6666666666666666,General Surgery,60
4,2024-05-17,Afternoon,8,33.0125,4.0,2024-05-17,6,3,1.3333333333333333,General Surgery,60
4,2024-05-17,Morning,3,30.966666666666665,4.333333333333333,2024-05-17,6,3,0.5,General Surgery,60
4,2024-05-17,Night,3,27.03333333333333,5.0,2024-05-17,4,2,0.75,General Surgery,60
4,2024-05-18,Afternoon,5,29.48,4.4,2024-05-18,6,3,0.8333333333333334,General Surgery,60
4,2024-05-18,Morning,5,27.0,4.0,2024-05-18,6,3,0.8333333333333334,General Surgery,60
4,2024-05-18,Night,2,25.85,4.0,2024-05-18,3,1,0.6666666666666666,General Surgery,60
4,2024-05-19,Afternoon,2,29.450000000000003,4.5,2024-05-19,5,3,0.4,General Surgery,60
4,2024-05-19,Morning,6,28.55,4.166666666666667,2024-05-19,6,3,1.0,General Surgery,60
4,2024-05-19,Night,1,26.9,4.0,2024-05-19,4,2,0.25,General Surgery,60
4,2024-05-20,Afternoon,7,33.07142857142857,4.571428571428571,2024-05-20,6,2,1.1666666666666667,General Surgery,60
4,2024-05-20,Morning,7,32.642857142857146,3.857142857142857,2024-05-20,5,4,1.4,General Surgery,60
4,2024-05-20,Night,2,26.1,4.5,2024-05-20,3,2,0.6666666666666666,General Surgery,60
4,2024-05-21,Afternoon,6,32.5,3.6666666666666665,2024-05-21,5,3,1.2,General Surgery,60
4,2024-05-21,Morning,4,28.35,4.0,2024-05-21,7,3,0.5714285714285714,General Surgery,60
4,2024-05-21,Night,2,31.8,4.0,2024-05-21,4,3,0.5,General Surgery,60
4,2024-05-22,Afternoon,7,30.714285714285715,3.5714285714285716,2024-05-22,7,2,1.0,General Surgery,60
4,2024-05-22,Morning,4,33.975,3.25,2024-05-22,6,4,0.6666666666666666,General Surgery,60
4,2024-05-22,Night,1,30.8,4.0,2024-05-22,3,2,0.3333333333333333,General Surgery,60
4,2024-05-23,Afternoon,10,36.059999999999995,3.9,2024-05-23,6,3,1.6666666666666667,General Surgery,60
4,2024-05-23,Morning,6,29.8,4.0,2024-05-23,6,3,1.0,General Surgery,60
4,2024-05-23,Night,3,26.3,4.0,2024-05-23,3,2,1.0,General Surgery,60
4,2024-05-24,Afternoon,2,24.15,4.5,2024-05-24,5,3,0.4,General Surgery,60
4,2024-05-24,Morning,5,30.740000000000002,4.4,2024-05-24,7,3,0.7142857142857143,General Surgery,60
4,2024-05-24,Night,2,26.35,4.5,2024-05-24,4,2,0.5,General Surgery,60
4,2024-05-25,Afternoon,4,29.475,3.75,2024-05-25,4,3,1.0,General Surgery,60
4,2024-05-25,Morning,2,28.049999999999997,5.0,2024-05-25,6,3,0.3333333333333333,General Surgery,60
4,2024-05-25,Night,2,22.1,4.0,2024-05-25,5,2,0.4,General Surgery,60
4,2024-05-26,Afternoon,6,35.266666666666666,4.166666666666667,2024-05-26,6,3,1.0,General Surgery,60
4,2024-05-26,Morning,4,27.75,4.25,2024-05-26,6,3,0.6666666666666666,General Surgery,60
4,2024-05-26,Night,1,26.9,3.0,2024-05-26,3,1,0.3333333333333333,General Surgery,60
4,2024-05-27,Afternoon,7,32.457142857142856,3.857142857142857,2024-05-27,6,3,1.1666666666666667,General Surgery,60
4,2024-05-27,Morning,5,34.38,3.8,2024-05-27,5,2,1.0,General Surgery,60
4,2024-05-27,Night,1,22.6,5.0,2024-05-27,4,3,0.25,General Surgery,60
4,2024-05-28,Afternoon,4,29.05,3.75,2024-05-28,7,3,0.5714285714285714,General Surgery,60
4,2024-05-28,Morning,8,36.1125,4.125,2024-05-28,5,2,1.6,General Surgery,60
4,2024-05-28,Night,2,25.65,4.0,2024-05-28,4,2,0.5,General Surgery,60
4,2024-05-29,Afternoon,11,34.518181818181816,3.6363636363636362,2024-05-29,6,3,1.8333333333333333,General Surgery,60
4,2024-05-29,Morning,4,30.025,4.0,2024-05-29,5,4,0.8,General Surgery,60
4,2024-05-30,Afternoon,6,32.03333333333333,4.333333333333333,2024-05-30,6,3,1.0,General Surgery,60
4,2024-05-30,Morning,2,36.3,4.0,2024-05-30,5,3,0.4,General Surgery,60
4,2024-05-31,Afternoon,9,34.82222222222222,4.111111111111111,2024-05-31,6,2,1.5,General Surgery,60
4,2024-05-31,Morning,4,30.075,4.5,2024-05-31,5,3,0.8,General Surgery,60
4,2024-05-31,Night,1,28.5,5.0,2024-05-31,3,2,0.3333333333333333,General Surgery,60
4,2024-06-01,Afternoon,3,26.96666666666667,4.0,2024-06-01,7,3,0.42857142857142855,General Surgery,60
4,2024-06-02,Afternoon,4,31.175,4.25,2024-06-02,6,3,0.6666666666666666,General Surgery,60
4,2024-06-02,Morning,4,29.35,4.25,2024-06-02,7,3,0.5714285714285714,General Surgery,60
4,2024-06-03,Afternoon,8,31.775,3.875,2024-06-03,7,3,1.1428571428571428,General Surgery,60
4,2024-06-03,Morning,4,31.950000000000003,4.0,2024-06-03,4,3,1.0,General Surgery,60
4,2024-06-03,Night,3,25.8,4.0,2024-06-03,4,2,0.75,General Surgery,60
4,2024-06-04,Afternoon,4,31.924999999999997,3.75,2024-06-04,6,3,0.6666666666666666,General Surgery,60
4,2024-06-04,Morning,7,31.785714285714285,3.5714285714285716,2024-06-04,6,3,1.1666666666666667,General Surgery,60
4,2024-06-05,Afternoon,8,35.8375,3.625,2024-06-05,5,4,1.6,General Surgery,60
4,2024-06-05,Morning,5,27.0,4.2,2024-06-05,7,3,0.7142857142857143,General Surgery,60
4,2024-06-06,Afternoon,5,31.880000000000003,3.6,2024-06-06,5,3,1.0,General Surgery,60
4,2024-06-06,Morning,2,24.7,4.0,2024-06-06,6,3,0.3333333333333333,General Surgery,60
4,2024-06-06,Night,2,30.5,4.0,2024-06-06,5,2,0.4,General Surgery,60
4,2024-06-07,Afternoon,4,29.375,4.25,2024-06-07,6,3,0.6666666666666666,General Surgery,60
4,2024-06-07,Morning,5,27.6,3.4,2024-06-07,5,3,1.0,General Surgery,60
4,2024-06-08,Afternoon,2,35.05,3.5,2024-06-08,5,2,0.4,General Surgery,60
4,2024-06-08,Morning,8,34.5625,3.75,2024-06-08,6,2,1.3333333333333333,General Surgery,60
4,2024-06-09,Afternoon,5,28.639999999999997,4.0,2024-06-09,7,3,0.7142857142857143,General Surgery,60
4,2024-06-09,Morning,6,32.949999999999996,4.0,2024-06-09,6,4,1.0,General Surgery,60
4,2024-06-10,Afternoon,12,41.00833333333333,3.6666666666666665,2024-06-10,6,2,2.0,General Surgery,60
4,2024-06-10,Morning,2,32.45,4.0,2024-06-10,4,3,0.5,General Surgery,60
4,2024-06-10,Night,1,17.0,4.0,2024-06-10,5,2,0.2,General Surgery,60
4,2024-06-11,Afternoon,6,30.183333333333334,4.333333333333333,2024-06-11,6,3,1.0,General Surgery,60
4,2024-06-11,Morning,8,36.0,3.875,2024-06-11,5,3,1.6,General Surgery,60
4,2024-06-11,Night,4,33.2,4.25,2024-06-11,3,2,1.3333333333333333,General Surgery,60
4,2024-06-12,Afternoon,3,30.3,4.333333333333333,2024-06-12,5,3,0.6,General Surgery,60
4,2024-06-12,Morning,2,25.4,4.0,2024-06-12,6,3,0.3333333333333333,General Surgery,60
4,2024-06-12,Night,2,27.4,3.5,2024-06-12,4,2,0.5,General Surgery,60
4,2024-06-13,Afternoon,7,30.17142857142857,3.5714285714285716,2024-06-13,6,3,1.1666666666666667,General Surgery,60
4,2024-06-13,Morning,5,32.96,4.4,2024-06-13,5,2,1.0,General Surgery,60
4,2024-06-13,Night,2,23.5,4.5,2024-06-13,3,2,0.6666666666666666,General Surgery,60
4,2024-06-14,Afternoon,5,26.18,3.6,2024-06-14,6,3,0.8333333333333334,General Surgery,60
4,2024-06-14,Morning,8,33.7625,3.5,2024-06-14,6,3,1.3333333333333333,General Surgery,60
4,2024-06-14,Night,2,31.2,3.5,2024-06-14,5,2,0.4,General Surgery,60
4,2024-06-15,Afternoon,5,28.060000000000002,4.0,2024-06-15,7,3,0.7142857142857143,General Surgery,60
4,2024-06-15,Morning,5,30.439999999999998,3.8,2024-06-15,6,3,0.8333333333333334,General Surgery,60
4,2024-06-15,Night,3,27.3,4.0,2024-06-15,5,2,0.6,General Surgery,60
4,2024-06-16,Afternoon,6,30.316666666666666,4.333333333333333,2024-06-16,7,3,0.8571428571428571,General Surgery,60
4,2024-06-16,Morning,3,27.333333333333332,4.666666666666667,2024-06-16,6,3,0.5,General Surgery,60
4,2024-06-17,Afternoon,5,29.8,4.4,2024-06-17,6,3,0.8333333333333334,General Surgery,60
4,2024-06-17,Morning,7,31.514285714285712,3.857142857142857,2024-06-17,5,3,1.4,General Surgery,60
4,2024-06-17,Night,1,23.9,4.0,2024-06-17,3,2,0.3333333333333333,General Surgery,60
4,2024-06-18,Afternoon,6,35.050000000000004,4.333333333333333,2024-06-18,5,3,1.2,General Surgery,60
4,2024-06-18,Morning,7,29.985714285714288,3.857142857142857,2024-06-18,6,3,1.1666666666666667,General Surgery,60
4,2024-06-19,Afternoon,6,29.8,4.0,2024-06-19,7,2,0.8571428571428571,General Surgery,60
4,2024-06-19,Morning,6,30.183333333333334,4.333333333333333,2024-06-19,6,3,1.0,General Surgery,60
4,2024-06-19,Night,1,28.7,4.0,2024-06-19,4,2,0.25,General Surgery,60
4,2024-06-20,Afternoon,7,31.085714285714285,3.857142857142857,2024-06-20,6,3,1.1666666666666667,General Surgery,60
4,2024-06-20,Morning,4,27.375,4.0,2024-06-20,5,4,0.8,General Surgery,60
4,2024-06-21,Afternoon,3,27.7,4.0,2024-06-21,7,3,0.42857142857142855,General Surgery,60
4,2024-06-21,Morning,4,32.1,3.25,2024-06-21,5,3,0.8,General Surgery,60
4,2024-06-22,Afternoon,5,29.6,4.2,2024-06-22,6,4,0.8333333333333334,General Surgery,60
4,2024-06-22,Morning,5,27.6,3.8,2024-06-22,7,3,0.7142857142857143,General Surgery,60
4,2024-06-23,Afternoon,3,30.46666666666667,3.3333333333333335,2024-06-23,6,3,0.5,General Surgery,60
4,2024-06-23,Morning,8,38.4375,4.125,2024-06-23,5,3,1.6,General Surgery,60
4,2024-06-24,Afternoon,10,36.010000000000005,3.5,2024-06-24,5,3,2.0,General Surgery,60
4,2024-06-24,Morning,4,27.15,3.5,2024-06-24,6,3,0.6666666666666666,General Surgery,60
4,2024-06-24,Night,3,32.233333333333334,4.333333333333333,2024-06-24,3,1,1.0,General Surgery,60
4,2024-06-25,Afternoon,7,34.028571428571425,3.5714285714285716,2024-06-25,5,3,1.4,General Surgery,60
4,2024-06-25,Morning,3,30.03333333333333,4.333333333333333,2024-06-25,5,2,0.6,General Surgery,60
4,2024-06-25,Night,1,20.2,4.0,2024-06-25,4,2,0.25,General Surgery,60
4,2024-06-26,Afternoon,5,26.8,4.4,2024-06-26,6,4,0.8333333333333334,General Surgery,60
4,2024-06-26,Morning,2,32.7,4.0,2024-06-26,6,3,0.3333333333333333,General Surgery,60
4,2024-06-26,Night,1,32.7,3.0,2024-06-26,3,2,0.3333333333333333,General Surgery,60
4,2024-06-27,Afternoon,6,33.083333333333336,3.8333333333333335,2024-06-27,6,3,1.0,General Surgery,60
4,2024-06-27,Morning,6,31.21666666666667,4.5,2024-06-27,6,2,1.0,General Surgery,60
4,2024-06-28,Afternoon,11,36.43636363636364,3.5454545454545454,2024-06-28,6,3,1.8333333333333333,General Surgery,60
4,2024-06-28,Morning,6,27.400000000000002,4.166666666666667,2024-06-28,6,3,1.0,General Surgery,60
4,2024-06-28,Night,1,28.3,3.0,2024-06-28,4,2,0.25,General Surgery,60
4,2024-06-29,Afternoon,5,31.380000000000003,4.2,2024-06-29,6,4,0.8333333333333334,General Surgery,60
4,2024-06-29,Morning,3,25.2,4.333333333333333,2024-06-29,6,3,0.5,General Surgery,60
4,2024-06-29,Night,1,25.4,4.0,2024-06-29,4,2,0.25,General Surgery,60
4,2024-06-30,Afternoon,1,29.8,3.0,2024-06-30,6,3,0.16666666666666666,General Surgery,60
4,2024-06-30,Morning,4,28.725,4.5,2024-06-30,7,3,0.5714285714285714,General Surgery,60
4,2024-06-30,Night,1,30.8,3.0,2024-06-30,4,2,0.25,General Surgery,60
4,2024-07-01,Afternoon,9,35.17777777777778,4.0,2024-07-01,6,3,1.5,General Surgery,60
4,2024-07-01,Morning,6,29.716666666666665,3.8333333333333335,2024-07-01,5,3,1.2,General Surgery,60
4,2024-07-01,Night,2,29.2,4.5,2024-07-01,5,2,0.4,General Surgery,60
4,2024-07-02,Afternoon,5,27.0,4.0,2024-07-02,7,3,0.7142857142857143,General Surgery,60
4,2024-07-02,Morning,8,32.0,3.875,2024-07-02,6,3,1.3333333333333333,General Surgery,60
4,2024-07-02,Night,1,16.5,4.0,2024-07-02,5,2,0.2,General Surgery,60
4,2024-07-03,Afternoon,6,27.900000000000002,3.8333333333333335,2024-07-03,7,4,0.8571428571428571,General Surgery,60
4,2024-07-03,Morning,5,30.8,4.2,2024-07-03,6,4,0.8333333333333334,General Surgery,60
4,2024-07-03,Night,4,31.475,3.75,2024-07-03,4,2,1.0,General Surgery,60
4,2024-07-04,Afternoon,1,18.9,4.0,2024-07-04,7,3,0.14285714285714285,General Surgery,60
4,2024-07-04,Morning,5,27.619999999999997,4.2,2024-07-04,6,3,0.8333333333333334,General Surgery,60
4,2024-07-04,Night,1,30.8,5.0,2024-07-04,4,2,0.25,General Surgery,60
4,2024-07-05,Afternoon,8,34.5375,3.75,2024-07-05,6,4,1.3333333333333333,General Surgery,60
4,2024-07-05,Morning,2,23.55,4.5,2024-07-05,7,3,0.2857142857142857,General Surgery,60
4,2024-07-05,Night,1,37.1,5.0,2024-07-05,4,1,0.25,General Surgery,60
4,2024-07-06,Afternoon,7,36.6,3.857142857142857,2024-07-06,6,3,1.1666666666666667,General Surgery,60
4,2024-07-06,Morning,5,26.52,4.0,2024-07-06,7,3,0.7142857142857143,General Surgery,60
4,2024-07-06,Night,1,23.8,5.0,2024-07-06,4,1,0.25,General Surgery,60
4,2024-07-07,Afternoon,3,23.766666666666666,4.333333333333333,2024-07-07,6,3,0.5,General Surgery,60
4,2024-07-07,Morning,2,28.450000000000003,4.5,2024-07-07,6,3,0.3333333333333333,General Surgery,60
4,2024-07-08,Afternoon,6,32.166666666666664,3.6666666666666665,2024-07-08,5,3,1.2,General Surgery,60
4,2024-07-08,Morning,7,34.0,4.142857142857143,2024-07-08,6,3,1.1666666666666667,General Surgery,60
4,2024-07-08,Night,1,30.6,5.0,2024-07-08,6,2,0.16666666666666666,General Surgery,60
4,2024-07-09,Afternoon,2,25.35,4.0,2024-07-09,5,3,0.4,General Surgery,60
4,2024-07-09,Morning,7,30.042857142857144,3.857142857142857,2024-07-09,6,3,1.1666666666666667,General Surgery,60
4,2024-07-10,Afternoon,5,28.54,4.6,2024-07-10,6,2,0.8333333333333334,General Surgery,60
4,2024-07-10,Morning,7,31.5,3.5714285714285716,2024-07-10,6,3,1.1666666666666667,General Surgery,60
4,2024-07-11,Afternoon,5,30.98,4.4,2024-07-11,5,3,1.0,General Surgery,60
4,2024-07-11,Morning,6,28.95,4.166666666666667,2024-07-11,5,3,1.2,General Surgery,60
4,2024-07-11,Night,4,26.925,4.0,2024-07-11,5,2,0.8,General Surgery,60
4,2024-07-12,Afternoon,8,36.975,4.375,2024-07-12,5,3,1.6,General Surgery,60
4,2024-07-12,Morning,7,28.928571428571427,3.857142857142857,2024-07-12,6,3,1.1666666666666667,General Surgery,60
4,2024-07-12,Night,1,17.9,4.0,2024-07-12,3,2,0.3333333333333333,General Surgery,60
4,2024-07-13,Afternoon,5,31.380000000000003,3.8,2024-07-13,6,2,0.8333333333333334,General Surgery,60
4,2024-07-13,Morning,9,33.94444444444444,3.7777777777777777,2024-07-13,6,2,1.5,General Surgery,60
4,2024-07-13,Night,1,23.8,4.0,2024-07-13,5,2,0.2,General Surgery,60
4,2024-07-14,Afternoon,5,32.42,3.8,2024-07-14,7,4,0.7142857142857143,General Surgery,60
4,2024-07-14,Morning,4,31.325,4.0,2024-07-14,5,3,0.8,General Surgery,60
4,2024-07-14,Night,2,32.15,3.5,2024-07-14,2,1,1.0,General Surgery,60
4,2024-07-15,Afternoon,3,27.766666666666666,4.333333333333333,2024-07-15,6,3,0.5,General Surgery,60
4,2024-07-15,Morning,2,25.1,4.5,2024-07-15,5,3,0.4,General Surgery,60
4,2024-07-15,Night,1,26.2,5.0,2024-07-15,4,2,0.25,General Surgery,60
4,2024-07-16,Afternoon,5,33.519999999999996,4.0,2024-07-16,6,3,0.8333333333333334,General Surgery,60
4,2024-07-16,Morning,4,26.375,4.25,2024-07-16,6,3,0.6666666666666666,General Surgery,60
4,2024-07-16,Night,3,28.400000000000002,4.0,2024-07-16,3,2,1.0,General Surgery,60
4,2024-07-17,Afternoon,7,30.8,3.4285714285714284,2024-07-17,6,3,1.1666666666666667,General Surgery,60
4,2024-07-17,Morning,5,32.7,4.2,2024-07-17,5,3,1.0,General Surgery,60
4,2024-07-17,Night,2,24.85,3.5,2024-07-17,4,2,0.5,General Surgery,60
4,2024-07-18,Afternoon,8,33.150000000000006,3.875,2024-07-18,6,3,1.3333333333333333,General Surgery,60
4,2024-07-18,Morning,7,34.01428571428572,3.7142857142857144,2024-07-18,7,3,1.0,General Surgery,60
4,2024-07-18,Night,3,30.8,4.333333333333333,2024-07-18,4,2,0.75,General Surgery,60
4,2024-07-19,Afternoon,3,27.733333333333334,4.333333333333333,2024-07-19,6,3,0.5,General Surgery,60
4,2024-07-19,Morning,4,30.15,4.25,2024-07-19,5,3,0.8,General Surgery,60
4,2024-07-20,Afternoon,5,29.52,4.2,2024-07-20,6,3,0.8333333333333334,General Surgery,60
4,2024-07-20,Morning,9,30.877777777777776,4.444444444444445,2024-07-20,7,3,1.2857142857142858,General Surgery,60
4,2024-07-20,Night,1,19.5,4.0,2024-07-20,4,2,0.25,General Surgery,60
4,2024-07-21,Afternoon,3,30.133333333333336,4.333333333333333,2024-07-21,7,3,0.42857142857142855,General Surgery,60
4,2024-07-21,Morning,5,23.759999999999998,3.6,2024-07-21,6,4,0.8333333333333334,General Surgery,60
4,2024-07-21,Night,1,31.4,5.0,2024-07-21,4,2,0.25,General Surgery,60
4,2024-07-22,Afternoon,12,37.875,3.75,2024-07-22,7,3,1.7142857142857142,General Surgery,60
4,2024-07-22,Morning,8,33.5625,3.75,2024-07-22,5,3,1.6,General Surgery,60
4,2024-07-22,Night,1,26.2,5.0,2024-07-22,4,2,0.25,General Surgery,60
4,2024-07-23,Afternoon,7,33.15714285714286,3.857142857142857,2024-07-23,6,3,1.1666666666666667,General Surgery,60
4,2024-07-23,Morning,6,28.983333333333334,3.5,2024-07-23,5,3,1.2,General Surgery,60
4,2024-07-23,Night,3,30.733333333333334,4.0,2024-07-23,4,1,0.75,General Surgery,60
4,2024-07-24,Afternoon,4,28.2,5.0,2024-07-24,6,3,0.6666666666666666,General Surgery,60
4,2024-07-24,Morning,4,26.825,3.75,2024-07-24,6,2,0.6666666666666666,General Surgery,60
4,2024-07-25,Afternoon,7,34.48571428571429,4.142857142857143,2024-07-25,6,4,1.1666666666666667,General Surgery,60
4,2024-07-25,Morning,3,24.933333333333334,4.666666666666667,2024-07-25,6,3,0.5,General Surgery,60
4,2024-07-26,Afternoon,12,35.61666666666667,3.8333333333333335,2024-07-26,6,3,2.0,General Surgery,60
4,2024-07-26,Morning,1,24.7,4.0,2024-07-26,6,2,0.16666666666666666,General Surgery,60
4,2024-07-26,Night,2,29.3,4.5,2024-07-26,4,2,0.5,General Surgery,60
4,2024-07-27,Afternoon,4,32.875,4.0,2024-07-27,6,3,0.6666666666666666,General Surgery,60
4,2024-07-27,Morning,3,23.666666666666668,4.0,2024-07-27,7,3,0.42857142857142855,General Surgery,60
4,2024-07-28,Afternoon,3,31.03333333333333,4.333333333333333,2024-07-28,6,3,0.5,General Surgery,60
4,2024-07-28,Morning,2,33.95,5.0,2024-07-28,6,3,0.3333333333333333,General Surgery,60
4,2024-07-28,Night,2,28.349999999999998,3.0,2024-07-28,4,2,0.5,General Surgery,60
4,2024-07-29,Afternoon,5,29.380000000000003,4.4,2024-07-29,5,3,1.0,General Surgery,60
4,2024-07-29,Morning,4,29.85,4.25,2024-07-29,5,3,0.8,General Surgery,60
4,2024-07-29,Night,1,32.0,4.0,2024-07-29,4,2,0.25,General Surgery,60
4,2024-07-30,Afternoon,7,29.32857142857143,3.857142857142857,2024-07-30,6,3,1.1666666666666667,General Surgery,60
4,2024-07-30,Morning,3,31.566666666666666,3.6666666666666665,2024-07-30,5,3,0.6,General Surgery,60
4,2024-07-30,Night,3,29.833333333333332,3.0,2024-07-30,5,2,0.6,General Surgery,60
4,2024-07-31,Afternoon,5,30.139999999999997,3.2,2024-07-31,6,2,0.8333333333333334,General Surgery,60
4,2024-07-31,Morning,7,31.571428571428573,3.5714285714285716,2024-07-31,6,2,1.1666666666666667,General Surgery,60
4,2024-07-31,Night,1,30.0,4.0,2024-07-31,5,2,0.2,General Surgery,60
4,2024-08-01,Afternoon,5,33.62,3.6,2024-08-01,6,3,0.8333333333333334,General Surgery,60
4,2024-08-01,Morning,7,32.528571428571425,3.857142857142857,2024-08-01,6,3,1.1666666666666667,General Surgery,60
4,2024-08-01,Night,1,31.8,3.0,2024-08-01,4,2,0.25,General Surgery,60
4,2024-08-02,Afternoon,4,23.225,3.75,2024-08-02,6,3,0.6666666666666666,General Surgery,60
4,2024-08-02,Morning,2,29.25,3.5,2024-08-02,6,3,0.3333333333333333,General Surgery,60
4,2024-08-03,Afternoon,1,23.6,4.0,2024-08-03,6,3,0.16666666666666666,General Surgery,60
4,2024-08-03,Morning,3,24.766666666666666,4.666666666666667,2024-08-03,7,3,0.42857142857142855,General Surgery,60
4,2024-08-04,Afternoon,3,31.166666666666668,4.666666666666667,2024-08-04,7,3,0.42857142857142855,General Surgery,60
4,2024-08-04,Morning,6,29.083333333333332,4.333333333333333,2024-08-04,7,3,0.8571428571428571,General Surgery,60
4,2024-08-04,Night,1,24.7,4.0,2024-08-04,5,2,0.2,General Surgery,60
4,2024-08-05,Afternoon,7,34.714285714285715,3.7142857142857144,2024-08-05,5,3,1.4,General Surgery,60
4,2024-08-05,Morning,4,31.450000000000003,4.25,2024-08-05,5,2,0.8,General Surgery,60
4,2024-08-05,Night,2,32.0,4.5,2024-08-05,5,1,0.4,General Surgery,60
4,2024-08-06,Afternoon,5,31.2,4.0,2024-08-06,5,3,1.0,General Surgery,60
4,2024-08-06,Morning,5,27.839999999999996,4.0,2024-08-06,7,3,0.7142857142857143,General Surgery,60
4,2024-08-06,Night,3,28.400000000000002,4.333333333333333,2024-08-06,5,2,0.6,General Surgery,60
4,2024-08-07,Afternoon,6,28.683333333333334,4.0,2024-08-07,7,3,0.8571428571428571,General Surgery,60
4,2024-08-07,Morning,5,31.860000000000003,4.4,2024-08-07,6,3,0.8333333333333334,General Surgery,60
4,2024-08-08,Afternoon,7,31.27142857142857,3.7142857142857144,2024-08-08,6,3,1.1666666666666667,General Surgery,60
4,2024-08-08,Morning,5,30.6,4.6,2024-08-08,6,3,0.8333333333333334,General Surgery,60
4,2024-08-08,Night,1,37.1,5.0,2024-08-08,4,2,0.25,General Surgery,60
4,2024-08-09,Afternoon,5,30.48,4.2,2024-08-09,7,4,0.7142857142857143,General Surgery,60
4,2024-08-09,Morning,7,33.51428571428571,3.5714285714285716,2024-08-09,6,4,1.1666666666666667,General Surgery,60
4,2024-08-10,Afternoon,4,31.325,4.5,2024-08-10,8,4,0.5,General Surgery,60
4,2024-08-10,Morning,5,35.4,4.6,2024-08-10,6,2,0.8333333333333334,General Surgery,60
4,2024-08-10,Night,1,30.7,4.0,2024-08-10,4,1,0.25,General Surgery,60
4,2024-08-11,Afternoon,2,26.799999999999997,4.5,2024-08-11,7,3,0.2857142857142857,General Surgery,60
4,2024-08-11,Morning,4,25.9,4.0,2024-08-11,8,3,0.5,General Surgery,60
4,2024-08-12,Afternoon,6,33.65,3.8333333333333335,2024-08-12,6,4,1.0,General Surgery,60
4,2024-08-12,Morning,1,25.1,5.0,2024-08-12,6,3,0.16666666666666666,General Surgery,60
4,2024-08-12,Night,2,28.85,3.5,2024-08-12,4,2,0.5,General Surgery,60
4,2024-08-13,Afternoon,7,33.2,3.7142857142857144,2024-08-13,5,3,1.4,General Surgery,60
4,2024-08-13,Morning,5,30.660000000000004,4.2,2024-08-13,5,3,1.0,General Surgery,60
4,2024-08-13,Night,2,28.0,4.5,2024-08-13,4,2,0.5,General Surgery,60
4,2024-08-14,Afternoon,7,30.099999999999998,4.142857142857143,2024-08-14,6,3,1.1666666666666667,General Surgery,60
4,2024-08-14,Morning,7,29.642857142857142,4.142857142857143,2024-08-14,6,3,1.1666666666666667,General Surgery,60
4,2024-08-14,Night,1,15.8,4.0,2024-08-14,4,2,0.25,General Surgery,60
4,2024-08-15,Afternoon,5,29.879999999999995,4.2,2024-08-15,6,3,0.8333333333333334,General Surgery,60
4,2024-08-15,Morning,6,29.416666666666668,4.0,2024-08-15,7,3,0.8571428571428571,General Surgery,60
4,2024-08-16,Afternoon,5,32.62,3.6,2024-08-16,7,3,0.7142857142857143,General Surgery,60
4,2024-08-16,Morning,7,33.58571428571428,3.7142857142857144,2024-08-16,5,2,1.4,General Surgery,60
4,2024-08-16,Night,2,25.95,5.0,2024-08-16,4,2,0.5,General Surgery,60
4,2024-08-17,Afternoon,3,25.433333333333334,4.333333333333333,2024-08-17,7,3,0.42857142857142855,General Surgery,60
4,2024-08-17,Morning,5,31.4,3.6,2024-08-17,6,3,0.8333333333333334,General Surgery,60
4,2024-08-18,Afternoon,4,27.1,3.25,2024-08-18,5,3,0.8,General Surgery,60
4,2024-08-18,Morning,8,30.3625,4.125,2024-08-18,7,3,1.1428571428571428,General Surgery,60
4,2024-08-19,Afternoon,3,27.3,4.333333333333333,2024-08-19,6,3,0.5,General Surgery,60
4,2024-08-19,Morning,11,44.73636363636364,3.6363636363636362,2024-08-19,4,4,2.75,General Surgery,60
4,2024-08-20,Afternoon,4,25.05,4.0,2024-08-20,7,3,0.5714285714285714,General Surgery,60
4,2024-08-20,Morning,5,28.339999999999996,4.0,2024-08-20,6,3,0.8333333333333334,General Surgery,60
4,2024-08-20,Night,1,16.3,4.0,2024-08-20,4,2,0.25,General Surgery,60
4,2024-08-21,Afternoon,8,34.9125,3.75,2024-08-21,5,3,1.6,General Surgery,60
4,2024-08-21,Morning,5,30.48,4.4,2024-08-21,5,3,1.0,General Surgery,60
4,2024-08-21,Night,1,24.8,5.0,2024-08-21,4,2,0.25,General Surgery,60
4,2024-08-22,Afternoon,3,26.96666666666667,4.666666666666667,2024-08-22,5,3,0.6,General Surgery,60
4,2024-08-22,Morning,5,31.46,4.2,2024-08-22,5,3,1.0,General Surgery,60
4,2024-08-22,Night,2,28.8,4.0,2024-08-22,4,2,0.5,General Surgery,60
4,2024-08-23,Afternoon,3,28.599999999999998,4.0,2024-08-23,6,3,0.5,General Surgery,60
4,2024-08-23,Morning,6,28.733333333333334,3.1666666666666665,2024-08-23,7,3,0.8571428571428571,General Surgery,60
4,2024-08-23,Night,1,22.2,3.0,2024-08-23,3,2,0.3333333333333333,General Surgery,60
4,2024-08-24,Afternoon,4,27.65,3.75,2024-08-24,7,3,0.5714285714285714,General Surgery,60
4,2024-08-24,Morning,6,31.566666666666666,4.0,2024-08-24,5,3,1.2,General Surgery,60
4,2024-08-25,Afternoon,3,31.933333333333334,3.3333333333333335,2024-08-25,6,3,0.5,General Surgery,60
4,2024-08-25,Morning,5,32.480000000000004,4.0,2024-08-25,6,3,0.8333333333333334,General Surgery,60
4,2024-08-25,Night,2,26.700000000000003,4.0,2024-08-25,4,2,0.5,General Surgery,60
4,2024-08-26,Afternoon,6,29.583333333333332,4.0,2024-08-26,8,3,0.75,General Surgery,60
4,2024-08-26,Morning,3,23.599999999999998,4.0,2024-08-26,5,3,0.6,General Surgery,60
4,2024-08-26,Night,1,31.4,4.0,2024-08-26,4,2,0.25,General Surgery,60
4,2024-08-27,Afternoon,4,27.25,4.0,2024-08-27,6,3,0.6666666666666666,General Surgery,60
4,2024-08-27,Morning,7,29.214285714285715,3.4285714285714284,2024-08-27,6,2,1.1666666666666667,General Surgery,60
4,2024-08-28,Afternoon,3,25.599999999999998,3.6666666666666665,2024-08-28,6,3,0.5,General Surgery,60
4,2024-08-28,Morning,6,33.28333333333333,3.6666666666666665,2024-08-28,6,3,1.0,General Surgery,60
4,2024-08-28,Night,1,26.6,4.0,2024-08-28,4,2,0.25,General Surgery,60
4,2024-08-29,Afternoon,4,37.775,4.25,2024-08-29,4,3,1.0,General Surgery,60
4,2024-08-29,Morning,3,33.666666666666664,3.6666666666666665,2024-08-29,6,4,0.5,General Surgery,60
4,2024-08-30,Afternoon,5,28.939999999999998,4.0,2024-08-30,6,3,0.8333333333333334,General Surgery,60
4,2024-08-30,Morning,7,32.27142857142857,4.142857142857143,2024-08-30,6,3,1.1666666666666667,General Surgery,60
4,2024-08-31,Afternoon,5,30.48,4.4,2024-08-31,6,3,0.8333333333333334,General Surgery,60
4,2024-08-31,Morning,3,25.03333333333333,4.0,2024-08-31,8,3,0.375,General Surgery,60
4,2024-08-31,Night,1,30.0,4.0,2024-08-31,5,2,0.2,General Surgery,60
4,2024-09-01,Afternoon,5,29.82,3.8,2024-09-01,6,3,0.8333333333333334,General Surgery,60
4,2024-09-01,Morning,3,24.633333333333336,4.0,2024-09-01,6,4,0.5,General Surgery,60
4,2024-09-02,Afternoon,7,32.542857142857144,4.0,2024-09-02,6,3,1.1666666666666667,General Surgery,60
4,2024-09-02,Morning,4,29.825,4.0,2024-09-02,5,2,0.8,General Surgery,60
4,2024-09-03,Afternoon,10,34.36,4.0,2024-09-03,6,3,1.6666666666666667,General Surgery,60
4,2024-09-03,Morning,5,30.439999999999998,4.0,2024-09-03,6,3,0.8333333333333334,General Surgery,60
4,2024-09-03,Night,3,36.86666666666667,4.0,2024-09-03,3,2,1.0,General Surgery,60
4,2024-09-04,Afternoon,3,28.900000000000002,4.333333333333333,2024-09-04,7,4,0.42857142857142855,General Surgery,60
4,2024-09-04,Morning,6,29.95,3.5,2024-09-04,6,3,1.0,General Surgery,60
4,2024-09-04,Night,2,24.25,4.0,2024-09-04,3,2,0.6666666666666666,General Surgery,60
4,2024-09-05,Afternoon,10,36.94,4.0,2024-09-05,6,3,1.6666666666666667,General Surgery,60
4,2024-09-05,Morning,3,26.233333333333334,3.6666666666666665,2024-09-05,6,3,0.5,General Surgery,60
4,2024-09-05,Night,1,28.4,4.0,2024-09-05,4,2,0.25,General Surgery,60
4,2024-09-06,Afternoon,9,29.055555555555557,4.0,2024-09-06,7,3,1.2857142857142858,General Surgery,60
4,2024-09-06,Morning,9,32.544444444444444,3.888888888888889,2024-09-06,6,3,1.5,General Surgery,60
4,2024-09-06,Night,2,23.45,3.0,2024-09-06,4,2,0.5,General Surgery,60
4,2024-09-07,Afternoon,4,34.8,4.25,2024-09-07,6,3,0.6666666666666666,General Surgery,60
4,2024-09-07,Morning,3,27.46666666666667,3.6666666666666665,2024-09-07,6,3,0.5,General Surgery,60
4,2024-09-07,Night,1,12.6,5.0,2024-09-07,4,1,0.25,General Surgery,60
4,2024-09-08,Afternoon,3,26.433333333333334,4.333333333333333,2024-09-08,5,3,0.6,General Surgery,60
4,2024-09-08,Morning,5,26.76,3.8,2024-09-08,6,3,0.8333333333333334,General Surgery,60
4,2024-09-09,Afternoon,11,33.78181818181818,3.6363636363636362,2024-09-09,6,2,1.8333333333333333,General Surgery,60
4,2024-09-09,Morning,5,30.619999999999997,4.2,2024-09-09,5,3,1.0,General Surgery,60
4,2024-09-09,Night,2,22.75,4.5,2024-09-09,4,2,0.5,General Surgery,60
4,2024-09-10,Afternoon,5,29.8,4.4,2024-09-10,6,3,0.8333333333333334,General Surgery,60
4,2024-09-10,Morning,1,20.1,4.0,2024-09-10,6,2,0.16666666666666666,General Surgery,60
4,2024-09-10,Night,2,27.8,3.5,2024-09-10,4,2,0.5,General Surgery,60
4,2024-09-11,Afternoon,10,35.739999999999995,3.7,2024-09-11,5,3,2.0,General Surgery,60
4,2024-09-11,Morning,7,31.3,3.7142857142857144,2024-09-11,6,3,1.1666666666666667,General Surgery,60
4,2024-09-11,Night,1,23.3,4.0,2024-09-11,3,2,0.3333333333333333,General Surgery,60
4,2024-09-12,Afternoon,6,30.333333333333332,4.5,2024-09-12,5,2,1.2,General Surgery,60
4,2024-09-12,Morning,7,34.08571428571428,4.285714285714286,2024-09-12,5,4,1.4,General Surgery,60
4,2024-09-12,Night,4,32.4,3.25,2024-09-12,4,2,1.0,General Surgery,60
4,2024-09-13,Afternoon,2,22.6,4.0,2024-09-13,5,4,0.4,General Surgery,60
4,2024-09-13,Morning,6,31.03333333333333,3.8333333333333335,2024-09-13,6,3,1.0,General Surgery,60
4,2024-09-13,Night,1,21.5,4.0,2024-09-13,3,2,0.3333333333333333,General Surgery,60
4,2024-09-14,Afternoon,4,30.4,4.0,2024-09-14,6,2,0.6666666666666666,General Surgery,60
4,2024-09-14,Morning,6,29.916666666666668,4.333333333333333,2024-09-14,6,3,1.0,General Surgery,60
4,2024-09-14,Night,1,28.7,4.0,2024-09-14,4,3,0.25,General Surgery,60
4,2024-09-15,Afternoon,4,30.325,4.25,2024-09-15,6,3,0.6666666666666666,General Surgery,60
4,2024-09-15,Morning,3,22.46666666666667,3.3333333333333335,2024-09-15,6,4,0.5,General Surgery,60
4,2024-09-15,Night,1,28.9,5.0,2024-09-15,3,2,0.3333333333333333,General Surgery,60
4,2024-09-16,Afternoon,7,34.4,3.857142857142857,2024-09-16,6,3,1.1666666666666667,General Surgery,60
4,2024-09-16,Morning,5,30.7,4.4,2024-09-16,5,3,1.0,General Surgery,60
4,2024-09-16,Night,1,33.0,4.0,2024-09-16,3,2,0.3333333333333333,General Surgery,60
4,2024-09-17,Afternoon,6,33.18333333333333,3.8333333333333335,2024-09-17,5,3,1.2,General Surgery,60
4,2024-09-17,Morning,2,27.35,4.5,2024-09-17,6,3,0.3333333333333333,General Surgery,60
4,2024-09-17,Night,1,21.6,5.0,2024-09-17,3,1,0.3333333333333333,General Surgery,60
4,2024-09-18,Afternoon,1,25.3,4.0,2024-09-18,6,3,0.16666666666666666,General Surgery,60
4,2024-09-18,Morning,5,27.060000000000002,4.0,2024-09-18,7,3,0.7142857142857143,General Surgery,60
4,2024-09-18,Night,1,32.3,5.0,2024-09-18,4,2,0.25,General Surgery,60
4,2024-09-19,Afternoon,5,32.92,3.8,2024-09-19,5,3,1.0,General Surgery,60
4,2024-09-19,Morning,5,32.760000000000005,4.4,2024-09-19,6,4,0.8333333333333334,General Surgery,60
4,2024-09-20,Afternoon,8,29.487499999999997,4.125,2024-09-20,6,3,1.3333333333333333,General Surgery,60
4,2024-09-20,Morning,3,31.366666666666664,3.6666666666666665,2024-09-20,6,3,0.5,General Surgery,60
4,2024-09-20,Night,1,35.9,5.0,2024-09-20,4,2,0.25,General Surgery,60
4,2024-09-21,Afternoon,7,32.55714285714286,3.857142857142857,2024-09-21,6,3,1.1666666666666667,General Surgery,60
4,2024-09-21,Morning,4,28.65,4.25,2024-09-21,7,3,0.5714285714285714,General Surgery,60
4,2024-09-21,Night,2,25.95,4.0,2024-09-21,4,2,0.5,General Surgery,60
4,2024-09-22,Afternoon,3,26.733333333333334,4.333333333333333,2024-09-22,6,4,0.5,General Surgery,60
4,2024-09-22,Morning,6,31.066666666666666,4.166666666666667,2024-09-22,6,3,1.0,General Surgery,60
4,2024-09-22,Night,2,28.6,5.0,2024-09-22,5,1,0.4,General Surgery,60
4,2024-09-23,Afternoon,9,32.900000000000006,3.7777777777777777,2024-09-23,7,3,1.2857142857142858,General Surgery,60
4,2024-09-23,Morning,3,27.96666666666667,3.3333333333333335,2024-09-23,5,3,0.6,General Surgery,60
4,2024-09-23,Night,2,30.8,3.5,2024-09-23,4,2,0.5,General Surgery,60
4,2024-09-24,Afternoon,8,31.05,3.875,2024-09-24,6,4,1.3333333333333333,General Surgery,60
4,2024-09-24,Morning,2,27.9,4.5,2024-09-24,6,3,0.3333333333333333,General Surgery,60
4,2024-09-24,Night,2,30.65,4.5,2024-09-24,4,2,0.5,General Surgery,60
4,2024-09-25,Afternoon,7,30.114285714285717,4.285714285714286,2024-09-25,7,3,1.0,General Surgery,60
4,2024-09-25,Morning,6,28.933333333333334,4.0,2024-09-25,6,2,1.0,General Surgery,60
4,2024-09-25,Night,3,29.166666666666668,4.333333333333333,2024-09-25,4,3,0.75,General Surgery,60
4,2024-09-26,Afternoon,4,27.875,4.25,2024-09-26,5,3,0.8,General Surgery,60
4,2024-09-26,Morning,5,28.580000000000002,3.8,2024-09-26,7,3,0.7142857142857143,General Surgery,60
4,2024-09-26,Night,3,31.733333333333334,4.0,2024-09-26,4,2,0.75,General Surgery,60
4,2024-09-27,Afternoon,9,34.44444444444444,3.7777777777777777,2024-09-27,6,3,1.5,General Surgery,60
4,2024-09-27,Morning,7,32.5,3.7142857142857144,2024-09-27,7,3,1.0,General Surgery,60
4,2024-09-27,Night,2,29.85,3.5,2024-09-27,3,2,0.6666666666666666,General Surgery,60
4,2024-09-28,Afternoon,2,24.549999999999997,4.5,2024-09-28,7,3,0.2857142857142857,General Surgery,60
4,2024-09-28,Morning,5,29.360000000000003,4.0,2024-09-28,7,3,0.7142857142857143,General Surgery,60
4,2024-09-29,Afternoon,4,27.625,4.0,2024-09-29,7,3,0.5714285714285714,General Surgery,60
4,2024-09-29,Morning,1,20.7,5.0,2024-09-29,7,3,0.14285714285714285,General Surgery,60
4,2024-09-30,Afternoon,5,28.419999999999998,4.2,2024-09-30,6,2,0.8333333333333334,General Surgery,60
4,2024-09-30,Morning,3,24.7,3.6666666666666665,2024-09-30,6,3,0.5,General Surgery,60
4,2024-09-30,Night,1,28.0,4.0,2024-09-30,4,2,0.25,General Surgery,60
4,2024-10-01,Afternoon,7,34.91428571428572,3.5714285714285716,2024-10-01,6,2,1.1666666666666667,General Surgery,60
4,2024-10-01,Morning,6,31.233333333333334,3.5,2024-10-01,6,2,1.0,General Surgery,60
4,2024-10-01,Night,2,27.950000000000003,3.5,2024-10-01,4,2,0.5,General Surgery,60
4,2024-10-02,Afternoon,5,30.02,4.4,2024-10-02,6,3,0.8333333333333334,General Surgery,60
4,2024-10-02,Morning,10,37.95,3.7,2024-10-02,6,3,1.6666666666666667,General Surgery,60
4,2024-10-02,Night,2,26.6,4.0,2024-10-02,4,2,0.5,General Surgery,60
4,2024-10-03,Afternoon,5,28.619999999999997,3.8,2024-10-03,6,2,0.8333333333333334,General Surgery,60
4,2024-10-03,Morning,5,31.560000000000002,4.0,2024-10-03,5,3,1.0,General Surgery,60
4,2024-10-03,Night,3,22.233333333333334,5.0,2024-10-03,4,2,0.75,General Surgery,60
4,2024-10-04,Afternoon,9,32.7,3.888888888888889,2024-10-04,7,3,1.2857142857142858,General Surgery,60
4,2024-10-04,Morning,3,21.666666666666668,4.333333333333333,2024-10-04,7,3,0.42857142857142855,General Surgery,60
4,2024-10-04,Night,1,19.4,4.0,2024-10-04,4,2,0.25,General Surgery,60
4,2024-10-05,Afternoon,3,24.766666666666666,4.0,2024-10-05,7,4,0.42857142857142855,General Surgery,60
4,2024-10-05,Morning,8,30.3375,3.625,2024-10-05,6,3,1.3333333333333333,General Surgery,60
4,2024-10-05,Night,2,24.200000000000003,4.0,2024-10-05,3,2,0.6666666666666666,General Surgery,60
4,2024-10-06,Afternoon,4,26.4,3.75,2024-10-06,5,3,0.8,General Surgery,60
4,2024-10-06,Morning,2,23.7,3.5,2024-10-06,6,2,0.3333333333333333,General Surgery,60
4,2024-10-06,Night,2,22.15,4.5,2024-10-06,4,2,0.5,General Surgery,60
4,2024-10-07,Afternoon,5,31.119999999999997,3.6,2024-10-07,6,3,0.8333333333333334,General Surgery,60
4,2024-10-07,Morning,8,37.975,3.75,2024-10-07,4,3,2.0,General Surgery,60
4,2024-10-07,Night,2,29.6,4.0,2024-10-07,3,2,0.6666666666666666,General Surgery,60
4,2024-10-08,Afternoon,4,33.55,3.75,2024-10-08,5,2,0.8,General Surgery,60
4,2024-10-08,Morning,5,28.6,3.8,2024-10-08,6,3,0.8333333333333334,General Surgery,60
4,2024-10-09,Afternoon,3,30.400000000000002,4.333333333333333,2024-10-09,6,3,0.5,General Surgery,60
4,2024-10-09,Morning,2,28.4,5.0,2024-10-09,5,3,0.4,General Surgery,60
4,2024-10-09,Night,1,30.3,4.0,2024-10-09,3,2,0.3333333333333333,General Surgery,60
4,2024-10-10,Afternoon,3,27.266666666666666,4.666666666666667,2024-10-10,7,3,0.42857142857142855,General Surgery,60
4,2024-10-10,Morning,3,26.233333333333334,4.0,2024-10-10,6,3,0.5,General Surgery,60
4,2024-10-10,Night,2,21.75,5.0,2024-10-10,3,2,0.6666666666666666,General Surgery,60
4,2024-10-11,Afternoon,5,29.46,3.8,2024-10-11,6,4,0.8333333333333334,General Surgery,60
4,2024-10-11,Morning,4,26.9,3.75,2024-10-11,6,4,0.6666666666666666,General Surgery,60
4,2024-10-12,Afternoon,2,28.65,4.0,2024-10-12,6,3,0.3333333333333333,General Surgery,60
4,2024-10-12,Morning,2,22.5,4.5,2024-10-12,6,3,0.3333333333333333,General Surgery,60
4,2024-10-13,Afternoon,7,33.628571428571426,4.142857142857143,2024-10-13,6,3,1.1666666666666667,General Surgery,60
4,2024-10-13,Morning,1,21.6,4.0,2024-10-13,6,3,0.16666666666666666,General Surgery,60
4,2024-10-14,Afternoon,6,33.550000000000004,4.0,2024-10-14,6,3,1.0,General Surgery,60
4,2024-10-14,Morning,4,34.625,3.75,2024-10-14,5,3,0.8,General Surgery,60
4,2024-10-15,Afternoon,4,26.049999999999997,4.75,2024-10-15,6,3,0.6666666666666666,General Surgery,60
4,2024-10-15,Morning,5,31.1,3.4,2024-10-15,6,3,0.8333333333333334,General Surgery,60
4,2024-10-15,Night,2,34.900000000000006,4.5,2024-10-15,4,1,0.5,General Surgery,60
4,2024-10-16,Afternoon,4,25.55,3.5,2024-10-16,7,2,0.5714285714285714,General Surgery,60
4,2024-10-16,Morning,3,30.066666666666663,4.0,2024-10-16,6,3,0.5,General Surgery,60
4,2024-10-17,Afternoon,6,27.366666666666664,3.5,2024-10-17,6,3,1.0,General Surgery,60
4,2024-10-17,Morning,3,24.333333333333332,4.666666666666667,2024-10-17,6,3,0.5,General Surgery,60
4,2024-10-17,Night,1,25.1,5.0,2024-10-17,3,2,0.3333333333333333,General Surgery,60
4,2024-10-18,Afternoon,10,37.17,4.1,2024-10-18,6,3,1.6666666666666667,General Surgery,60
4,2024-10-18,Morning,4,25.125,3.75,2024-10-18,6,3,0.6666666666666666,General Surgery,60
4,2024-10-19,Afternoon,10,39.9,3.6,2024-10-19,5,3,2.0,General Surgery,60
4,2024-10-19,Morning,6,24.916666666666668,3.6666666666666665,2024-10-19,7,3,0.8571428571428571,General Surgery,60
4,2024-10-19,Night,1,25.7,4.0,2024-10-19,4,2,0.25,General Surgery,60
4,2024-10-20,Afternoon,8,36.2,3.75,2024-10-20,6,3,1.3333333333333333,General Surgery,60
4,2024-10-20,Morning,5,32.6,4.0,2024-10-20,7,2,0.7142857142857143,General Surgery,60
4,2024-10-21,Afternoon,5,28.82,4.2,2024-10-21,6,4,0.8333333333333334,General Surgery,60
4,2024-10-21,Morning,4,29.275000000000002,3.75,2024-10-21,5,3,0.8,General Surgery,60
4,2024-10-21,Night,1,17.2,4.0,2024-10-21,5,2,0.2,General Surgery,60
4,2024-10-22,Afternoon,4,31.075,4.0,2024-10-22,6,3,0.6666666666666666,General Surgery,60
4,2024-10-22,Morning,6,28.55,3.6666666666666665,2024-10-22,6,3,1.0,General Surgery,60
4,2024-10-23,Afternoon,7,31.685714285714287,3.857142857142857,2024-10-23,6,3,1.1666666666666667,General Surgery,60
4,2024-10-23,Morning,6,30.2,4.0,2024-10-23,6,3,1.0,General Surgery,60
4,2024-10-23,Night,2,26.75,4.0,2024-10-23,4,3,0.5,General Surgery,60
4,2024-10-24,Afternoon,3,30.3,3.6666666666666665,2024-10-24,6,3,0.5,General Surgery,60
4,2024-10-24,Morning,4,26.85,4.25,2024-10-24,7,3,0.5714285714285714,General Surgery,60
4,2024-10-24,Night,1,30.0,4.0,2024-10-24,4,2,0.25,General Surgery,60
4,2024-10-25,Afternoon,3,23.46666666666667,3.0,2024-10-25,6,3,0.5,General Surgery,60
4,2024-10-25,Morning,3,28.666666666666668,5.0,2024-10-25,5,3,0.6,General Surgery,60
4,2024-10-25,Night,2,26.9,4.0,2024-10-25,4,2,0.5,General Surgery,60
4,2024-10-26,Afternoon,3,26.066666666666666,4.333333333333333,2024-10-26,7,3,0.42857142857142855,General Surgery,60
4,2024-10-26,Morning,6,34.916666666666664,3.6666666666666665,2024-10-26,6,3,1.0,General Surgery,60
4,2024-10-27,Afternoon,5,27.080000000000002,4.0,2024-10-27,8,3,0.625,General Surgery,60
4,2024-10-27,Morning,5,29.879999999999995,4.4,2024-10-27,7,4,0.7142857142857143,General Surgery,60
4,2024-10-27,Night,1,20.8,4.0,2024-10-27,5,2,0.2,General Surgery,60
4,2024-10-28,Afternoon,7,34.471428571428575,3.857142857142857,2024-10-28,6,2,1.1666666666666667,General Surgery,60
4,2024-10-28,Morning,3,29.566666666666666,3.3333333333333335,2024-10-28,6,4,0.5,General Surgery,60
4,2024-10-28,Night,1,12.5,4.0,2024-10-28,3,2,0.3333333333333333,General Surgery,60
4,2024-10-29,Afternoon,4,27.375,4.0,2024-10-29,6,3,0.6666666666666666,General Surgery,60
4,2024-10-29,Morning,8,33.5375,4.0,2024-10-29,7,2,1.1428571428571428,General Surgery,60
4,2024-10-29,Night,3,28.2,4.333333333333333,2024-10-29,4,1,0.75,General Surgery,60
4,2024-10-30,Afternoon,8,35.15,3.875,2024-10-30,6,3,1.3333333333333333,General Surgery,60
4,2024-10-30,Morning,2,28.5,3.5,2024-10-30,6,3,0.3333333333333333,General Surgery,60
4,2024-10-31,Afternoon,4,22.875,4.0,2024-10-31,6,4,0.6666666666666666,General Surgery,60
4,2024-10-31,Morning,6,31.516666666666666,4.333333333333333,2024-10-31,6,3,1.0,General Surgery,60
4,2024-10-31,Night,2,25.95,5.0,2024-10-31,5,2,0.4,General Surgery,60
4,2024-11-01,Afternoon,5,28.78,4.2,2024-11-01,6,4,0.8333333333333334,General Surgery,60
4,2024-11-01,Morning,8,31.7375,4.125,2024-11-01,7,3,1.1428571428571428,General Surgery,60
4,2024-11-01,Night,3,26.166666666666668,3.6666666666666665,2024-11-01,5,2,0.6,General Surgery,60
4,2024-11-02,Afternoon,6,29.116666666666664,3.8333333333333335,2024-11-02,6,3,1.0,General Surgery,60
4,2024-11-02,Morning,4,31.175,3.75,2024-11-02,6,3,0.6666666666666666,General Surgery,60
4,2024-11-03,Afternoon,3,22.900000000000002,4.666666666666667,2024-11-03,6,3,0.5,General Surgery,60
4,2024-11-03,Morning,4,26.475,4.25,2024-11-03,6,3,0.6666666666666666,General Surgery,60
4,2024-11-03,Night,2,32.85,3.5,2024-11-03,3,2,0.6666666666666666,General Surgery,60
4,2024-11-04,Afternoon,6,31.5,4.166666666666667,2024-11-04,5,3,1.2,General Surgery,60
4,2024-11-04,Morning,5,25.22,3.4,2024-11-04,5,3,1.0,General Surgery,60
4,2024-11-04,Night,2,25.950000000000003,4.0,2024-11-04,5,2,0.4,General Surgery,60
4,2024-11-05,Afternoon,7,31.714285714285715,3.857142857142857,2024-11-05,6,3,1.1666666666666667,General Surgery,60
4,2024-11-05,Morning,5,30.18,4.0,2024-11-05,7,3,0.7142857142857143,General Surgery,60
4,2024-11-06,Afternoon,7,38.114285714285714,3.5714285714285716,2024-11-06,6,3,1.1666666666666667,General Surgery,60
4,2024-11-06,Morning,6,31.45,3.6666666666666665,2024-11-06,6,3,1.0,General Surgery,60
4,2024-11-06,Night,1,27.8,5.0,2024-11-06,3,2,0.3333333333333333,General Surgery,60
4,2024-11-07,Afternoon,6,31.75,3.8333333333333335,2024-11-07,7,2,0.8571428571428571,General Surgery,60
4,2024-11-07,Morning,11,35.21818181818182,3.727272727272727,2024-11-07,6,3,1.8333333333333333,General Surgery,60
4,2024-11-07,Night,3,33.63333333333333,4.333333333333333,2024-11-07,4,2,0.75,General Surgery,60
4,2024-11-08,Afternoon,9,38.43333333333333,4.0,2024-11-08,5,3,1.8,General Surgery,60
4,2024-11-08,Morning,7,32.05714285714286,3.7142857142857144,2024-11-08,6,3,1.1666666666666667,General Surgery,60
4,2024-11-08,Night,2,27.0,4.0,2024-11-08,3,2,0.6666666666666666,General Surgery,60
4,2024-11-09,Afternoon,4,30.775,4.0,2024-11-09,6,3,0.6666666666666666,General Surgery,60
4,2024-11-09,Morning,4,29.725,4.25,2024-11-09,6,3,0.6666666666666666,General Surgery,60
4,2024-11-09,Night,2,28.1,4.0,2024-11-09,5,3,0.4,General Surgery,60
4,2024-11-10,Afternoon,4,28.85,4.0,2024-11-10,6,3,0.6666666666666666,General Surgery,60
4,2024-11-10,Morning,1,35.8,5.0,2024-11-10,8,3,0.125,General Surgery,60
4,2024-11-10,Night,3,33.0,4.333333333333333,2024-11-10,4,1,0.75,General Surgery,60
4,2024-11-11,Afternoon,7,34.4,4.142857142857143,2024-11-11,5,3,1.4,General Surgery,60
4,2024-11-11,Morning,2,25.65,4.0,2024-11-11,6,3,0.3333333333333333,General Surgery,60
4,2024-11-11,Night,1,21.1,5.0,2024-11-11,4,2,0.25,General Surgery,60
4,2024-11-12,Afternoon,5,32.96,3.4,2024-11-12,6,3,0.8333333333333334,General Surgery,60
4,2024-11-12,Morning,5,27.619999999999997,3.8,2024-11-12,7,3,0.7142857142857143,General Surgery,60
4,2024-11-12,Night,2,31.55,3.5,2024-11-12,3,1,0.6666666666666666,General Surgery,60
4,2024-11-13,Afternoon,7,32.25714285714286,4.0,2024-11-13,7,3,1.0,General Surgery,60
4,2024-11-13,Morning,5,30.939999999999998,3.6,2024-11-13,5,4,1.0,General Surgery,60
4,2024-11-13,Night,1,33.4,4.0,2024-11-13,5,2,0.2,General Surgery,60
4,2024-11-14,Afternoon,5,27.76,4.4,2024-11-14,6,3,0.8333333333333334,General Surgery,60
4,2024-11-14,Morning,6,32.1,4.166666666666667,2024-11-14,6,3,1.0,General Surgery,60
4,2024-11-14,Night,1,24.3,4.0,2024-11-14,4,2,0.25,General Surgery,60
4,2024-11-15,Afternoon,4,27.475,4.5,2024-11-15,7,3,0.5714285714285714,General Surgery,60
4,2024-11-15,Morning,3,29.03333333333333,3.0,2024-11-15,6,3,0.5,General Surgery,60
4,2024-11-15,Night,2,30.65,4.5,2024-11-15,4,2,0.5,General Surgery,60
4,2024-11-16,Afternoon,7,31.728571428571428,4.428571428571429,2024-11-16,6,3,1.1666666666666667,General Surgery,60
4,2024-11-16,Morning,4,29.325000000000003,4.25,2024-11-16,6,3,0.6666666666666666,General Surgery,60
4,2024-11-17,Afternoon,4,29.35,4.0,2024-11-17,6,3,0.6666666666666666,General Surgery,60
4,2024-11-17,Morning,2,31.75,5.0,2024-11-17,6,4,0.3333333333333333,General Surgery,60
4,2024-11-17,Night,1,20.9,4.0,2024-11-17,4,2,0.25,General Surgery,60
4,2024-11-18,Afternoon,7,33.028571428571425,4.142857142857143,2024-11-18,6,2,1.1666666666666667,General Surgery,60
4,2024-11-18,Morning,4,31.025,3.5,2024-11-18,6,3,0.6666666666666666,General Surgery,60
4,2024-11-19,Afternoon,9,33.52222222222222,3.2222222222222223,2024-11-19,6,3,1.5,General Surgery,60
4,2024-11-19,Morning,3,26.2,3.3333333333333335,2024-11-19,6,3,0.5,General Surgery,60
4,2024-11-19,Night,2,32.25,3.0,2024-11-19,4,2,0.5,General Surgery,60
4,2024-11-20,Afternoon,5,30.580000000000002,4.2,2024-11-20,7,3,0.7142857142857143,General Surgery,60
4,2024-11-20,Morning,6,30.03333333333333,4.0,2024-11-20,5,4,1.2,General Surgery,60
4,2024-11-20,Night,1,20.2,3.0,2024-11-20,3,1,0.3333333333333333,General Surgery,60
4,2024-11-21,Afternoon,6,34.0,4.666666666666667,2024-11-21,6,3,1.0,General Surgery,60
4,2024-11-21,Morning,5,24.68,3.8,2024-11-21,7,3,0.7142857142857143,General Surgery,60
4,2024-11-22,Afternoon,2,23.4,3.0,2024-11-22,5,2,0.4,General Surgery,60
4,2024-11-22,Morning,5,31.580000000000002,3.8,2024-11-22,6,3,0.8333333333333334,General Surgery,60
4,2024-11-22,Night,1,24.4,4.0,2024-11-22,4,1,0.25,General Surgery,60
4,2024-11-23,Afternoon,6,28.900000000000002,4.333333333333333,2024-11-23,7,3,0.8571428571428571,General Surgery,60
4,2024-11-23,Morning,5,28.639999999999997,3.8,2024-11-23,7,2,0.7142857142857143,General Surgery,60
4,2024-11-23,Night,1,31.8,4.0,2024-11-23,4,2,0.25,General Surgery,60
4,2024-11-24,Afternoon,11,36.018181818181816,3.727272727272727,2024-11-24,6,3,1.8333333333333333,General Surgery,60
4,2024-11-24,Morning,4,27.475,3.75,2024-11-24,6,3,0.6666666666666666,General Surgery,60
4,2024-11-25,Afternoon,7,32.128571428571426,3.857142857142857,2024-11-25,6,3,1.1666666666666667,General Surgery,60
4,2024-11-25,Morning,9,41.2,4.111111111111111,2024-11-25,4,3,2.25,General Surgery,60
4,2024-11-26,Afternoon,3,35.800000000000004,4.333333333333333,2024-11-26,7,3,0.42857142857142855,General Surgery,60
4,2024-11-26,Morning,6,34.166666666666664,3.5,2024-11-26,6,3,1.0,General Surgery,60
4,2024-11-26,Night,1,23.4,4.0,2024-11-26,4,2,0.25,General Surgery,60
4,2024-11-27,Afternoon,5,29.26,4.4,2024-11-27,7,3,0.7142857142857143,General Surgery,60
4,2024-11-27,Morning,9,35.62222222222223,4.222222222222222,2024-11-27,5,2,1.8,General Surgery,60
4,2024-11-28,Afternoon,2,32.5,4.5,2024-11-28,6,3,0.3333333333333333,General Surgery,60
4,2024-11-28,Morning,1,27.2,4.0,2024-11-28,6,4,0.16666666666666666,General Surgery,60
4,2024-11-28,Night,1,24.4,4.0,2024-11-28,3,2,0.3333333333333333,General Surgery,60
4,2024-11-29,Afternoon,6,34.666666666666664,4.166666666666667,2024-11-29,5,3,1.2,General Surgery,60
4,2024-11-29,Morning,7,29.47142857142857,4.0,2024-11-29,6,3,1.1666666666666667,General Surgery,60
4,2024-11-29,Night,2,32.1,4.0,2024-11-29,3,2,0.6666666666666666,General Surgery,60
4,2024-11-30,Afternoon,6,30.96666666666667,4.166666666666667,2024-11-30,6,3,1.0,General Surgery,60
4,2024-11-30,Morning,3,29.2,4.333333333333333,2024-11-30,7,4,0.42857142857142855,General Surgery,60
4,2024-11-30,Night,1,24.5,4.0,2024-11-30,4,2,0.25,General Surgery,60
4,2024-12-01,Afternoon,2,25.25,3.5,2024-12-01,6,3,0.3333333333333333,General Surgery,60
4,2024-12-01,Morning,3,29.0,4.333333333333333,2024-12-01,6,3,0.5,General Surgery,60
4,2024-12-01,Night,1,28.4,4.0,2024-12-01,3,2,0.3333333333333333,General Surgery,60
4,2024-12-02,Afternoon,10,39.55,3.6,2024-12-02,5,3,2.0,General Surgery,60
4,2024-12-02,Morning,5,29.68,4.0,2024-12-02,5,3,1.0,General Surgery,60
4,2024-12-02,Night,1,23.7,3.0,2024-12-02,4,2,0.25,General Surgery,60
4,2024-12-03,Afternoon,6,28.833333333333332,3.5,2024-12-03,6,3,1.0,General Surgery,60
4,2024-12-03,Morning,2,27.75,4.5,2024-12-03,5,3,0.4,General Surgery,60
4,2024-12-04,Afternoon,4,28.700000000000003,4.0,2024-12-04,5,3,0.8,General Surgery,60
4,2024-12-04,Morning,6,31.166666666666668,3.6666666666666665,2024-12-04,6,3,1.0,General Surgery,60
4,2024-12-05,Afternoon,7,31.114285714285717,4.0,2024-12-05,6,3,1.1666666666666667,General Surgery,60
4,2024-12-05,Morning,10,39.230000000000004,3.6,2024-12-05,5,2,2.0,General Surgery,60
4,2024-12-05,Night,1,23.4,5.0,2024-12-05,3,2,0.3333333333333333,General Surgery,60
4,2024-12-06,Afternoon,11,44.07272727272727,3.727272727272727,2024-12-06,4,3,2.75,General Surgery,60
4,2024-12-06,Morning,6,30.133333333333336,3.8333333333333335,2024-12-06,6,3,1.0,General Surgery,60
4,2024-12-07,Afternoon,3,23.2,4.666666666666667,2024-12-07,6,3,0.5,General Surgery,60
4,2024-12-07,Morning,5,30.160000000000004,4.2,2024-12-07,6,3,0.8333333333333334,General Surgery,60
4,2024-12-07,Night,2,23.700000000000003,4.5,2024-12-07,4,2,0.5,General Surgery,60
4,2024-12-08,Afternoon,4,31.175,3.75,2024-12-08,5,3,0.8,General Surgery,60
4,2024-12-08,Morning,3,29.633333333333336,3.3333333333333335,2024-12-08,6,3,0.5,General Surgery,60
4,2024-12-08,Night,1,25.5,5.0,2024-12-08,5,2,0.2,General Surgery,60
4,2024-12-09,Afternoon,4,31.299999999999997,4.5,2024-12-09,6,2,0.6666666666666666,General Surgery,60
4,2024-12-09,Morning,5,30.020000000000003,3.6,2024-12-09,4,3,1.25,General Surgery,60
4,2024-12-10,Afternoon,9,34.12222222222223,4.111111111111111,2024-12-10,6,4,1.5,General Surgery,60
4,2024-12-10,Morning,3,34.0,3.6666666666666665,2024-12-10,5,3,0.6,General Surgery,60
4,2024-12-10,Night,1,20.3,5.0,2024-12-10,4,1,0.25,General Surgery,60
4,2024-12-11,Afternoon,7,32.871428571428574,4.142857142857143,2024-12-11,6,4,1.1666666666666667,General Surgery,60
4,2024-12-11,Morning,6,31.5,4.5,2024-12-11,6,3,1.0,General Surgery,60
4,2024-12-11,Night,1,28.8,4.0,2024-12-11,5,2,0.2,General Surgery,60
4,2024-12-12,Afternoon,4,26.4,4.0,2024-12-12,6,3,0.6666666666666666,General Surgery,60
4,2024-12-12,Morning,4,33.05,3.5,2024-12-12,6,3,0.6666666666666666,General Surgery,60
4,2024-12-12,Night,1,29.1,4.0,2024-12-12,4,2,0.25,General Surgery,60
4,2024-12-13,Afternoon,11,38.32727272727273,3.6363636363636362,2024-12-13,6,3,1.8333333333333333,General Surgery,60
4,2024-12-13,Morning,3,26.46666666666667,3.6666666666666665,2024-12-13,7,3,0.42857142857142855,General Surgery,60
4,2024-12-13,Night,4,33.375,4.5,2024-12-13,4,1,1.0,General Surgery,60
4,2024-12-14,Afternoon,3,24.7,4.333333333333333,2024-12-14,6,3,0.5,General Surgery,60
4,2024-12-14,Morning,2,35.75,4.0,2024-12-14,6,3,0.3333333333333333,General Surgery,60
4,2024-12-14,Night,1,19.1,3.0,2024-12-14,4,2,0.25,General Surgery,60
4,2024-12-15,Afternoon,10,34.239999999999995,4.0,2024-12-15,6,3,1.6666666666666667,General Surgery,60
4,2024-12-15,Morning,2,28.65,3.5,2024-12-15,8,3,0.25,General Surgery,60
4,2024-12-16,Afternoon,5,32.46,4.2,2024-12-16,7,2,0.7142857142857143,General Surgery,60
4,2024-12-16,Morning,5,31.060000000000002,4.2,2024-12-16,5,3,1.0,General Surgery,60
4,2024-12-16,Night,1,16.5,5.0,2024-12-16,4,3,0.25,General Surgery,60
4,2024-12-17,Afternoon,5,30.04,3.8,2024-12-17,6,3,0.8333333333333334,General Surgery,60
4,2024-12-17,Morning,3,24.5,4.0,2024-12-17,7,3,0.42857142857142855,General Surgery,60
4,2024-12-17,Night,1,41.7,4.0,2024-12-17,4,2,0.25,General Surgery,60
4,2024-12-18,Afternoon,7,35.42857142857143,3.7142857142857144,2024-12-18,6,3,1.1666666666666667,General Surgery,60
4,2024-12-18,Morning,7,33.82857142857143,4.285714285714286,2024-12-18,5,3,1.4,General Surgery,60
4,2024-12-18,Night,2,30.5,3.5,2024-12-18,4,2,0.5,General Surgery,60
4,2024-12-19,Afternoon,13,39.11538461538461,3.769230769230769,2024-12-19,6,3,2.1666666666666665,General Surgery,60
4,2024-12-19,Morning,2,25.15,4.0,2024-12-19,6,3,0.3333333333333333,General Surgery,60
4,2024-12-19,Night,1,21.9,5.0,2024-12-19,4,3,0.25,General Surgery,60
4,2024-12-20,Afternoon,6,33.78333333333333,3.6666666666666665,2024-12-20,6,3,1.0,General Surgery,60
4,2024-12-20,Morning,7,33.6,4.142857142857143,2024-12-20,5,3,1.4,General Surgery,60
4,2024-12-20,Night,2,26.299999999999997,3.5,2024-12-20,4,2,0.5,General Surgery,60
4,2024-12-21,Afternoon,5,27.48,4.0,2024-12-21,8,3,0.625,General Surgery,60
4,2024-12-21,Morning,5,25.34,4.4,2024-12-21,6,4,0.8333333333333334,General Surgery,60
4,2024-12-22,Afternoon,4,26.3,4.5,2024-12-22,7,3,0.5714285714285714,General Surgery,60
4,2024-12-22,Morning,3,25.733333333333334,3.3333333333333335,2024-12-22,6,3,0.5,General Surgery,60
4,2024-12-22,Night,1,17.7,4.0,2024-12-22,5,2,0.2,General Surgery,60
4,2024-12-23,Afternoon,9,35.8,3.7777777777777777,2024-12-23,6,3,1.5,General Surgery,60
4,2024-12-23,Morning,3,31.866666666666664,4.333333333333333,2024-12-23,5,3,0.6,General Surgery,60
4,2024-12-23,Night,2,30.099999999999998,4.0,2024-12-23,3,2,0.6666666666666666,General Surgery,60
4,2024-12-24,Afternoon,7,31.657142857142855,3.7142857142857144,2024-12-24,5,2,1.4,General Surgery,60
4,2024-12-24,Morning,6,32.4,4.166666666666667,2024-12-24,6,4,1.0,General Surgery,60
4,2024-12-24,Night,1,25.7,4.0,2024-12-24,3,2,0.3333333333333333,General Surgery,60
4,2024-12-25,Afternoon,7,31.47142857142857,4.142857142857143,2024-12-25,7,2,1.0,General Surgery,60
4,2024-12-25,Morning,5,32.64,3.4,2024-12-25,5,3,1.0,General Surgery,60
4,2024-12-26,Afternoon,5,30.160000000000004,3.6,2024-12-26,6,3,0.8333333333333334,General Surgery,60
4,2024-12-26,Morning,8,37.8375,3.875,2024-12-26,4,3,2.0,General Surgery,60
4,2024-12-26,Night,1,24.1,5.0,2024-12-26,3,2,0.3333333333333333,General Surgery,60
4,2024-12-27,Afternoon,10,32.25,3.7,2024-12-27,7,3,1.4285714285714286,General Surgery,60
4,2024-12-27,Morning,9,38.355555555555554,3.4444444444444446,2024-12-27,6,3,1.5,General Surgery,60
4,2024-12-27,Night,2,26.950000000000003,4.0,2024-12-27,4,2,0.5,General Surgery,60
4,2024-12-28,Afternoon,6,31.549999999999997,3.8333333333333335,2024-12-28,6,3,1.0,General Surgery,60
4,2024-12-28,Morning,4,27.6,4.0,2024-12-28,6,4,0.6666666666666666,General Surgery,60
4,2024-12-28,Night,3,29.0,3.6666666666666665,2024-12-28,3,3,1.0,General Surgery,60
4,2024-12-29,Afternoon,1,28.9,4.0,2024-12-29,6,3,0.16666666666666666,General Surgery,60
4,2024-12-29,Morning,3,29.73333333333333,4.0,2024-12-29,7,3,0.42857142857142855,General Surgery,60
4,2024-12-30,Afternoon,4,28.275,4.0,2024-12-30,6,3,0.6666666666666666,General Surgery,60
4,2024-12-30,Morning,6,35.733333333333334,3.8333333333333335,2024-12-30,5,3,1.2,General Surgery,60
4,2024-12-31,Afternoon,4,24.075,4.0,2024-12-31,7,3,0.5714285714285714,General Surgery,60
4,2024-12-31,Morning,7,31.099999999999998,4.142857142857143,2024-12-31,6,3,1.1666666666666667,General Surgery,60
4,2024-12-31,Night,5,35.14,4.2,2024-12-31,3,3,1.6666666666666667,General Surgery,60
5,2024-01-01,Afternoon,11,40.26363636363636,3.090909090909091,2024-01-01,3,2,3.6666666666666665,Pediatrics,40
5,2024-01-01,Morning,9,37.68888888888889,3.888888888888889,2024-01-01,3,2,3.0,Pediatrics,40
5,2024-01-01,Night,5,35.519999999999996,4.0,2024-01-01,2,2,2.5,Pediatrics,40
5,2024-01-02,Afternoon,7,26.971428571428568,4.0,2024-01-02,4,2,1.75,Pediatrics,40
5,2024-01-02,Morning,7,27.357142857142858,3.857142857142857,2024-01-02,4,2,1.75,Pediatrics,40
5,2024-01-03,Afternoon,3,19.333333333333332,4.0,2024-01-03,4,2,0.75,Pediatrics,40
5,2024-01-03,Morning,8,28.3875,3.625,2024-01-03,4,2,2.0,Pediatrics,40
5,2024-01-03,Night,1,27.8,4.0,2024-01-03,2,1,0.5,Pediatrics,40
5,2024-01-04,Afternoon,9,27.633333333333333,3.5555555555555554,2024-01-04,5,3,1.8,Pediatrics,40
5,2024-01-04,Morning,4,25.675,3.75,2024-01-04,4,2,1.0,Pediatrics,40
5,2024-01-04,Night,2,19.0,4.0,2024-01-04,2,1,1.0,Pediatrics,40
5,2024-01-05,Afternoon,10,32.64,3.8,2024-01-05,5,2,2.0,Pediatrics,40
5,2024-01-05,Morning,7,22.314285714285713,4.428571428571429,2024-01-05,5,2,1.4,Pediatrics,40
5,2024-01-05,Night,2,24.75,4.5,2024-01-05,3,1,0.6666666666666666,Pediatrics,40
5,2024-01-06,Afternoon,11,30.727272727272727,3.5454545454545454,2024-01-06,5,2,2.2,Pediatrics,40
5,2024-01-06,Morning,7,26.928571428571427,3.4285714285714284,2024-01-06,5,2,1.4,Pediatrics,40
5,2024-01-06,Night,2,19.25,3.5,2024-01-06,3,1,0.6666666666666666,Pediatrics,40
5,2024-01-07,Afternoon,9,26.033333333333335,4.111111111111111,2024-01-07,5,2,1.8,Pediatrics,40
5,2024-01-07,Morning,3,20.833333333333332,3.3333333333333335,2024-01-07,4,2,0.75,Pediatrics,40
5,2024-01-07,Night,1,24.2,4.0,2024-01-07,3,1,0.3333333333333333,Pediatrics,40
5,2024-01-08,Afternoon,11,35.26363636363636,3.727272727272727,2024-01-08,4,2,2.75,Pediatrics,40
5,2024-01-08,Morning,7,30.414285714285715,3.4285714285714284,2024-01-08,3,2,2.3333333333333335,Pediatrics,40
5,2024-01-08,Night,3,22.166666666666668,4.333333333333333,2024-01-08,3,1,1.0,Pediatrics,40
5,2024-01-09,Afternoon,10,38.75,3.6,2024-01-09,3,2,3.3333333333333335,Pediatrics,40
5,2024-01-09,Morning,4,21.9,3.75,2024-01-09,4,2,1.0,Pediatrics,40
5,2024-01-09,Night,1,22.6,3.0,2024-01-09,3,1,0.3333333333333333,Pediatrics,40
5,2024-01-10,Afternoon,4,27.6,4.5,2024-01-10,3,2,1.3333333333333333,Pediatrics,40
5,2024-01-10,Morning,10,38.51,3.3,2024-01-10,3,3,3.3333333333333335,Pediatrics,40
5,2024-01-10,Night,1,25.0,4.0,2024-01-10,3,1,0.3333333333333333,Pediatrics,40
5,2024-01-11,Afternoon,5,22.28,3.6,2024-01-11,4,2,1.25,Pediatrics,40
5,2024-01-11,Morning,8,32.5,3.625,2024-01-11,3,2,2.6666666666666665,Pediatrics,40
5,2024-01-11,Night,3,23.933333333333334,3.6666666666666665,2024-01-11,3,2,1.0,Pediatrics,40
5,2024-01-12,Afternoon,11,32.481818181818184,4.181818181818182,2024-01-12,5,2,2.2,Pediatrics,40
5,2024-01-12,Morning,7,31.485714285714284,3.5714285714285716,2024-01-12,4,2,1.75,Pediatrics,40
5,2024-01-12,Night,1,21.4,4.0,2024-01-12,2,1,0.5,Pediatrics,40
5,2024-01-13,Afternoon,8,27.375,3.75,2024-01-13,5,2,1.6,Pediatrics,40
5,2024-01-13,Morning,4,21.875,4.0,2024-01-13,4,2,1.0,Pediatrics,40
5,2024-01-13,Night,1,18.4,4.0,2024-01-13,2,1,0.5,Pediatrics,40
5,2024-01-14,Afternoon,10,34.1,3.3,2024-01-14,4,1,2.5,Pediatrics,40
5,2024-01-14,Morning,3,21.366666666666664,4.333333333333333,2024-01-14,5,3,0.6,Pediatrics,40
5,2024-01-14,Night,2,27.9,3.5,2024-01-14,2,2,1.0,Pediatrics,40
5,2024-01-15,Afternoon,11,34.73636363636364,3.8181818181818183,2024-01-15,4,2,2.75,Pediatrics,40
5,2024-01-15,Morning,8,28.2125,3.75,2024-01-15,5,2,1.6,Pediatrics,40
5,2024-01-15,Night,2,20.5,4.5,2024-01-15,3,2,0.6666666666666666,Pediatrics,40
5,2024-01-16,Afternoon,7,27.271428571428572,4.142857142857143,2024-01-16,4,1,1.75,Pediatrics,40
5,2024-01-16,Morning,4,25.425,3.25,2024-01-16,4,2,1.0,Pediatrics,40
5,2024-01-17,Afternoon,2,20.45,4.0,2024-01-17,5,2,0.4,Pediatrics,40
5,2024-01-17,Morning,8,29.5625,4.0,2024-01-17,4,3,2.0,Pediatrics,40
5,2024-01-17,Night,2,22.1,3.5,2024-01-17,3,1,0.6666666666666666,Pediatrics,40
5,2024-01-18,Afternoon,5,25.060000000000002,4.0,2024-01-18,5,3,1.0,Pediatrics,40
5,2024-01-18,Morning,9,38.13333333333333,3.6666666666666665,2024-01-18,3,2,3.0,Pediatrics,40
5,2024-01-18,Night,1,20.8,3.0,2024-01-18,2,1,0.5,Pediatrics,40
5,2024-01-19,Afternoon,10,34.4,3.3,2024-01-19,4,2,2.5,Pediatrics,40
5,2024-01-19,Morning,4,21.0,4.0,2024-01-19,4,2,1.0,Pediatrics,40
5,2024-01-19,Night,1,30.7,4.0,2024-01-19,2,1,0.5,Pediatrics,40
5,2024-01-20,Afternoon,3,19.46666666666667,3.6666666666666665,2024-01-20,5,2,0.6,Pediatrics,40
5,2024-01-20,Morning,6,29.166666666666668,3.8333333333333335,2024-01-20,4,2,1.5,Pediatrics,40
5,2024-01-20,Night,1,19.7,3.0,2024-01-20,2,1,0.5,Pediatrics,40
5,2024-01-21,Afternoon,8,27.650000000000002,3.75,2024-01-21,4,3,2.0,Pediatrics,40
5,2024-01-21,Morning,8,27.875,4.0,2024-01-21,4,2,2.0,Pediatrics,40
5,2024-01-21,Night,4,27.425,4.25,2024-01-21,3,1,1.3333333333333333,Pediatrics,40
5,2024-01-22,Afternoon,7,23.057142857142857,3.4285714285714284,2024-01-22,5,1,1.4,Pediatrics,40
5,2024-01-22,Morning,8,35.0625,3.5,2024-01-22,3,2,2.6666666666666665,Pediatrics,40
5,2024-01-22,Night,1,16.7,4.0,2024-01-22,3,2,0.3333333333333333,Pediatrics,40
5,2024-01-23,Afternoon,4,22.1,4.25,2024-01-23,5,2,0.8,Pediatrics,40
5,2024-01-23,Morning,3,22.399999999999995,3.6666666666666665,2024-01-23,5,1,0.6,Pediatrics,40
5,2024-01-23,Night,5,26.22,4.4,2024-01-23,3,1,1.6666666666666667,Pediatrics,40
5,2024-01-24,Afternoon,8,30.6875,3.625,2024-01-24,4,3,2.0,Pediatrics,40
5,2024-01-24,Morning,4,25.225,4.0,2024-01-24,4,2,1.0,Pediatrics,40
5,2024-01-24,Night,2,23.9,3.5,2024-01-24,2,1,1.0,Pediatrics,40
5,2024-01-25,Afternoon,9,35.06666666666667,3.5555555555555554,2024-01-25,3,1,3.0,Pediatrics,40
5,2024-01-25,Morning,8,32.225,4.0,2024-01-25,4,2,2.0,Pediatrics,40
5,2024-01-25,Night,1,18.6,4.0,2024-01-25,2,1,0.5,Pediatrics,40
5,2024-01-26,Afternoon,9,30.200000000000003,4.111111111111111,2024-01-26,4,1,2.25,Pediatrics,40
5,2024-01-26,Morning,12,44.300000000000004,3.1666666666666665,2024-01-26,3,2,4.0,Pediatrics,40
5,2024-01-26,Night,2,24.45,3.5,2024-01-26,3,1,0.6666666666666666,Pediatrics,40
5,2024-01-27,Afternoon,5,24.740000000000002,4.0,2024-01-27,4,2,1.25,Pediatrics,40
5,2024-01-27,Morning,5,19.22,3.6,2024-01-27,5,2,1.0,Pediatrics,40
5,2024-01-27,Night,3,21.933333333333334,3.6666666666666665,2024-01-27,2,1,1.5,Pediatrics,40
5,2024-01-28,Afternoon,7,24.342857142857145,3.857142857142857,2024-01-28,5,2,1.4,Pediatrics,40
5,2024-01-28,Morning,5,19.880000000000003,4.0,2024-01-28,4,2,1.25,Pediatrics,40
5,2024-01-28,Night,1,13.1,5.0,2024-01-28,4,1,0.25,Pediatrics,40
5,2024-01-29,Afternoon,8,32.1125,3.375,2024-01-29,4,2,2.0,Pediatrics,40
5,2024-01-29,Morning,9,31.72222222222222,4.0,2024-01-29,4,2,2.25,Pediatrics,40
5,2024-01-30,Afternoon,9,28.233333333333334,3.7777777777777777,2024-01-30,5,2,1.8,Pediatrics,40
5,2024-01-30,Morning,9,31.877777777777776,3.4444444444444446,2024-01-30,4,2,2.25,Pediatrics,40
5,2024-01-31,Afternoon,4,24.25,4.5,2024-01-31,4,3,1.0,Pediatrics,40
5,2024-01-31,Morning,6,26.266666666666666,3.5,2024-01-31,4,2,1.5,Pediatrics,40
5,2024-01-31,Night,4,21.1,3.5,2024-01-31,3,1,1.3333333333333333,Pediatrics,40
5,2024-02-01,Afternoon,4,26.775,4.0,2024-02-01,4,2,1.0,Pediatrics,40
5,2024-02-01,Morning,5,25.36,3.4,2024-02-01,4,2,1.25,Pediatrics,40
5,2024-02-01,Night,3,20.5,3.6666666666666665,2024-02-01,3,2,1.0,Pediatrics,40
5,2024-02-02,Afternoon,6,22.96666666666667,3.6666666666666665,2024-02-02,4,2,1.5,Pediatrics,40
5,2024-02-02,Morning,6,26.400000000000002,4.0,2024-02-02,4,2,1.5,Pediatrics,40
5,2024-02-02,Night,1,13.7,4.0,2024-02-02,3,1,0.3333333333333333,Pediatrics,40
5,2024-02-03,Afternoon,6,25.599999999999998,4.0,2024-02-03,4,2,1.5,Pediatrics,40
5,2024-02-03,Morning,5,24.6,3.4,2024-02-03,4,3,1.25,Pediatrics,40
5,2024-02-03,Night,1,17.8,3.0,2024-02-03,2,1,0.5,Pediatrics,40
5,2024-02-04,Afternoon,8,27.85,3.625,2024-02-04,5,2,1.6,Pediatrics,40
5,2024-02-04,Morning,5,25.119999999999997,4.2,2024-02-04,4,2,1.25,Pediatrics,40
5,2024-02-04,Night,2,15.4,4.5,2024-02-04,3,1,0.6666666666666666,Pediatrics,40
5,2024-02-05,Afternoon,5,27.639999999999997,4.0,2024-02-05,4,1,1.25,Pediatrics,40
5,2024-02-05,Morning,2,18.3,5.0,2024-02-05,3,2,0.6666666666666666,Pediatrics,40
5,2024-02-05,Night,1,10.6,5.0,2024-02-05,2,2,0.5,Pediatrics,40
5,2024-02-06,Afternoon,7,26.457142857142856,3.7142857142857144,2024-02-06,4,2,1.75,Pediatrics,40
5,2024-02-06,Morning,9,28.5,4.111111111111111,2024-02-06,4,2,2.25,Pediatrics,40
5,2024-02-06,Night,1,19.0,4.0,2024-02-06,2,1,0.5,Pediatrics,40
5,2024-02-07,Afternoon,6,28.28333333333333,3.8333333333333335,2024-02-07,4,2,1.5,Pediatrics,40
5,2024-02-07,Morning,10,33.980000000000004,3.6,2024-02-07,4,2,2.5,Pediatrics,40
5,2024-02-07,Night,1,13.5,4.0,2024-02-07,2,1,0.5,Pediatrics,40
5,2024-02-08,Afternoon,5,21.880000000000003,4.2,2024-02-08,5,2,1.0,Pediatrics,40
5,2024-02-08,Morning,12,32.608333333333334,3.5833333333333335,2024-02-08,5,3,2.4,Pediatrics,40
5,2024-02-08,Night,1,6.5,4.0,2024-02-08,2,1,0.5,Pediatrics,40
5,2024-02-09,Afternoon,9,30.099999999999998,3.5555555555555554,2024-02-09,4,2,2.25,Pediatrics,40
5,2024-02-09,Morning,7,27.11428571428571,3.5714285714285716,2024-02-09,5,2,1.4,Pediatrics,40
5,2024-02-09,Night,5,24.880000000000003,4.0,2024-02-09,4,1,1.25,Pediatrics,40
5,2024-02-10,Afternoon,5,23.9,3.8,2024-02-10,5,2,1.0,Pediatrics,40
5,2024-02-10,Morning,5,20.52,4.0,2024-02-10,5,2,1.0,Pediatrics,40
5,2024-02-11,Afternoon,5,23.7,3.6,2024-02-11,4,2,1.25,Pediatrics,40
5,2024-02-11,Morning,4,24.2,4.5,2024-02-11,4,2,1.0,Pediatrics,40
5,2024-02-11,Night,6,28.416666666666668,4.0,2024-02-11,4,2,1.5,Pediatrics,40
5,2024-02-12,Afternoon,10,27.139999999999997,3.8,2024-02-12,5,1,2.0,Pediatrics,40
5,2024-02-12,Morning,2,20.9,4.0,2024-02-12,5,2,0.4,Pediatrics,40
5,2024-02-12,Night,2,15.65,4.0,2024-02-12,2,1,1.0,Pediatrics,40
5,2024-02-13,Afternoon,7,28.442857142857143,3.857142857142857,2024-02-13,4,2,1.75,Pediatrics,40
5,2024-02-13,Morning,12,38.791666666666664,3.3333333333333335,2024-02-13,4,2,3.0,Pediatrics,40
5,2024-02-13,Night,1,20.0,5.0,2024-02-13,4,1,0.25,Pediatrics,40
5,2024-02-14,Afternoon,5,18.759999999999998,4.0,2024-02-14,4,2,1.25,Pediatrics,40
5,2024-02-15,Afternoon,5,26.380000000000003,3.4,2024-02-15,3,1,1.6666666666666667,Pediatrics,40
5,2024-02-15,Morning,8,29.3,4.0,2024-02-15,5,2,1.6,Pediatrics,40
5,2024-02-15,Night,1,26.8,5.0,2024-02-15,3,1,0.3333333333333333,Pediatrics,40
5,2024-02-16,Afternoon,6,23.166666666666668,4.333333333333333,2024-02-16,5,2,1.2,Pediatrics,40
5,2024-02-16,Morning,4,17.325,4.0,2024-02-16,4,2,1.0,Pediatrics,40
5,2024-02-17,Afternoon,5,21.52,4.2,2024-02-17,5,2,1.0,Pediatrics,40
5,2024-02-17,Morning,6,21.316666666666666,4.166666666666667,2024-02-17,5,2,1.2,Pediatrics,40
5,2024-02-17,Night,3,22.566666666666666,4.666666666666667,2024-02-17,3,2,1.0,Pediatrics,40
5,2024-02-18,Afternoon,8,37.65,3.125,2024-02-18,3,1,2.6666666666666665,Pediatrics,40
5,2024-02-18,Morning,4,21.475,4.0,2024-02-18,5,2,0.8,Pediatrics,40
5,2024-02-18,Night,3,29.066666666666663,4.0,2024-02-18,2,2,1.5,Pediatrics,40
5,2024-02-19,Afternoon,6,27.7,3.3333333333333335,2024-02-19,4,2,1.5,Pediatrics,40
5,2024-02-19,Morning,4,23.575,3.5,2024-02-19,3,2,1.3333333333333333,Pediatrics,40
5,2024-02-19,Night,1,23.2,4.0,2024-02-19,3,2,0.3333333333333333,Pediatrics,40
5,2024-02-20,Afternoon,6,26.916666666666668,4.166666666666667,2024-02-20,4,2,1.5,Pediatrics,40
5,2024-02-20,Morning,11,41.10909090909091,3.4545454545454546,2024-02-20,3,2,3.6666666666666665,Pediatrics,40
5,2024-02-20,Night,1,15.2,5.0,2024-02-20,3,1,0.3333333333333333,Pediatrics,40
5,2024-02-21,Afternoon,8,32.35,3.5,2024-02-21,3,2,2.6666666666666665,Pediatrics,40
5,2024-02-21,Morning,7,25.357142857142858,4.0,2024-02-21,5,2,1.4,Pediatrics,40
5,2024-02-21,Night,2,23.95,4.5,2024-02-21,3,1,0.6666666666666666,Pediatrics,40
5,2024-02-22,Afternoon,6,22.46666666666667,3.8333333333333335,2024-02-22,5,1,1.2,Pediatrics,40
5,2024-02-22,Morning,13,40.44615384615384,3.3076923076923075,2024-02-22,4,2,3.25,Pediatrics,40
5,2024-02-22,Night,5,28.660000000000004,4.0,2024-02-22,3,1,1.6666666666666667,Pediatrics,40
5,2024-02-23,Afternoon,4,27.45,3.5,2024-02-23,3,1,1.3333333333333333,Pediatrics,40
5,2024-02-23,Morning,6,21.45,4.166666666666667,2024-02-23,5,2,1.2,Pediatrics,40
5,2024-02-23,Night,3,26.266666666666666,3.6666666666666665,2024-02-23,2,1,1.5,Pediatrics,40
5,2024-02-24,Afternoon,6,25.03333333333333,3.6666666666666665,2024-02-24,4,2,1.5,Pediatrics,40
5,2024-02-24,Morning,6,24.433333333333334,4.333333333333333,2024-02-24,5,2,1.2,Pediatrics,40
5,2024-02-25,Afternoon,5,26.060000000000002,3.6,2024-02-25,5,3,1.0,Pediatrics,40
5,2024-02-25,Morning,4,20.7,4.5,2024-02-25,5,2,0.8,Pediatrics,40
5,2024-02-25,Night,2,24.1,4.0,2024-02-25,2,1,1.0,Pediatrics,40
5,2024-02-26,Afternoon,6,29.03333333333333,4.166666666666667,2024-02-26,4,2,1.5,Pediatrics,40
5,2024-02-26,Morning,2,26.4,3.0,2024-02-26,4,2,0.5,Pediatrics,40
5,2024-02-26,Night,4,23.075,3.75,2024-02-26,3,2,1.3333333333333333,Pediatrics,40
5,2024-02-27,Afternoon,4,28.8,3.5,2024-02-27,3,2,1.3333333333333333,Pediatrics,40
5,2024-02-27,Morning,5,24.259999999999998,3.8,2024-02-27,4,2,1.25,Pediatrics,40
5,2024-02-27,Night,1,17.5,3.0,2024-02-27,2,1,0.5,Pediatrics,40
5,2024-02-28,Afternoon,11,42.42727272727273,3.5454545454545454,2024-02-28,3,3,3.6666666666666665,Pediatrics,40
5,2024-02-28,Morning,4,22.175,4.25,2024-02-28,4,2,1.0,Pediatrics,40
5,2024-02-28,Night,2,24.15,3.0,2024-02-28,2,2,1.0,Pediatrics,40
5,2024-02-29,Afternoon,9,37.03333333333333,4.0,2024-02-29,3,2,3.0,Pediatrics,40
5,2024-02-29,Morning,8,29.1,3.875,2024-02-29,4,2,2.0,Pediatrics,40
5,2024-02-29,Night,1,21.6,5.0,2024-02-29,4,1,0.25,Pediatrics,40
5,2024-03-01,Afternoon,9,35.84444444444445,3.3333333333333335,2024-03-01,3,2,3.0,Pediatrics,40
5,2024-03-01,Morning,6,28.900000000000002,3.3333333333333335,2024-03-01,4,2,1.5,Pediatrics,40
5,2024-03-01,Night,4,27.5,3.75,2024-03-01,3,1,1.3333333333333333,Pediatrics,40
5,2024-03-02,Afternoon,6,22.05,3.8333333333333335,2024-03-02,5,2,1.2,Pediatrics,40
5,2024-03-02,Morning,3,19.03333333333333,4.333333333333333,2024-03-02,4,3,0.75,Pediatrics,40
5,2024-03-02,Night,4,30.2,4.25,2024-03-02,2,1,2.0,Pediatrics,40
5,2024-03-03,Afternoon,3,20.966666666666665,3.6666666666666665,2024-03-03,4,2,0.75,Pediatrics,40
5,2024-03-03,Morning,2,15.95,3.5,2024-03-03,4,2,0.5,Pediatrics,40
5,2024-03-04,Afternoon,4,21.975,4.5,2024-03-04,5,2,0.8,Pediatrics,40
5,2024-03-04,Morning,8,33.8875,3.875,2024-03-04,3,3,2.6666666666666665,Pediatrics,40
5,2024-03-04,Night,1,15.7,4.0,2024-03-04,3,1,0.3333333333333333,Pediatrics,40
5,2024-03-05,Afternoon,3,28.933333333333334,3.6666666666666665,2024-03-05,2,2,1.5,Pediatrics,40
5,2024-03-05,Morning,10,26.3,3.9,2024-03-05,5,2,2.0,Pediatrics,40
5,2024-03-06,Afternoon,4,24.675,4.0,2024-03-06,4,2,1.0,Pediatrics,40
5,2024-03-06,Morning,5,24.82,4.0,2024-03-06,4,2,1.25,Pediatrics,40
5,2024-03-06,Night,1,21.1,4.0,2024-03-06,3,2,0.3333333333333333,Pediatrics,40
5,2024-03-07,Afternoon,7,25.014285714285712,3.7142857142857144,2024-03-07,5,2,1.4,Pediatrics,40
5,2024-03-07,Morning,8,25.2125,3.625,2024-03-07,5,2,1.6,Pediatrics,40
5,2024-03-07,Night,2,21.5,4.0,2024-03-07,2,1,1.0,Pediatrics,40
5,2024-03-08,Afternoon,7,28.385714285714283,3.857142857142857,2024-03-08,4,2,1.75,Pediatrics,40
5,2024-03-08,Morning,7,28.157142857142855,3.857142857142857,2024-03-08,5,2,1.4,Pediatrics,40
5,2024-03-08,Night,1,24.0,4.0,2024-03-08,2,1,0.5,Pediatrics,40
5,2024-03-09,Afternoon,9,32.13333333333333,3.888888888888889,2024-03-09,4,2,2.25,Pediatrics,40
5,2024-03-09,Morning,4,24.075,4.0,2024-03-09,4,2,1.0,Pediatrics,40
5,2024-03-09,Night,2,19.75,4.5,2024-03-09,3,2,0.6666666666666666,Pediatrics,40
5,2024-03-10,Afternoon,5,30.22,4.2,2024-03-10,3,2,1.6666666666666667,Pediatrics,40
5,2024-03-10,Morning,3,16.266666666666666,4.0,2024-03-10,6,3,0.5,Pediatrics,40
5,2024-03-10,Night,1,26.8,2.0,2024-03-10,3,1,0.3333333333333333,Pediatrics,40
5,2024-03-11,Afternoon,9,26.133333333333333,3.888888888888889,2024-03-11,5,2,1.8,Pediatrics,40
5,2024-03-11,Morning,6,32.53333333333333,3.6666666666666665,2024-03-11,3,2,2.0,Pediatrics,40
5,2024-03-11,Night,1,7.8,3.0,2024-03-11,3,1,0.3333333333333333,Pediatrics,40
5,2024-03-12,Afternoon,7,28.414285714285715,3.857142857142857,2024-03-12,4,2,1.75,Pediatrics,40
5,2024-03-12,Morning,7,30.785714285714285,3.2857142857142856,2024-03-12,3,2,2.3333333333333335,Pediatrics,40
5,2024-03-12,Night,5,23.419999999999998,4.0,2024-03-12,4,1,1.25,Pediatrics,40
5,2024-03-13,Afternoon,9,29.099999999999998,4.0,2024-03-13,5,2,1.8,Pediatrics,40
5,2024-03-13,Morning,12,42.541666666666664,3.25,2024-03-13,3,2,4.0,Pediatrics,40
5,2024-03-13,Night,3,29.46666666666667,5.0,2024-03-13,2,1,1.5,Pediatrics,40
5,2024-03-14,Afternoon,5,23.22,3.6,2024-03-14,5,1,1.0,Pediatrics,40
5,2024-03-14,Morning,9,33.62222222222223,3.3333333333333335,2024-03-14,4,3,2.25,Pediatrics,40
5,2024-03-14,Night,2,26.15,4.5,2024-03-14,2,2,1.0,Pediatrics,40
5,2024-03-15,Afternoon,8,25.1,3.625,2024-03-15,5,2,1.6,Pediatrics,40
5,2024-03-15,Morning,10,39.79,3.7,2024-03-15,3,1,3.3333333333333335,Pediatrics,40
5,2024-03-15,Night,2,16.15,3.5,2024-03-15,2,1,1.0,Pediatrics,40
5,2024-03-16,Afternoon,4,21.925,4.0,2024-03-16,4,2,1.0,Pediatrics,40
5,2024-03-16,Morning,9,27.233333333333334,4.111111111111111,2024-03-16,4,2,2.25,Pediatrics,40
5,2024-03-16,Night,1,12.8,4.0,2024-03-16,2,1,0.5,Pediatrics,40
5,2024-03-17,Afternoon,8,26.3125,3.875,2024-03-17,5,2,1.6,Pediatrics,40
5,2024-03-17,Morning,4,23.075,4.25,2024-03-17,4,2,1.0,Pediatrics,40
5,2024-03-17,Night,3,21.433333333333334,3.6666666666666665,2024-03-17,3,1,1.0,Pediatrics,40
5,2024-03-18,Afternoon,13,40.20769230769231,3.3076923076923075,2024-03-18,4,2,3.25,Pediatrics,40
5,2024-03-18,Morning,8,34.4875,3.25,2024-03-18,3,2,2.6666666666666665,Pediatrics,40
5,2024-03-18,Night,2,19.6,4.0,2024-03-18,2,2,1.0,Pediatrics,40
5,2024-03-19,Afternoon,5,23.82,3.4,2024-03-19,4,2,1.25,Pediatrics,40
5,2024-03-19,Morning,10,35.9,3.3,2024-03-19,4,3,2.5,Pediatrics,40
5,2024-03-19,Night,1,20.3,5.0,2024-03-19,3,2,0.3333333333333333,Pediatrics,40
5,2024-03-20,Afternoon,10,32.38,3.7,2024-03-20,4,2,2.5,Pediatrics,40
5,2024-03-20,Morning,8,44.5375,3.125,2024-03-20,2,2,4.0,Pediatrics,40
5,2024-03-21,Afternoon,10,33.29,3.5,2024-03-21,4,3,2.5,Pediatrics,40
5,2024-03-21,Morning,8,28.4875,4.0,2024-03-21,4,2,2.0,Pediatrics,40
5,2024-03-21,Night,2,22.25,3.5,2024-03-21,3,1,0.6666666666666666,Pediatrics,40
5,2024-03-22,Afternoon,7,25.52857142857143,3.857142857142857,2024-03-22,5,2,1.4,Pediatrics,40
5,2024-03-22,Morning,10,34.29,3.4,2024-03-22,4,2,2.5,Pediatrics,40
5,2024-03-22,Night,1,15.9,5.0,2024-03-22,3,1,0.3333333333333333,Pediatrics,40
5,2024-03-23,Afternoon,3,17.066666666666666,4.666666666666667,2024-03-23,5,2,0.6,Pediatrics,40
5,2024-03-23,Morning,6,28.21666666666667,4.0,2024-03-23,4,2,1.5,Pediatrics,40
5,2024-03-23,Night,1,19.0,4.0,2024-03-23,2,2,0.5,Pediatrics,40
5,2024-03-24,Afternoon,11,34.76363636363636,3.272727272727273,2024-03-24,4,2,2.75,Pediatrics,40
5,2024-03-24,Morning,7,27.37142857142857,4.285714285714286,2024-03-24,5,2,1.4,Pediatrics,40
5,2024-03-25,Afternoon,2,22.15,4.0,2024-03-25,5,2,0.4,Pediatrics,40
5,2024-03-25,Morning,9,33.766666666666666,4.0,2024-03-25,4,2,2.25,Pediatrics,40
5,2024-03-25,Night,1,18.5,3.0,2024-03-25,3,1,0.3333333333333333,Pediatrics,40
5,2024-03-26,Afternoon,5,24.9,3.4,2024-03-26,3,2,1.6666666666666667,Pediatrics,40
5,2024-03-26,Morning,3,17.933333333333334,4.0,2024-03-26,4,2,0.75,Pediatrics,40
5,2024-03-26,Night,1,15.6,5.0,2024-03-26,2,1,0.5,Pediatrics,40
5,2024-03-27,Afternoon,8,28.8125,3.75,2024-03-27,4,2,2.0,Pediatrics,40
5,2024-03-27,Morning,5,22.9,4.4,2024-03-27,5,3,1.0,Pediatrics,40
5,2024-03-28,Afternoon,11,31.027272727272727,3.3636363636363638,2024-03-28,5,2,2.2,Pediatrics,40
5,2024-03-28,Morning,9,30.244444444444444,3.3333333333333335,2024-03-28,4,2,2.25,Pediatrics,40
5,2024-03-28,Night,3,23.099999999999998,4.0,2024-03-28,2,1,1.5,Pediatrics,40
5,2024-03-29,Afternoon,9,28.155555555555555,3.5555555555555554,2024-03-29,5,2,1.8,Pediatrics,40
5,2024-03-29,Morning,6,27.71666666666667,3.6666666666666665,2024-03-29,4,1,1.5,Pediatrics,40
5,2024-03-29,Night,3,25.46666666666667,4.0,2024-03-29,3,1,1.0,Pediatrics,40
5,2024-03-30,Afternoon,8,30.737499999999997,3.875,2024-03-30,4,3,2.0,Pediatrics,40
5,2024-03-30,Morning,9,27.188888888888886,4.222222222222222,2024-03-30,5,2,1.8,Pediatrics,40
5,2024-03-30,Night,1,21.3,4.0,2024-03-30,2,2,0.5,Pediatrics,40
5,2024-03-31,Afternoon,5,28.52,3.8,2024-03-31,4,2,1.25,Pediatrics,40
5,2024-03-31,Morning,4,24.425,4.0,2024-03-31,4,2,1.0,Pediatrics,40
5,2024-03-31,Night,1,20.9,4.0,2024-03-31,2,1,0.5,Pediatrics,40
5,2024-04-01,Afternoon,8,30.387500000000003,3.875,2024-04-01,4,2,2.0,Pediatrics,40
5,2024-04-01,Morning,7,29.12857142857143,4.0,2024-04-01,4,2,1.75,Pediatrics,40
5,2024-04-01,Night,3,27.5,3.3333333333333335,2024-04-01,3,2,1.0,Pediatrics,40
5,2024-04-02,Afternoon,8,30.325,3.625,2024-04-02,4,2,2.0,Pediatrics,40
5,2024-04-02,Morning,4,21.25,3.5,2024-04-02,4,2,1.0,Pediatrics,40
5,2024-04-02,Night,3,22.633333333333336,3.6666666666666665,2024-04-02,3,1,1.0,Pediatrics,40
5,2024-04-03,Afternoon,12,35.21666666666667,3.6666666666666665,2024-04-03,4,2,3.0,Pediatrics,40
5,2024-04-03,Morning,5,25.119999999999997,4.0,2024-04-03,4,2,1.25,Pediatrics,40
5,2024-04-03,Night,3,21.033333333333335,3.6666666666666665,2024-04-03,3,1,1.0,Pediatrics,40
5,2024-04-04,Afternoon,7,27.957142857142856,3.857142857142857,2024-04-04,4,3,1.75,Pediatrics,40
5,2024-04-04,Morning,7,25.7,3.7142857142857144,2024-04-04,4,2,1.75,Pediatrics,40
5,2024-04-04,Night,1,13.6,2.0,2024-04-04,2,1,0.5,Pediatrics,40
5,2024-04-05,Afternoon,4,25.400000000000002,3.75,2024-04-05,4,1,1.0,Pediatrics,40
5,2024-04-05,Morning,8,30.475,3.375,2024-04-05,4,1,2.0,Pediatrics,40
5,2024-04-05,Night,4,26.95,4.0,2024-04-05,3,1,1.3333333333333333,Pediatrics,40
5,2024-04-06,Afternoon,8,27.7125,3.75,2024-04-06,4,2,2.0,Pediatrics,40
5,2024-04-06,Morning,8,29.5625,3.5,2024-04-06,4,1,2.0,Pediatrics,40
5,2024-04-06,Night,2,22.0,4.5,2024-04-06,3,1,0.6666666666666666,Pediatrics,40
5,2024-04-07,Afternoon,6,27.55,4.0,2024-04-07,4,2,1.5,Pediatrics,40
5,2024-04-07,Morning,6,26.016666666666666,4.166666666666667,2024-04-07,4,2,1.5,Pediatrics,40
5,2024-04-08,Afternoon,8,28.737499999999997,3.875,2024-04-08,4,3,2.0,Pediatrics,40
5,2024-04-08,Morning,3,17.599999999999998,4.0,2024-04-08,3,2,1.0,Pediatrics,40
5,2024-04-09,Afternoon,7,24.442857142857143,3.142857142857143,2024-04-09,5,2,1.4,Pediatrics,40
5,2024-04-09,Morning,4,19.875,3.75,2024-04-09,4,1,1.0,Pediatrics,40
5,2024-04-09,Night,2,21.15,4.0,2024-04-09,3,1,0.6666666666666666,Pediatrics,40
5,2024-04-10,Afternoon,3,26.0,4.333333333333333,2024-04-10,3,2,1.0,Pediatrics,40
5,2024-04-10,Morning,7,32.98571428571429,3.857142857142857,2024-04-10,3,1,2.3333333333333335,Pediatrics,40
5,2024-04-10,Night,1,21.0,5.0,2024-04-10,3,2,0.3333333333333333,Pediatrics,40
5,2024-04-11,Afternoon,8,26.1125,3.75,2024-04-11,5,3,1.6,Pediatrics,40
5,2024-04-11,Morning,7,27.885714285714283,3.5714285714285716,2024-04-11,4,2,1.75,Pediatrics,40
5,2024-04-11,Night,2,26.299999999999997,3.5,2024-04-11,2,1,1.0,Pediatrics,40
5,2024-04-12,Afternoon,2,14.05,4.0,2024-04-12,5,2,0.4,Pediatrics,40
5,2024-04-12,Morning,7,28.12857142857143,3.857142857142857,2024-04-12,4,1,1.75,Pediatrics,40
5,2024-04-12,Night,1,18.9,4.0,2024-04-12,2,1,0.5,Pediatrics,40
5,2024-04-13,Afternoon,3,17.2,4.333333333333333,2024-04-13,5,2,0.6,Pediatrics,40
5,2024-04-13,Morning,6,27.766666666666666,4.0,2024-04-13,4,2,1.5,Pediatrics,40
5,2024-04-14,Afternoon,11,35.41818181818182,3.1818181818181817,2024-04-14,4,2,2.75,Pediatrics,40
5,2024-04-14,Morning,3,23.8,4.333333333333333,2024-04-14,5,2,0.6,Pediatrics,40
5,2024-04-15,Afternoon,8,30.150000000000002,3.625,2024-04-15,4,2,2.0,Pediatrics,40
5,2024-04-15,Morning,8,28.85,3.5,2024-04-15,4,2,2.0,Pediatrics,40
5,2024-04-16,Afternoon,9,29.82222222222222,3.7777777777777777,2024-04-16,5,2,1.8,Pediatrics,40
5,2024-04-16,Morning,6,26.083333333333332,4.166666666666667,2024-04-16,4,2,1.5,Pediatrics,40
5,2024-04-17,Afternoon,10,53.83,3.2,2024-04-17,2,2,5.0,Pediatrics,40
5,2024-04-17,Morning,8,30.337500000000002,3.375,2024-04-17,4,2,2.0,Pediatrics,40
5,2024-04-17,Night,1,21.4,4.0,2024-04-17,2,1,0.5,Pediatrics,40
5,2024-04-18,Afternoon,11,53.445454545454545,2.909090909090909,2024-04-18,2,2,5.5,Pediatrics,40
5,2024-04-18,Morning,4,29.425,3.25,2024-04-18,2,2,2.0,Pediatrics,40
5,2024-04-18,Night,1,21.9,4.0,2024-04-18,2,2,0.5,Pediatrics,40
5,2024-04-19,Afternoon,8,30.7,3.875,2024-04-19,4,2,2.0,Pediatrics,40
5,2024-04-19,Morning,6,26.71666666666667,4.0,2024-04-19,4,2,1.5,Pediatrics,40
5,2024-04-19,Night,2,22.15,4.0,2024-04-19,3,1,0.6666666666666666,Pediatrics,40
5,2024-04-20,Afternoon,5,24.34,3.8,2024-04-20,4,3,1.25,Pediatrics,40
5,2024-04-20,Morning,6,25.8,4.0,2024-04-20,5,2,1.2,Pediatrics,40
5,2024-04-20,Night,1,19.3,3.0,2024-04-20,2,1,0.5,Pediatrics,40
5,2024-04-21,Afternoon,5,30.02,4.2,2024-04-21,5,2,1.0,Pediatrics,40
5,2024-04-21,Morning,5,24.240000000000002,3.6,2024-04-21,4,2,1.25,Pediatrics,40
5,2024-04-22,Afternoon,8,27.2125,3.75,2024-04-22,4,2,2.0,Pediatrics,40
5,2024-04-22,Morning,4,24.85,3.25,2024-04-22,3,3,1.3333333333333333,Pediatrics,40
5,2024-04-22,Night,2,23.6,3.5,2024-04-22,2,2,1.0,Pediatrics,40
5,2024-04-23,Afternoon,5,25.48,3.8,2024-04-23,4,2,1.25,Pediatrics,40
5,2024-04-23,Morning,7,28.87142857142857,3.5714285714285716,2024-04-23,4,2,1.75,Pediatrics,40
5,2024-04-24,Afternoon,12,37.53333333333333,3.5,2024-04-24,4,2,3.0,Pediatrics,40
5,2024-04-24,Morning,4,24.525,4.0,2024-04-24,4,2,1.0,Pediatrics,40
5,2024-04-24,Night,5,34.260000000000005,3.6,2024-04-24,2,1,2.5,Pediatrics,40
5,2024-04-25,Afternoon,9,35.72222222222222,3.5555555555555554,2024-04-25,3,2,3.0,Pediatrics,40
5,2024-04-25,Morning,10,37.03,3.4,2024-04-25,3,1,3.3333333333333335,Pediatrics,40
5,2024-04-25,Night,4,24.175,4.25,2024-04-25,3,1,1.3333333333333333,Pediatrics,40
5,2024-04-26,Afternoon,10,28.75,3.8,2024-04-26,5,1,2.0,Pediatrics,40
5,2024-04-26,Morning,13,45.43076923076923,3.4615384615384617,2024-04-26,3,2,4.333333333333333,Pediatrics,40
5,2024-04-26,Night,3,22.53333333333333,3.6666666666666665,2024-04-26,2,2,1.5,Pediatrics,40
5,2024-04-27,Afternoon,6,24.71666666666667,4.333333333333333,2024-04-27,5,2,1.2,Pediatrics,40
5,2024-04-27,Morning,6,26.349999999999998,3.6666666666666665,2024-04-27,4,2,1.5,Pediatrics,40
5,2024-04-27,Night,2,26.35,4.0,2024-04-27,3,1,0.6666666666666666,Pediatrics,40
5,2024-04-28,Afternoon,6,24.71666666666667,3.8333333333333335,2024-04-28,5,2,1.2,Pediatrics,40
5,2024-04-28,Morning,6,24.849999999999998,4.166666666666667,2024-04-28,4,2,1.5,Pediatrics,40
5,2024-04-29,Afternoon,6,27.266666666666666,3.8333333333333335,2024-04-29,5,3,1.2,Pediatrics,40
5,2024-04-29,Morning,8,31.525,4.25,2024-04-29,4,2,2.0,Pediatrics,40
5,2024-04-30,Afternoon,9,33.37777777777777,3.2222222222222223,2024-04-30,4,2,2.25,Pediatrics,40
5,2024-04-30,Morning,3,17.433333333333334,4.333333333333333,2024-04-30,5,2,0.6,Pediatrics,40
5,2024-04-30,Night,4,31.45,3.5,2024-04-30,2,1,2.0,Pediatrics,40
5,2024-05-01,Afternoon,3,17.0,3.6666666666666665,2024-05-01,4,2,0.75,Pediatrics,40
5,2024-05-01,Morning,6,25.46666666666667,3.3333333333333335,2024-05-01,4,1,1.5,Pediatrics,40
5,2024-05-01,Night,3,24.8,3.6666666666666665,2024-05-01,2,1,1.5,Pediatrics,40
5,2024-05-02,Afternoon,8,31.2625,3.75,2024-05-02,4,1,2.0,Pediatrics,40
5,2024-05-02,Morning,6,20.95,3.6666666666666665,2024-05-02,6,2,1.0,Pediatrics,40
5,2024-05-02,Night,1,12.0,5.0,2024-05-02,4,1,0.25,Pediatrics,40
5,2024-05-03,Afternoon,6,25.649999999999995,3.6666666666666665,2024-05-03,5,2,1.2,Pediatrics,40
5,2024-05-03,Morning,4,25.325,3.75,2024-05-03,3,2,1.3333333333333333,Pediatrics,40
5,2024-05-03,Night,1,16.0,3.0,2024-05-03,3,1,0.3333333333333333,Pediatrics,40
5,2024-05-04,Afternoon,2,19.45,4.0,2024-05-04,4,2,0.5,Pediatrics,40
5,2024-05-04,Morning,8,29.725,3.125,2024-05-04,4,2,2.0,Pediatrics,40
5,2024-05-04,Night,1,17.8,4.0,2024-05-04,3,1,0.3333333333333333,Pediatrics,40
5,2024-05-05,Afternoon,7,33.4,4.142857142857143,2024-05-05,3,2,2.3333333333333335,Pediatrics,40
5,2024-05-05,Morning,1,28.7,4.0,2024-05-05,5,2,0.2,Pediatrics,40
5,2024-05-05,Night,1,17.8,4.0,2024-05-05,3,2,0.3333333333333333,Pediatrics,40
5,2024-05-06,Afternoon,6,28.25,3.6666666666666665,2024-05-06,4,2,1.5,Pediatrics,40
5,2024-05-06,Morning,9,34.87777777777777,3.2222222222222223,2024-05-06,3,2,3.0,Pediatrics,40
5,2024-05-06,Night,3,26.733333333333334,3.6666666666666665,2024-05-06,3,2,1.0,Pediatrics,40
5,2024-05-07,Afternoon,7,22.414285714285715,3.857142857142857,2024-05-07,5,2,1.4,Pediatrics,40
5,2024-05-07,Morning,6,26.066666666666666,4.166666666666667,2024-05-07,6,2,1.0,Pediatrics,40
5,2024-05-07,Night,2,15.649999999999999,3.5,2024-05-07,3,1,0.6666666666666666,Pediatrics,40
5,2024-05-08,Afternoon,6,25.316666666666666,3.8333333333333335,2024-05-08,4,2,1.5,Pediatrics,40
5,2024-05-08,Morning,4,23.05,3.75,2024-05-08,4,2,1.0,Pediatrics,40
5,2024-05-08,Night,2,19.4,4.5,2024-05-08,2,1,1.0,Pediatrics,40
5,2024-05-09,Afternoon,4,23.9,4.25,2024-05-09,5,2,0.8,Pediatrics,40
5,2024-05-09,Morning,3,20.933333333333334,3.3333333333333335,2024-05-09,5,2,0.6,Pediatrics,40
5,2024-05-09,Night,1,11.6,5.0,2024-05-09,3,1,0.3333333333333333,Pediatrics,40
5,2024-05-10,Afternoon,4,20.375,4.0,2024-05-10,4,2,1.0,Pediatrics,40
5,2024-05-10,Morning,10,39.72,3.3,2024-05-10,3,2,3.3333333333333335,Pediatrics,40
5,2024-05-10,Night,1,26.5,4.0,2024-05-10,3,1,0.3333333333333333,Pediatrics,40
5,2024-05-11,Afternoon,7,25.085714285714285,4.0,2024-05-11,5,3,1.4,Pediatrics,40
5,2024-05-11,Morning,6,24.849999999999998,4.166666666666667,2024-05-11,5,2,1.2,Pediatrics,40
5,2024-05-12,Afternoon,2,11.649999999999999,3.5,2024-05-12,5,2,0.4,Pediatrics,40
5,2024-05-12,Morning,6,24.95,4.166666666666667,2024-05-12,4,1,1.5,Pediatrics,40
5,2024-05-12,Night,1,32.4,4.0,2024-05-12,2,2,0.5,Pediatrics,40
5,2024-05-13,Afternoon,8,29.375,3.0,2024-05-13,4,1,2.0,Pediatrics,40
5,2024-05-13,Morning,2,13.25,4.0,2024-05-13,3,2,0.6666666666666666,Pediatrics,40
5,2024-05-13,Night,2,20.85,3.5,2024-05-13,2,1,1.0,Pediatrics,40
5,2024-05-14,Afternoon,8,27.9625,4.0,2024-05-14,4,2,2.0,Pediatrics,40
5,2024-05-14,Morning,13,40.33076923076923,3.6153846153846154,2024-05-14,4,2,3.25,Pediatrics,40
5,2024-05-14,Night,2,20.1,4.0,2024-05-14,2,1,1.0,Pediatrics,40
5,2024-05-15,Afternoon,11,36.92727272727273,3.5454545454545454,2024-05-15,4,2,2.75,Pediatrics,40
5,2024-05-15,Morning,4,24.549999999999997,3.75,2024-05-15,4,2,1.0,Pediatrics,40
5,2024-05-15,Night,2,17.55,4.5,2024-05-15,3,1,0.6666666666666666,Pediatrics,40
5,2024-05-16,Afternoon,11,36.9,3.8181818181818183,2024-05-16,4,2,2.75,Pediatrics,40
5,2024-05-16,Morning,10,31.23,3.9,2024-05-16,5,2,2.0,Pediatrics,40
5,2024-05-16,Night,5,27.119999999999997,3.2,2024-05-16,3,1,1.6666666666666667,Pediatrics,40
5,2024-05-17,Afternoon,8,27.25,3.75,2024-05-17,5,2,1.6,Pediatrics,40
5,2024-05-17,Morning,6,28.616666666666664,4.0,2024-05-17,4,3,1.5,Pediatrics,40
5,2024-05-17,Night,2,21.3,5.0,2024-05-17,3,1,0.6666666666666666,Pediatrics,40
5,2024-05-18,Afternoon,4,22.35,4.25,2024-05-18,5,2,0.8,Pediatrics,40
5,2024-05-18,Morning,9,32.044444444444444,3.5555555555555554,2024-05-18,4,2,2.25,Pediatrics,40
5,2024-05-19,Afternoon,10,29.310000000000002,4.0,2024-05-19,5,2,2.0,Pediatrics,40
5,2024-05-19,Morning,8,32.0125,3.25,2024-05-19,4,2,2.0,Pediatrics,40
5,2024-05-19,Night,2,22.55,4.5,2024-05-19,2,1,1.0,Pediatrics,40
5,2024-05-20,Afternoon,5,28.96,4.0,2024-05-20,3,2,1.6666666666666667,Pediatrics,40
5,2024-05-20,Morning,6,24.683333333333334,3.6666666666666665,2024-05-20,4,2,1.5,Pediatrics,40
5,2024-05-20,Night,2,15.2,4.5,2024-05-20,2,2,1.0,Pediatrics,40
5,2024-05-21,Afternoon,9,28.555555555555557,3.6666666666666665,2024-05-21,5,2,1.8,Pediatrics,40
5,2024-05-21,Morning,10,33.96,3.3,2024-05-21,4,2,2.5,Pediatrics,40
5,2024-05-21,Night,1,31.1,5.0,2024-05-21,2,1,0.5,Pediatrics,40
5,2024-05-22,Afternoon,8,34.025,3.375,2024-05-22,3,1,2.6666666666666665,Pediatrics,40
5,2024-05-22,Morning,8,31.95,3.875,2024-05-22,4,3,2.0,Pediatrics,40
5,2024-05-22,Night,2,17.5,3.5,2024-05-22,2,1,1.0,Pediatrics,40
5,2024-05-23,Afternoon,2,23.1,3.5,2024-05-23,4,3,0.5,Pediatrics,40
5,2024-05-23,Morning,7,29.24285714285714,3.857142857142857,2024-05-23,4,2,1.75,Pediatrics,40
5,2024-05-24,Afternoon,12,32.86666666666667,3.6666666666666665,2024-05-24,5,2,2.4,Pediatrics,40
5,2024-05-24,Morning,5,25.639999999999997,3.2,2024-05-24,4,2,1.25,Pediatrics,40
5,2024-05-24,Night,2,16.45,4.0,2024-05-24,3,2,0.6666666666666666,Pediatrics,40
5,2024-05-25,Afternoon,2,21.7,4.5,2024-05-25,5,2,0.4,Pediatrics,40
5,2024-05-25,Morning,5,23.86,3.8,2024-05-25,4,2,1.25,Pediatrics,40
5,2024-05-26,Afternoon,7,28.814285714285713,3.4285714285714284,2024-05-26,3,3,2.3333333333333335,Pediatrics,40
5,2024-05-26,Morning,4,24.75,3.25,2024-05-26,3,3,1.3333333333333333,Pediatrics,40
5,2024-05-26,Night,1,20.5,3.0,2024-05-26,2,1,0.5,Pediatrics,40
5,2024-05-27,Afternoon,5,27.080000000000002,4.6,2024-05-27,4,1,1.25,Pediatrics,40
5,2024-05-27,Morning,3,19.8,4.333333333333333,2024-05-27,5,2,0.6,Pediatrics,40
5,2024-05-28,Afternoon,12,36.34166666666667,3.4166666666666665,2024-05-28,4,2,3.0,Pediatrics,40
5,2024-05-28,Morning,3,22.733333333333334,3.6666666666666665,2024-05-28,4,2,0.75,Pediatrics,40
5,2024-05-28,Night,3,27.833333333333332,4.333333333333333,2024-05-28,2,2,1.5,Pediatrics,40
5,2024-05-29,Afternoon,8,27.7,3.875,2024-05-29,5,2,1.6,Pediatrics,40
5,2024-05-29,Morning,4,27.65,3.75,2024-05-29,3,2,1.3333333333333333,Pediatrics,40
5,2024-05-29,Night,5,27.98,4.2,2024-05-29,3,1,1.6666666666666667,Pediatrics,40
5,2024-05-30,Afternoon,7,27.314285714285713,4.0,2024-05-30,4,2,1.75,Pediatrics,40
5,2024-05-30,Morning,10,30.8,3.6,2024-05-30,5,2,2.0,Pediatrics,40
5,2024-05-30,Night,1,21.9,5.0,2024-05-30,3,2,0.3333333333333333,Pediatrics,40
5,2024-05-31,Afternoon,12,33.9,3.8333333333333335,2024-05-31,5,2,2.4,Pediatrics,40
5,2024-05-31,Morning,4,23.375,4.25,2024-05-31,4,2,1.0,Pediatrics,40
5,2024-05-31,Night,1,17.1,4.0,2024-05-31,2,1,0.5,Pediatrics,40
5,2024-06-01,Afternoon,4,18.5,4.25,2024-06-01,4,2,1.0,Pediatrics,40
5,2024-06-01,Morning,9,29.38888888888889,3.5555555555555554,2024-06-01,4,1,2.25,Pediatrics,40
5,2024-06-01,Night,1,26.3,5.0,2024-06-01,3,1,0.3333333333333333,Pediatrics,40
5,2024-06-02,Afternoon,4,21.575,4.0,2024-06-02,4,3,1.0,Pediatrics,40
5,2024-06-02,Morning,8,28.125,3.875,2024-06-02,4,3,2.0,Pediatrics,40
5,2024-06-02,Night,1,20.3,4.0,2024-06-02,2,1,0.5,Pediatrics,40
5,2024-06-03,Afternoon,8,23.9625,3.625,2024-06-03,5,2,1.6,Pediatrics,40
5,2024-06-03,Morning,7,39.471428571428575,3.2857142857142856,2024-06-03,2,2,3.5,Pediatrics,40
5,2024-06-03,Night,1,16.3,4.0,2024-06-03,2,2,0.5,Pediatrics,40
5,2024-06-04,Afternoon,7,28.3,3.857142857142857,2024-06-04,5,3,1.4,Pediatrics,40
5,2024-06-04,Morning,6,25.05,4.5,2024-06-04,4,2,1.5,Pediatrics,40
5,2024-06-04,Night,2,24.950000000000003,4.0,2024-06-04,2,1,1.0,Pediatrics,40
5,2024-06-05,Afternoon,7,23.771428571428572,3.857142857142857,2024-06-05,5,2,1.4,Pediatrics,40
5,2024-06-05,Morning,6,27.133333333333336,3.8333333333333335,2024-06-05,4,2,1.5,Pediatrics,40
5,2024-06-05,Night,1,23.2,4.0,2024-06-05,2,1,0.5,Pediatrics,40
5,2024-06-06,Afternoon,4,23.05,4.0,2024-06-06,4,1,1.0,Pediatrics,40
5,2024-06-06,Morning,5,25.0,4.2,2024-06-06,5,3,1.0,Pediatrics,40
5,2024-06-07,Afternoon,8,31.8,3.75,2024-06-07,4,2,2.0,Pediatrics,40
5,2024-06-07,Morning,3,23.566666666666666,4.333333333333333,2024-06-07,4,2,0.75,Pediatrics,40
5,2024-06-07,Night,2,19.4,4.0,2024-06-07,3,1,0.6666666666666666,Pediatrics,40
5,2024-06-08,Morning,7,24.885714285714283,3.5714285714285716,2024-06-08,5,2,1.4,Pediatrics,40
5,2024-06-08,Night,3,22.066666666666666,4.0,2024-06-08,2,1,1.5,Pediatrics,40
5,2024-06-09,Afternoon,3,23.46666666666667,4.0,2024-06-09,4,2,0.75,Pediatrics,40
5,2024-06-09,Morning,2,16.6,4.0,2024-06-09,3,3,0.6666666666666666,Pediatrics,40
5,2024-06-09,Night,1,17.9,4.0,2024-06-09,2,1,0.5,Pediatrics,40
5,2024-06-10,Afternoon,6,30.616666666666664,3.3333333333333335,2024-06-10,3,1,2.0,Pediatrics,40
5,2024-06-10,Morning,4,25.6,4.25,2024-06-10,4,2,1.0,Pediatrics,40
5,2024-06-10,Night,1,22.0,4.0,2024-06-10,3,1,0.3333333333333333,Pediatrics,40
5,2024-06-11,Afternoon,6,31.46666666666667,3.6666666666666665,2024-06-11,4,2,1.5,Pediatrics,40
5,2024-06-11,Morning,5,29.48,4.0,2024-06-11,4,2,1.25,Pediatrics,40
5,2024-06-12,Afternoon,9,33.233333333333334,4.0,2024-06-12,4,2,2.25,Pediatrics,40
5,2024-06-12,Morning,4,19.05,4.0,2024-06-12,5,2,0.8,Pediatrics,40
5,2024-06-12,Night,1,15.4,3.0,2024-06-12,3,1,0.3333333333333333,Pediatrics,40
5,2024-06-13,Afternoon,4,19.725,4.0,2024-06-13,4,3,1.0,Pediatrics,40
5,2024-06-13,Morning,3,21.833333333333332,3.3333333333333335,2024-06-13,4,2,0.75,Pediatrics,40
5,2024-06-13,Night,2,26.6,4.0,2024-06-13,2,2,1.0,Pediatrics,40
5,2024-06-14,Afternoon,13,35.93076923076923,3.769230769230769,2024-06-14,5,2,2.6,Pediatrics,40
5,2024-06-14,Morning,5,21.98,3.4,2024-06-14,4,2,1.25,Pediatrics,40
5,2024-06-14,Night,1,23.6,5.0,2024-06-14,3,2,0.3333333333333333,Pediatrics,40
5,2024-06-15,Afternoon,3,22.599999999999998,4.0,2024-06-15,5,2,0.6,Pediatrics,40
5,2024-06-15,Morning,5,24.68,3.6,2024-06-15,4,2,1.25,Pediatrics,40
5,2024-06-16,Afternoon,5,19.96,4.4,2024-06-16,4,2,1.25,Pediatrics,40
5,2024-06-16,Morning,4,18.200000000000003,4.25,2024-06-16,4,2,1.0,Pediatrics,40
5,2024-06-16,Night,3,23.933333333333334,4.0,2024-06-16,3,1,1.0,Pediatrics,40
5,2024-06-17,Afternoon,7,24.042857142857144,4.0,2024-06-17,4,2,1.75,Pediatrics,40
5,2024-06-17,Morning,11,37.481818181818184,3.8181818181818183,2024-06-17,4,3,2.75,Pediatrics,40
5,2024-06-17,Night,8,30.025,3.625,2024-06-17,4,1,2.0,Pediatrics,40
5,2024-06-18,Afternoon,6,30.400000000000002,3.5,2024-06-18,3,2,2.0,Pediatrics,40
5,2024-06-18,Morning,8,26.875,3.625,2024-06-18,4,2,2.0,Pediatrics,40
5,2024-06-18,Night,1,10.1,4.0,2024-06-18,3,1,0.3333333333333333,Pediatrics,40
5,2024-06-19,Afternoon,9,34.32222222222222,3.3333333333333335,2024-06-19,4,2,2.25,Pediatrics,40
5,2024-06-19,Morning,4,21.275,4.5,2024-06-19,4,2,1.0,Pediatrics,40
5,2024-06-19,Night,1,26.4,4.0,2024-06-19,3,1,0.3333333333333333,Pediatrics,40
5,2024-06-20,Afternoon,6,25.883333333333336,4.166666666666667,2024-06-20,5,2,1.2,Pediatrics,40
5,2024-06-20,Morning,4,21.6,3.5,2024-06-20,4,2,1.0,Pediatrics,40
5,2024-06-20,Night,3,19.533333333333335,3.6666666666666665,2024-06-20,3,2,1.0,Pediatrics,40
5,2024-06-21,Afternoon,5,22.339999999999996,4.2,2024-06-21,5,2,1.0,Pediatrics,40
5,2024-06-21,Morning,5,28.419999999999998,3.6,2024-06-21,4,2,1.25,Pediatrics,40
5,2024-06-22,Afternoon,7,27.557142857142857,4.0,2024-06-22,6,2,1.1666666666666667,Pediatrics,40
5,2024-06-22,Morning,8,29.1375,4.125,2024-06-22,5,3,1.6,Pediatrics,40
5,2024-06-22,Night,3,31.133333333333336,4.0,2024-06-22,2,1,1.5,Pediatrics,40
5,2024-06-23,Afternoon,7,24.599999999999998,4.142857142857143,2024-06-23,5,3,1.4,Pediatrics,40
5,2024-06-23,Morning,5,26.060000000000002,3.6,2024-06-23,4,2,1.25,Pediatrics,40
5,2024-06-23,Night,1,16.8,5.0,2024-06-23,4,1,0.25,Pediatrics,40
5,2024-06-24,Afternoon,6,31.03333333333333,4.166666666666667,2024-06-24,3,1,2.0,Pediatrics,40
5,2024-06-24,Morning,8,32.1875,4.125,2024-06-24,3,2,2.6666666666666665,Pediatrics,40
5,2024-06-25,Afternoon,9,32.455555555555556,3.7777777777777777,2024-06-25,4,2,2.25,Pediatrics,40
5,2024-06-25,Morning,7,22.285714285714285,4.142857142857143,2024-06-25,5,1,1.4,Pediatrics,40
5,2024-06-25,Night,1,17.9,4.0,2024-06-25,3,1,0.3333333333333333,Pediatrics,40
5,2024-06-26,Afternoon,8,34.362500000000004,3.875,2024-06-26,4,2,2.0,Pediatrics,40
5,2024-06-26,Morning,9,32.25555555555555,3.111111111111111,2024-06-26,4,2,2.25,Pediatrics,40
5,2024-06-26,Night,5,27.2,3.6,2024-06-26,3,1,1.6666666666666667,Pediatrics,40
5,2024-06-27,Afternoon,7,34.214285714285715,3.5714285714285716,2024-06-27,3,2,2.3333333333333335,Pediatrics,40
5,2024-06-27,Morning,5,26.46,3.4,2024-06-27,4,2,1.25,Pediatrics,40
5,2024-06-27,Night,3,20.333333333333332,3.6666666666666665,2024-06-27,3,2,1.0,Pediatrics,40
5,2024-06-28,Afternoon,8,30.65,3.875,2024-06-28,4,2,2.0,Pediatrics,40
5,2024-06-28,Morning,6,27.316666666666666,3.8333333333333335,2024-06-28,4,3,1.5,Pediatrics,40
5,2024-06-29,Afternoon,4,24.45,5.0,2024-06-29,4,2,1.0,Pediatrics,40
5,2024-06-29,Morning,5,28.2,3.2,2024-06-29,3,2,1.6666666666666667,Pediatrics,40
5,2024-06-29,Night,2,27.849999999999998,4.5,2024-06-29,3,1,0.6666666666666666,Pediatrics,40
5,2024-06-30,Afternoon,6,27.766666666666666,4.0,2024-06-30,4,2,1.5,Pediatrics,40
5,2024-06-30,Morning,3,24.233333333333334,4.0,2024-06-30,4,2,0.75,Pediatrics,40
5,2024-06-30,Night,2,20.35,4.0,2024-06-30,2,1,1.0,Pediatrics,40
5,2024-07-01,Afternoon,10,28.15,4.2,2024-07-01,5,2,2.0,Pediatrics,40
5,2024-07-01,Morning,9,32.01111111111111,3.7777777777777777,2024-07-01,4,2,2.25,Pediatrics,40
5,2024-07-01,Night,3,25.933333333333337,4.0,2024-07-01,2,1,1.5,Pediatrics,40
5,2024-07-02,Afternoon,9,31.28888888888889,3.4444444444444446,2024-07-02,4,2,2.25,Pediatrics,40
5,2024-07-02,Morning,3,16.400000000000002,4.0,2024-07-02,5,2,0.6,Pediatrics,40
5,2024-07-03,Afternoon,5,22.84,4.0,2024-07-03,5,2,1.0,Pediatrics,40
5,2024-07-03,Morning,8,26.4875,3.875,2024-07-03,5,2,1.6,Pediatrics,40
5,2024-07-03,Night,3,26.899999999999995,3.6666666666666665,2024-07-03,2,1,1.5,Pediatrics,40
5,2024-07-04,Afternoon,12,37.541666666666664,3.4166666666666665,2024-07-04,4,2,3.0,Pediatrics,40
5,2024-07-04,Morning,9,31.233333333333334,3.7777777777777777,2024-07-04,4,1,2.25,Pediatrics,40
5,2024-07-05,Afternoon,6,24.95,3.8333333333333335,2024-07-05,4,2,1.5,Pediatrics,40
5,2024-07-05,Morning,9,33.48888888888889,3.3333333333333335,2024-07-05,4,2,2.25,Pediatrics,40
5,2024-07-06,Afternoon,7,28.057142857142857,3.5714285714285716,2024-07-06,4,2,1.75,Pediatrics,40
5,2024-07-06,Morning,3,22.133333333333336,4.0,2024-07-06,4,2,0.75,Pediatrics,40
5,2024-07-06,Night,2,18.25,4.5,2024-07-06,3,2,0.6666666666666666,Pediatrics,40
5,2024-07-07,Afternoon,3,16.96666666666667,3.0,2024-07-07,5,1,0.6,Pediatrics,40
5,2024-07-07,Morning,6,24.849999999999998,3.6666666666666665,2024-07-07,4,2,1.5,Pediatrics,40
5,2024-07-07,Night,1,28.1,3.0,2024-07-07,3,1,0.3333333333333333,Pediatrics,40
5,2024-07-08,Afternoon,7,25.214285714285715,3.5714285714285716,2024-07-08,4,2,1.75,Pediatrics,40
5,2024-07-08,Morning,5,23.7,3.6,2024-07-08,3,2,1.6666666666666667,Pediatrics,40
5,2024-07-08,Night,1,17.9,5.0,2024-07-08,3,1,0.3333333333333333,Pediatrics,40
5,2024-07-09,Afternoon,4,29.2,4.0,2024-07-09,4,3,1.0,Pediatrics,40
5,2024-07-09,Morning,10,33.37,3.9,2024-07-09,4,2,2.5,Pediatrics,40
5,2024-07-10,Afternoon,4,26.125,3.5,2024-07-10,3,2,1.3333333333333333,Pediatrics,40
5,2024-07-10,Morning,5,23.82,4.6,2024-07-10,5,2,1.0,Pediatrics,40
5,2024-07-10,Night,1,25.1,3.0,2024-07-10,2,2,0.5,Pediatrics,40
5,2024-07-11,Afternoon,6,29.099999999999998,3.6666666666666665,2024-07-11,3,2,2.0,Pediatrics,40
5,2024-07-11,Morning,6,30.083333333333332,3.8333333333333335,2024-07-11,3,2,2.0,Pediatrics,40
5,2024-07-11,Night,1,26.0,3.0,2024-07-11,3,1,0.3333333333333333,Pediatrics,40
5,2024-07-12,Afternoon,10,32.35,3.4,2024-07-12,4,2,2.5,Pediatrics,40
5,2024-07-12,Morning,3,21.433333333333334,3.6666666666666665,2024-07-12,5,2,0.6,Pediatrics,40
5,2024-07-13,Afternoon,2,18.049999999999997,3.0,2024-07-13,5,1,0.4,Pediatrics,40
5,2024-07-13,Morning,7,27.514285714285712,3.857142857142857,2024-07-13,4,2,1.75,Pediatrics,40
5,2024-07-13,Night,1,19.1,4.0,2024-07-13,3,1,0.3333333333333333,Pediatrics,40
5,2024-07-14,Afternoon,4,18.7,3.5,2024-07-14,4,2,1.0,Pediatrics,40
5,2024-07-14,Morning,4,19.95,3.5,2024-07-14,5,2,0.8,Pediatrics,40
5,2024-07-14,Night,1,17.3,4.0,2024-07-14,3,1,0.3333333333333333,Pediatrics,40
5,2024-07-15,Afternoon,3,23.266666666666666,4.0,2024-07-15,4,2,0.75,Pediatrics,40
5,2024-07-15,Morning,2,26.55,3.5,2024-07-15,2,2,1.0,Pediatrics,40
5,2024-07-15,Night,1,11.3,4.0,2024-07-15,2,1,0.5,Pediatrics,40
5,2024-07-16,Afternoon,2,20.95,4.5,2024-07-16,4,2,0.5,Pediatrics,40
5,2024-07-16,Morning,4,22.7,4.0,2024-07-16,4,2,1.0,Pediatrics,40
5,2024-07-16,Night,1,27.5,3.0,2024-07-16,3,2,0.3333333333333333,Pediatrics,40
5,2024-07-17,Afternoon,5,23.259999999999998,3.8,2024-07-17,4,3,1.25,Pediatrics,40
5,2024-07-17,Morning,2,19.55,5.0,2024-07-17,4,2,0.5,Pediatrics,40
5,2024-07-18,Afternoon,9,27.61111111111111,3.7777777777777777,2024-07-18,4,1,2.25,Pediatrics,40
5,2024-07-18,Morning,10,31.580000000000002,3.4,2024-07-18,4,2,2.5,Pediatrics,40
5,2024-07-18,Night,3,20.400000000000002,3.6666666666666665,2024-07-18,3,1,1.0,Pediatrics,40
5,2024-07-19,Afternoon,6,29.733333333333334,3.1666666666666665,2024-07-19,3,2,2.0,Pediatrics,40
5,2024-07-19,Morning,3,24.266666666666666,3.6666666666666665,2024-07-19,4,2,0.75,Pediatrics,40
5,2024-07-20,Morning,6,23.900000000000002,3.8333333333333335,2024-07-20,4,3,1.5,Pediatrics,40
5,2024-07-20,Night,2,18.950000000000003,4.0,2024-07-20,3,1,0.6666666666666666,Pediatrics,40
5,2024-07-21,Afternoon,2,21.6,4.0,2024-07-21,3,2,0.6666666666666666,Pediatrics,40
5,2024-07-21,Morning,8,31.3625,3.5,2024-07-21,4,2,2.0,Pediatrics,40
5,2024-07-21,Night,1,14.2,3.0,2024-07-21,3,2,0.3333333333333333,Pediatrics,40
5,2024-07-22,Afternoon,6,26.900000000000002,3.6666666666666665,2024-07-22,4,2,1.5,Pediatrics,40
5,2024-07-22,Morning,6,28.150000000000002,4.0,2024-07-22,4,2,1.5,Pediatrics,40
5,2024-07-22,Night,2,25.35,4.0,2024-07-22,2,1,1.0,Pediatrics,40
5,2024-07-23,Afternoon,7,28.642857142857142,4.142857142857143,2024-07-23,4,2,1.75,Pediatrics,40
5,2024-07-23,Morning,5,23.16,3.6,2024-07-23,5,1,1.0,Pediatrics,40
5,2024-07-23,Night,2,21.05,4.5,2024-07-23,3,1,0.6666666666666666,Pediatrics,40
5,2024-07-24,Afternoon,5,26.4,4.0,2024-07-24,4,2,1.25,Pediatrics,40
5,2024-07-24,Morning,6,27.933333333333334,4.0,2024-07-24,4,2,1.5,Pediatrics,40
5,2024-07-25,Afternoon,7,28.057142857142853,4.0,2024-07-25,4,2,1.75,Pediatrics,40
5,2024-07-25,Morning,5,29.119999999999997,3.4,2024-07-25,3,2,1.6666666666666667,Pediatrics,40
5,2024-07-25,Night,3,21.53333333333333,4.0,2024-07-25,3,2,1.0,Pediatrics,40
5,2024-07-26,Afternoon,6,26.650000000000002,3.8333333333333335,2024-07-26,3,2,2.0,Pediatrics,40
5,2024-07-26,Morning,9,30.422222222222224,3.6666666666666665,2024-07-26,4,2,2.25,Pediatrics,40
5,2024-07-26,Night,3,21.96666666666667,4.333333333333333,2024-07-26,3,1,1.0,Pediatrics,40
5,2024-07-27,Afternoon,3,23.5,3.6666666666666665,2024-07-27,4,2,0.75,Pediatrics,40
5,2024-07-27,Morning,11,34.07272727272727,3.4545454545454546,2024-07-27,4,2,2.75,Pediatrics,40
5,2024-07-27,Night,1,23.6,5.0,2024-07-27,2,1,0.5,Pediatrics,40
5,2024-07-28,Afternoon,8,31.200000000000003,4.0,2024-07-28,4,2,2.0,Pediatrics,40
5,2024-07-28,Morning,3,17.099999999999998,4.0,2024-07-28,5,2,0.6,Pediatrics,40
5,2024-07-29,Afternoon,5,19.62,4.0,2024-07-29,5,2,1.0,Pediatrics,40
5,2024-07-29,Morning,6,27.433333333333334,3.8333333333333335,2024-07-29,4,2,1.5,Pediatrics,40
5,2024-07-30,Afternoon,5,28.059999999999995,3.6,2024-07-30,3,2,1.6666666666666667,Pediatrics,40
5,2024-07-30,Morning,5,24.48,3.8,2024-07-30,4,2,1.25,Pediatrics,40
5,2024-07-30,Night,2,18.950000000000003,4.5,2024-07-30,2,2,1.0,Pediatrics,40
5,2024-07-31,Afternoon,7,25.87142857142857,3.5714285714285716,2024-07-31,4,2,1.75,Pediatrics,40
5,2024-07-31,Morning,11,30.29090909090909,3.8181818181818183,2024-07-31,5,2,2.2,Pediatrics,40
5,2024-08-01,Afternoon,6,24.933333333333334,3.5,2024-08-01,4,2,1.5,Pediatrics,40
5,2024-08-01,Morning,8,35.2625,3.625,2024-08-01,3,2,2.6666666666666665,Pediatrics,40
5,2024-08-01,Night,2,18.15,3.0,2024-08-01,3,1,0.6666666666666666,Pediatrics,40
5,2024-08-02,Afternoon,13,48.2,3.230769230769231,2024-08-02,3,2,4.333333333333333,Pediatrics,40
5,2024-08-02,Morning,7,30.285714285714285,3.4285714285714284,2024-08-02,4,3,1.75,Pediatrics,40
5,2024-08-03,Afternoon,9,28.022222222222222,3.111111111111111,2024-08-03,5,2,1.8,Pediatrics,40
5,2024-08-03,Morning,5,21.82,3.8,2024-08-03,5,2,1.0,Pediatrics,40
5,2024-08-03,Night,2,18.0,4.0,2024-08-03,3,1,0.6666666666666666,Pediatrics,40
5,2024-08-04,Afternoon,5,23.34,4.4,2024-08-04,5,2,1.0,Pediatrics,40
5,2024-08-04,Morning,3,17.099999999999998,3.3333333333333335,2024-08-04,4,1,0.75,Pediatrics,40
5,2024-08-05,Afternoon,5,22.580000000000002,3.6,2024-08-05,5,2,1.0,Pediatrics,40
5,2024-08-05,Morning,4,25.625,4.0,2024-08-05,3,2,1.3333333333333333,Pediatrics,40
5,2024-08-05,Night,1,16.0,5.0,2024-08-05,3,2,0.3333333333333333,Pediatrics,40
5,2024-08-06,Afternoon,7,28.400000000000002,3.7142857142857144,2024-08-06,4,2,1.75,Pediatrics,40
5,2024-08-06,Morning,10,32.269999999999996,3.8,2024-08-06,4,2,2.5,Pediatrics,40
5,2024-08-06,Night,1,18.2,4.0,2024-08-06,2,1,0.5,Pediatrics,40
5,2024-08-07,Afternoon,10,33.39,3.6,2024-08-07,4,2,2.5,Pediatrics,40
5,2024-08-07,Morning,5,25.880000000000003,4.0,2024-08-07,4,2,1.25,Pediatrics,40
5,2024-08-08,Afternoon,10,34.78,3.7,2024-08-08,4,2,2.5,Pediatrics,40
5,2024-08-08,Morning,5,25.6,4.2,2024-08-08,4,2,1.25,Pediatrics,40
5,2024-08-08,Night,2,20.5,4.5,2024-08-08,3,1,0.6666666666666666,Pediatrics,40
5,2024-08-09,Afternoon,5,23.98,4.0,2024-08-09,4,3,1.25,Pediatrics,40
5,2024-08-09,Morning,7,22.87142857142857,4.142857142857143,2024-08-09,4,2,1.75,Pediatrics,40
5,2024-08-09,Night,1,21.7,4.0,2024-08-09,2,2,0.5,Pediatrics,40
5,2024-08-10,Afternoon,8,28.875,3.875,2024-08-10,4,1,2.0,Pediatrics,40
5,2024-08-10,Morning,3,16.766666666666666,4.0,2024-08-10,5,2,0.6,Pediatrics,40
5,2024-08-10,Night,2,19.799999999999997,4.0,2024-08-10,3,2,0.6666666666666666,Pediatrics,40
5,2024-08-11,Afternoon,7,23.071428571428573,3.7142857142857144,2024-08-11,5,3,1.4,Pediatrics,40
5,2024-08-11,Morning,1,18.0,4.0,2024-08-11,4,1,0.25,Pediatrics,40
5,2024-08-12,Afternoon,6,27.05,3.1666666666666665,2024-08-12,4,2,1.5,Pediatrics,40
5,2024-08-12,Morning,4,26.875,3.75,2024-08-12,3,3,1.3333333333333333,Pediatrics,40
5,2024-08-12,Night,1,11.1,3.0,2024-08-12,3,1,0.3333333333333333,Pediatrics,40
5,2024-08-13,Afternoon,7,31.342857142857145,3.4285714285714284,2024-08-13,3,2,2.3333333333333335,Pediatrics,40
5,2024-08-13,Morning,3,26.7,4.666666666666667,2024-08-13,5,1,0.6,Pediatrics,40
5,2024-08-13,Night,4,25.425,3.75,2024-08-13,3,1,1.3333333333333333,Pediatrics,40
5,2024-08-14,Afternoon,6,27.083333333333332,3.6666666666666665,2024-08-14,4,2,1.5,Pediatrics,40
5,2024-08-14,Morning,3,19.633333333333333,3.6666666666666665,2024-08-14,4,2,0.75,Pediatrics,40
5,2024-08-14,Night,1,23.8,4.0,2024-08-14,2,1,0.5,Pediatrics,40
5,2024-08-15,Afternoon,8,31.2625,3.625,2024-08-15,4,1,2.0,Pediatrics,40
5,2024-08-15,Morning,7,24.357142857142858,3.5714285714285716,2024-08-15,5,1,1.4,Pediatrics,40
5,2024-08-16,Afternoon,8,33.425,3.5,2024-08-16,3,2,2.6666666666666665,Pediatrics,40
5,2024-08-16,Morning,10,31.160000000000004,4.1,2024-08-16,5,2,2.0,Pediatrics,40
5,2024-08-16,Night,1,17.0,4.0,2024-08-16,3,1,0.3333333333333333,Pediatrics,40
5,2024-08-17,Afternoon,5,23.94,3.4,2024-08-17,5,2,1.0,Pediatrics,40
5,2024-08-17,Morning,6,26.166666666666668,4.333333333333333,2024-08-17,4,2,1.5,Pediatrics,40
5,2024-08-17,Night,1,20.8,3.0,2024-08-17,3,1,0.3333333333333333,Pediatrics,40
5,2024-08-18,Afternoon,1,26.8,4.0,2024-08-18,4,2,0.25,Pediatrics,40
5,2024-08-18,Morning,3,16.3,4.333333333333333,2024-08-18,5,2,0.6,Pediatrics,40
5,2024-08-19,Afternoon,12,38.1,3.6666666666666665,2024-08-19,4,2,3.0,Pediatrics,40
5,2024-08-19,Morning,4,24.35,4.75,2024-08-19,4,2,1.0,Pediatrics,40
5,2024-08-19,Night,1,21.5,4.0,2024-08-19,2,1,0.5,Pediatrics,40
5,2024-08-20,Afternoon,7,26.400000000000002,3.5714285714285716,2024-08-20,4,3,1.75,Pediatrics,40
5,2024-08-20,Morning,9,29.944444444444443,4.111111111111111,2024-08-20,4,2,2.25,Pediatrics,40
5,2024-08-20,Night,4,29.974999999999998,4.0,2024-08-20,2,1,2.0,Pediatrics,40
5,2024-08-21,Afternoon,9,33.81111111111111,3.3333333333333335,2024-08-21,3,2,3.0,Pediatrics,40
5,2024-08-21,Morning,2,18.9,5.0,2024-08-21,3,2,0.6666666666666666,Pediatrics,40
5,2024-08-21,Night,1,11.5,4.0,2024-08-21,2,1,0.5,Pediatrics,40
5,2024-08-22,Afternoon,4,23.975,4.0,2024-08-22,4,2,1.0,Pediatrics,40
5,2024-08-22,Morning,5,25.76,4.2,2024-08-22,4,2,1.25,Pediatrics,40
5,2024-08-22,Night,1,18.8,3.0,2024-08-22,2,2,0.5,Pediatrics,40
5,2024-08-23,Afternoon,5,26.160000000000004,4.0,2024-08-23,4,2,1.25,Pediatrics,40
5,2024-08-23,Morning,10,31.110000000000003,3.5,2024-08-23,4,2,2.5,Pediatrics,40
5,2024-08-23,Night,3,29.266666666666666,4.0,2024-08-23,2,1,1.5,Pediatrics,40
5,2024-08-24,Afternoon,4,22.475,4.25,2024-08-24,5,2,0.8,Pediatrics,40
5,2024-08-24,Morning,6,26.383333333333336,4.333333333333333,2024-08-24,4,2,1.5,Pediatrics,40
5,2024-08-24,Night,1,22.0,4.0,2024-08-24,2,1,0.5,Pediatrics,40
5,2024-08-25,Afternoon,2,21.6,4.5,2024-08-25,4,2,0.5,Pediatrics,40
5,2024-08-25,Morning,7,25.585714285714285,3.7142857142857144,2024-08-25,4,3,1.75,Pediatrics,40
5,2024-08-26,Afternoon,7,29.5,3.857142857142857,2024-08-26,4,2,1.75,Pediatrics,40
5,2024-08-26,Morning,7,30.542857142857144,3.4285714285714284,2024-08-26,3,1,2.3333333333333335,Pediatrics,40
5,2024-08-27,Afternoon,9,30.799999999999997,3.7777777777777777,2024-08-27,5,2,1.8,Pediatrics,40
5,2024-08-27,Morning,6,22.400000000000002,3.5,2024-08-27,5,2,1.2,Pediatrics,40
5,2024-08-27,Night,1,20.3,5.0,2024-08-27,2,2,0.5,Pediatrics,40
5,2024-08-28,Afternoon,15,52.68666666666666,2.8666666666666667,2024-08-28,3,3,5.0,Pediatrics,40
5,2024-08-28,Morning,4,23.7,4.0,2024-08-28,3,2,1.3333333333333333,Pediatrics,40
5,2024-08-28,Night,4,30.25,4.0,2024-08-28,2,1,2.0,Pediatrics,40
5,2024-08-29,Afternoon,8,36.8375,3.875,2024-08-29,3,3,2.6666666666666665,Pediatrics,40
5,2024-08-29,Morning,10,31.130000000000003,4.2,2024-08-29,5,2,2.0,Pediatrics,40
5,2024-08-29,Night,3,22.099999999999998,3.3333333333333335,2024-08-29,3,1,1.0,Pediatrics,40
5,2024-08-30,Afternoon,5,24.259999999999998,3.6,2024-08-30,4,1,1.25,Pediatrics,40
5,2024-08-30,Morning,7,29.7,3.5714285714285716,2024-08-30,4,2,1.75,Pediatrics,40
5,2024-08-30,Night,1,17.5,5.0,2024-08-30,3,1,0.3333333333333333,Pediatrics,40
5,2024-08-31,Afternoon,4,24.15,4.0,2024-08-31,4,2,1.0,Pediatrics,40
5,2024-08-31,Morning,5,18.7,4.0,2024-08-31,5,2,1.0,Pediatrics,40
5,2024-09-01,Afternoon,5,25.22,4.0,2024-09-01,5,2,1.0,Pediatrics,40
5,2024-09-01,Morning,5,24.060000000000002,3.2,2024-09-01,4,2,1.25,Pediatrics,40
5,2024-09-01,Night,3,18.866666666666667,3.6666666666666665,2024-09-01,3,1,1.0,Pediatrics,40
5,2024-09-02,Afternoon,8,25.6875,3.875,2024-09-02,5,3,1.6,Pediatrics,40
5,2024-09-02,Morning,2,17.25,3.5,2024-09-02,3,2,0.6666666666666666,Pediatrics,40
5,2024-09-02,Night,2,25.65,4.0,2024-09-02,3,1,0.6666666666666666,Pediatrics,40
5,2024-09-03,Afternoon,1,22.3,4.0,2024-09-03,4,3,0.25,Pediatrics,40
5,2024-09-03,Morning,6,26.53333333333333,4.0,2024-09-03,5,2,1.2,Pediatrics,40
5,2024-09-04,Afternoon,6,24.483333333333334,3.5,2024-09-04,4,1,1.5,Pediatrics,40
5,2024-09-04,Morning,11,40.336363636363636,3.272727272727273,2024-09-04,3,3,3.6666666666666665,Pediatrics,40
5,2024-09-05,Afternoon,12,38.84166666666667,3.5833333333333335,2024-09-05,4,2,3.0,Pediatrics,40
5,2024-09-05,Morning,9,33.455555555555556,3.5555555555555554,2024-09-05,4,2,2.25,Pediatrics,40
5,2024-09-05,Night,1,25.9,5.0,2024-09-05,3,1,0.3333333333333333,Pediatrics,40
5,2024-09-06,Afternoon,6,23.516666666666666,3.6666666666666665,2024-09-06,5,2,1.2,Pediatrics,40
5,2024-09-06,Morning,10,38.2,3.4,2024-09-06,3,2,3.3333333333333335,Pediatrics,40
5,2024-09-06,Night,1,20.1,3.0,2024-09-06,3,1,0.3333333333333333,Pediatrics,40
5,2024-09-07,Afternoon,5,25.419999999999998,3.8,2024-09-07,5,2,1.0,Pediatrics,40
5,2024-09-07,Morning,6,27.083333333333332,3.8333333333333335,2024-09-07,4,3,1.5,Pediatrics,40
5,2024-09-07,Night,2,15.5,4.5,2024-09-07,4,1,0.5,Pediatrics,40
5,2024-09-08,Afternoon,6,27.766666666666666,3.8333333333333335,2024-09-08,4,2,1.5,Pediatrics,40
5,2024-09-08,Morning,4,23.15,4.0,2024-09-08,5,2,0.8,Pediatrics,40
5,2024-09-08,Night,3,31.100000000000005,4.666666666666667,2024-09-08,2,1,1.5,Pediatrics,40
5,2024-09-09,Afternoon,7,27.942857142857143,3.7142857142857144,2024-09-09,5,2,1.4,Pediatrics,40
5,2024-09-09,Morning,5,35.3,3.2,2024-09-09,2,2,2.5,Pediatrics,40
5,2024-09-10,Afternoon,3,25.5,3.6666666666666665,2024-09-10,4,2,0.75,Pediatrics,40
5,2024-09-10,Morning,3,20.03333333333333,3.6666666666666665,2024-09-10,4,3,0.75,Pediatrics,40
5,2024-09-10,Night,1,16.4,4.0,2024-09-10,2,1,0.5,Pediatrics,40
5,2024-09-11,Afternoon,6,27.983333333333334,4.0,2024-09-11,3,2,2.0,Pediatrics,40
5,2024-09-11,Morning,6,24.316666666666666,3.8333333333333335,2024-09-11,5,2,1.2,Pediatrics,40
5,2024-09-11,Night,2,20.8,4.0,2024-09-11,2,1,1.0,Pediatrics,40
5,2024-09-12,Afternoon,15,52.56666666666667,3.533333333333333,2024-09-12,3,2,5.0,Pediatrics,40
5,2024-09-12,Morning,6,25.066666666666666,3.5,2024-09-12,4,2,1.5,Pediatrics,40
5,2024-09-12,Night,4,25.9,4.25,2024-09-12,3,1,1.3333333333333333,Pediatrics,40
5,2024-09-13,Afternoon,5,24.44,4.2,2024-09-13,4,2,1.25,Pediatrics,40
5,2024-09-13,Morning,9,30.444444444444443,3.4444444444444446,2024-09-13,4,3,2.25,Pediatrics,40
5,2024-09-14,Afternoon,5,28.839999999999996,3.8,2024-09-14,4,2,1.25,Pediatrics,40
5,2024-09-14,Morning,10,30.910000000000004,3.6,2024-09-14,4,2,2.5,Pediatrics,40
5,2024-09-15,Afternoon,4,17.35,3.5,2024-09-15,5,2,0.8,Pediatrics,40
5,2024-09-15,Morning,9,34.53333333333333,3.5555555555555554,2024-09-15,4,2,2.25,Pediatrics,40
5,2024-09-15,Night,2,19.35,3.5,2024-09-15,3,2,0.6666666666666666,Pediatrics,40
5,2024-09-16,Afternoon,7,31.228571428571428,3.857142857142857,2024-09-16,4,2,1.75,Pediatrics,40
5,2024-09-16,Morning,12,44.85,3.3333333333333335,2024-09-16,3,2,4.0,Pediatrics,40
5,2024-09-16,Night,1,16.2,5.0,2024-09-16,3,1,0.3333333333333333,Pediatrics,40
5,2024-09-17,Afternoon,14,40.278571428571425,3.642857142857143,2024-09-17,4,2,3.5,Pediatrics,40
5,2024-09-17,Morning,2,23.15,4.0,2024-09-17,4,2,0.5,Pediatrics,40
5,2024-09-17,Night,4,27.975,4.0,2024-09-17,2,1,2.0,Pediatrics,40
5,2024-09-18,Afternoon,4,22.425,4.0,2024-09-18,4,2,1.0,Pediatrics,40
5,2024-09-18,Morning,8,28.275,4.0,2024-09-18,5,3,1.6,Pediatrics,40
5,2024-09-18,Night,3,25.400000000000002,4.333333333333333,2024-09-18,3,2,1.0,Pediatrics,40
5,2024-09-19,Afternoon,8,36.475,3.625,2024-09-19,3,1,2.6666666666666665,Pediatrics,40
5,2024-09-19,Morning,10,34.6,4.0,2024-09-19,4,2,2.5,Pediatrics,40
5,2024-09-19,Night,4,29.924999999999997,3.75,2024-09-19,2,1,2.0,Pediatrics,40
5,2024-09-20,Afternoon,6,27.2,3.8333333333333335,2024-09-20,4,2,1.5,Pediatrics,40
5,2024-09-20,Morning,7,28.814285714285713,3.5714285714285716,2024-09-20,4,2,1.75,Pediatrics,40
5,2024-09-21,Afternoon,5,24.06,4.4,2024-09-21,4,2,1.25,Pediatrics,40
5,2024-09-21,Morning,3,19.766666666666666,4.333333333333333,2024-09-21,4,2,0.75,Pediatrics,40
5,2024-09-21,Night,2,16.25,4.0,2024-09-21,3,1,0.6666666666666666,Pediatrics,40
5,2024-09-22,Afternoon,10,38.45,3.0,2024-09-22,3,2,3.3333333333333335,Pediatrics,40
5,2024-09-22,Morning,4,24.8,3.75,2024-09-22,3,2,1.3333333333333333,Pediatrics,40
5,2024-09-23,Afternoon,6,23.833333333333332,4.0,2024-09-23,4,2,1.5,Pediatrics,40
5,2024-09-23,Morning,2,24.55,4.5,2024-09-23,4,2,0.5,Pediatrics,40
5,2024-09-23,Night,1,18.7,5.0,2024-09-23,2,2,0.5,Pediatrics,40
5,2024-09-24,Afternoon,5,25.34,4.2,2024-09-24,4,2,1.25,Pediatrics,40
5,2024-09-24,Morning,10,34.160000000000004,3.5,2024-09-24,4,2,2.5,Pediatrics,40
5,2024-09-24,Night,1,25.9,4.0,2024-09-24,2,1,0.5,Pediatrics,40
5,2024-09-25,Afternoon,9,32.77777777777778,3.6666666666666665,2024-09-25,4,2,2.25,Pediatrics,40
5,2024-09-25,Morning,5,27.5,4.2,2024-09-25,4,2,1.25,Pediatrics,40
5,2024-09-26,Afternoon,9,33.48888888888889,3.7777777777777777,2024-09-26,4,2,2.25,Pediatrics,40
5,2024-09-26,Morning,8,28.5,3.875,2024-09-26,4,2,2.0,Pediatrics,40
5,2024-09-26,Night,1,14.8,5.0,2024-09-26,3,1,0.3333333333333333,Pediatrics,40
5,2024-09-27,Afternoon,8,28.7625,3.375,2024-09-27,5,2,1.6,Pediatrics,40
5,2024-09-27,Morning,7,26.7,3.7142857142857144,2024-09-27,4,1,1.75,Pediatrics,40
5,2024-09-27,Night,1,19.7,4.0,2024-09-27,2,2,0.5,Pediatrics,40
5,2024-09-28,Afternoon,7,27.928571428571427,4.428571428571429,2024-09-28,5,2,1.4,Pediatrics,40
5,2024-09-28,Morning,4,19.675,4.0,2024-09-28,4,2,1.0,Pediatrics,40
5,2024-09-28,Night,1,27.9,4.0,2024-09-28,2,1,0.5,Pediatrics,40
5,2024-09-29,Afternoon,9,32.13333333333333,3.6666666666666665,2024-09-29,4,2,2.25,Pediatrics,40
5,2024-09-29,Morning,4,26.625,3.75,2024-09-29,3,2,1.3333333333333333,Pediatrics,40
5,2024-09-29,Night,3,18.666666666666668,4.666666666666667,2024-09-29,4,1,0.75,Pediatrics,40
5,2024-09-30,Afternoon,11,41.46363636363637,3.727272727272727,2024-09-30,3,2,3.6666666666666665,Pediatrics,40
5,2024-09-30,Morning,7,25.97142857142857,4.0,2024-09-30,5,2,1.4,Pediatrics,40
5,2024-09-30,Night,1,17.8,4.0,2024-09-30,3,1,0.3333333333333333,Pediatrics,40
5,2024-10-01,Afternoon,7,23.97142857142857,4.0,2024-10-01,5,2,1.4,Pediatrics,40
5,2024-10-01,Morning,6,29.733333333333334,4.166666666666667,2024-10-01,3,2,2.0,Pediatrics,40
5,2024-10-01,Night,3,23.133333333333336,3.6666666666666665,2024-10-01,2,1,1.5,Pediatrics,40
5,2024-10-02,Afternoon,2,18.4,4.0,2024-10-02,5,2,0.4,Pediatrics,40
5,2024-10-02,Morning,2,18.700000000000003,4.0,2024-10-02,3,2,0.6666666666666666,Pediatrics,40
5,2024-10-03,Afternoon,12,35.24166666666667,3.6666666666666665,2024-10-03,5,2,2.4,Pediatrics,40
5,2024-10-03,Morning,10,32.35,4.0,2024-10-03,5,2,2.0,Pediatrics,40
5,2024-10-03,Night,6,29.666666666666668,3.6666666666666665,2024-10-03,3,2,2.0,Pediatrics,40
5,2024-10-04,Afternoon,13,45.815384615384616,3.6923076923076925,2024-10-04,3,3,4.333333333333333,Pediatrics,40
5,2024-10-04,Morning,8,28.5125,3.25,2024-10-04,4,2,2.0,Pediatrics,40
5,2024-10-04,Night,1,22.1,4.0,2024-10-04,3,1,0.3333333333333333,Pediatrics,40
5,2024-10-05,Afternoon,6,26.016666666666666,4.166666666666667,2024-10-05,4,2,1.5,Pediatrics,40
5,2024-10-05,Morning,6,27.0,4.166666666666667,2024-10-05,4,2,1.5,Pediatrics,40
5,2024-10-05,Night,1,23.2,4.0,2024-10-05,2,1,0.5,Pediatrics,40
5,2024-10-06,Afternoon,5,29.02,4.0,2024-10-06,4,2,1.25,Pediatrics,40
5,2024-10-06,Morning,5,20.72,4.0,2024-10-06,5,1,1.0,Pediatrics,40
5,2024-10-07,Afternoon,7,29.071428571428573,4.285714285714286,2024-10-07,4,2,1.75,Pediatrics,40
5,2024-10-07,Morning,3,26.333333333333332,4.666666666666667,2024-10-07,3,2,1.0,Pediatrics,40
5,2024-10-07,Night,4,30.55,3.75,2024-10-07,2,1,2.0,Pediatrics,40
5,2024-10-08,Afternoon,2,11.25,4.5,2024-10-08,5,1,0.4,Pediatrics,40
5,2024-10-08,Morning,6,26.616666666666664,3.5,2024-10-08,4,2,1.5,Pediatrics,40
5,2024-10-08,Night,1,20.8,4.0,2024-10-08,3,2,0.3333333333333333,Pediatrics,40
5,2024-10-09,Afternoon,10,28.7,4.3,2024-10-09,5,2,2.0,Pediatrics,40
5,2024-10-09,Morning,8,27.8625,3.625,2024-10-09,4,2,2.0,Pediatrics,40
5,2024-10-09,Night,2,20.7,4.0,2024-10-09,3,1,0.6666666666666666,Pediatrics,40
5,2024-10-10,Afternoon,7,32.32857142857143,3.7142857142857144,2024-10-10,3,2,2.3333333333333335,Pediatrics,40
5,2024-10-10,Morning,4,23.35,4.5,2024-10-10,4,2,1.0,Pediatrics,40
5,2024-10-11,Afternoon,7,28.74285714285714,3.857142857142857,2024-10-11,4,2,1.75,Pediatrics,40
5,2024-10-11,Morning,7,28.400000000000002,3.4285714285714284,2024-10-11,4,2,1.75,Pediatrics,40
5,2024-10-11,Night,3,32.63333333333333,3.3333333333333335,2024-10-11,2,1,1.5,Pediatrics,40
5,2024-10-12,Afternoon,6,22.566666666666666,3.8333333333333335,2024-10-12,5,2,1.2,Pediatrics,40
5,2024-10-12,Morning,6,27.25,4.166666666666667,2024-10-12,4,2,1.5,Pediatrics,40
5,2024-10-12,Night,2,18.4,4.5,2024-10-12,3,1,0.6666666666666666,Pediatrics,40
5,2024-10-13,Afternoon,11,31.754545454545454,3.8181818181818183,2024-10-13,5,2,2.2,Pediatrics,40
5,2024-10-13,Morning,5,22.18,3.8,2024-10-13,5,2,1.0,Pediatrics,40
5,2024-10-13,Night,3,29.8,3.3333333333333335,2024-10-13,2,2,1.5,Pediatrics,40
5,2024-10-14,Afternoon,10,30.139999999999997,3.5,2024-10-14,5,2,2.0,Pediatrics,40
5,2024-10-14,Morning,10,33.96,3.2,2024-10-14,4,2,2.5,Pediatrics,40
5,2024-10-14,Night,1,25.5,4.0,2024-10-14,3,1,0.3333333333333333,Pediatrics,40
5,2024-10-15,Afternoon,8,39.425,3.5,2024-10-15,2,2,4.0,Pediatrics,40
5,2024-10-15,Morning,6,32.833333333333336,3.8333333333333335,2024-10-15,3,2,2.0,Pediatrics,40
5,2024-10-15,Night,4,32.8,3.5,2024-10-15,2,1,2.0,Pediatrics,40
5,2024-10-16,Afternoon,4,25.9,3.75,2024-10-16,5,2,0.8,Pediatrics,40
5,2024-10-16,Morning,4,21.275,4.5,2024-10-16,4,2,1.0,Pediatrics,40
5,2024-10-17,Afternoon,8,33.137499999999996,3.875,2024-10-17,4,1,2.0,Pediatrics,40
5,2024-10-17,Morning,4,20.325,3.75,2024-10-17,5,2,0.8,Pediatrics,40
5,2024-10-17,Night,2,19.6,4.5,2024-10-17,2,1,1.0,Pediatrics,40
5,2024-10-18,Afternoon,10,31.669999999999998,3.8,2024-10-18,4,2,2.5,Pediatrics,40
5,2024-10-18,Morning,5,22.939999999999998,4.6,2024-10-18,5,2,1.0,Pediatrics,40
5,2024-10-18,Night,2,23.25,4.5,2024-10-18,2,1,1.0,Pediatrics,40
5,2024-10-19,Afternoon,3,27.633333333333336,4.0,2024-10-19,3,2,1.0,Pediatrics,40
5,2024-10-19,Morning,6,27.400000000000002,4.666666666666667,2024-10-19,4,2,1.5,Pediatrics,40
5,2024-10-19,Night,1,21.7,5.0,2024-10-19,3,1,0.3333333333333333,Pediatrics,40
5,2024-10-20,Afternoon,3,25.766666666666666,3.6666666666666665,2024-10-20,3,2,1.0,Pediatrics,40
5,2024-10-20,Morning,7,34.42857142857143,4.142857142857143,2024-10-20,3,2,2.3333333333333335,Pediatrics,40
5,2024-10-20,Night,3,28.366666666666664,4.0,2024-10-20,2,1,1.5,Pediatrics,40
5,2024-10-21,Afternoon,7,25.385714285714283,4.0,2024-10-21,4,2,1.75,Pediatrics,40
5,2024-10-21,Morning,9,36.74444444444444,3.2222222222222223,2024-10-21,3,3,3.0,Pediatrics,40
5,2024-10-21,Night,1,16.7,4.0,2024-10-21,3,1,0.3333333333333333,Pediatrics,40
5,2024-10-22,Afternoon,7,28.142857142857142,3.857142857142857,2024-10-22,4,2,1.75,Pediatrics,40
5,2024-10-22,Morning,11,36.58181818181818,3.4545454545454546,2024-10-22,4,1,2.75,Pediatrics,40
5,2024-10-22,Night,3,24.2,4.333333333333333,2024-10-22,3,1,1.0,Pediatrics,40
5,2024-10-23,Afternoon,11,30.754545454545454,3.909090909090909,2024-10-23,5,3,2.2,Pediatrics,40
5,2024-10-23,Morning,6,26.400000000000002,3.3333333333333335,2024-10-23,3,3,2.0,Pediatrics,40
5,2024-10-23,Night,2,20.95,4.0,2024-10-23,2,1,1.0,Pediatrics,40
5,2024-10-24,Afternoon,7,27.62857142857143,3.857142857142857,2024-10-24,4,2,1.75,Pediatrics,40
5,2024-10-24,Morning,4,22.725,4.0,2024-10-24,4,2,1.0,Pediatrics,40
5,2024-10-24,Night,3,20.266666666666666,4.333333333333333,2024-10-24,3,1,1.0,Pediatrics,40
5,2024-10-25,Afternoon,6,24.7,3.8333333333333335,2024-10-25,5,2,1.2,Pediatrics,40
5,2024-10-25,Morning,5,20.98,4.0,2024-10-25,5,2,1.0,Pediatrics,40
5,2024-10-25,Night,1,26.9,5.0,2024-10-25,3,2,0.3333333333333333,Pediatrics,40
5,2024-10-26,Afternoon,2,17.45,4.5,2024-10-26,4,2,0.5,Pediatrics,40
5,2024-10-26,Morning,8,28.875,3.625,2024-10-26,5,2,1.6,Pediatrics,40
5,2024-10-26,Night,1,25.7,4.0,2024-10-26,3,1,0.3333333333333333,Pediatrics,40
5,2024-10-27,Afternoon,8,32.7875,3.25,2024-10-27,3,3,2.6666666666666665,Pediatrics,40
5,2024-10-27,Morning,6,26.2,3.8333333333333335,2024-10-27,4,2,1.5,Pediatrics,40
5,2024-10-28,Afternoon,3,20.76666666666667,3.6666666666666665,2024-10-28,5,1,0.6,Pediatrics,40
5,2024-10-28,Morning,5,25.2,3.4,2024-10-28,4,2,1.25,Pediatrics,40
5,2024-10-28,Night,2,27.05,3.0,2024-10-28,2,1,1.0,Pediatrics,40
5,2024-10-29,Afternoon,5,24.5,4.4,2024-10-29,4,2,1.25,Pediatrics,40
5,2024-10-29,Morning,7,30.014285714285712,3.857142857142857,2024-10-29,3,2,2.3333333333333335,Pediatrics,40
5,2024-10-29,Night,1,20.2,3.0,2024-10-29,3,1,0.3333333333333333,Pediatrics,40
5,2024-10-30,Afternoon,10,31.630000000000003,3.6,2024-10-30,5,2,2.0,Pediatrics,40
5,2024-10-30,Morning,9,33.577777777777776,3.7777777777777777,2024-10-30,4,2,2.25,Pediatrics,40
5,2024-10-31,Afternoon,12,42.80833333333334,3.5,2024-10-31,3,2,4.0,Pediatrics,40
5,2024-10-31,Morning,6,29.316666666666666,3.8333333333333335,2024-10-31,4,2,1.5,Pediatrics,40
5,2024-10-31,Night,1,19.9,5.0,2024-10-31,3,1,0.3333333333333333,Pediatrics,40
5,2024-11-01,Afternoon,6,24.766666666666666,3.6666666666666665,2024-11-01,4,2,1.5,Pediatrics,40
5,2024-11-01,Morning,8,35.35,3.875,2024-11-01,3,2,2.6666666666666665,Pediatrics,40
5,2024-11-01,Night,4,27.8,4.0,2024-11-01,3,1,1.3333333333333333,Pediatrics,40
5,2024-11-02,Afternoon,8,32.575,4.0,2024-11-02,4,2,2.0,Pediatrics,40
5,2024-11-02,Morning,12,30.125,3.5833333333333335,2024-11-02,6,2,2.0,Pediatrics,40
5,2024-11-02,Night,1,15.5,5.0,2024-11-02,4,1,0.25,Pediatrics,40
5,2024-11-03,Afternoon,5,23.86,3.8,2024-11-03,5,3,1.0,Pediatrics,40
5,2024-11-03,Morning,5,25.52,3.8,2024-11-03,4,2,1.25,Pediatrics,40
5,2024-11-04,Afternoon,3,19.133333333333336,4.0,2024-11-04,5,2,0.6,Pediatrics,40
5,2024-11-04,Morning,1,12.7,4.0,2024-11-04,4,2,0.25,Pediatrics,40
5,2024-11-04,Night,2,20.9,4.0,2024-11-04,2,1,1.0,Pediatrics,40
5,2024-11-05,Afternoon,8,28.925,4.125,2024-11-05,4,1,2.0,Pediatrics,40
5,2024-11-05,Morning,4,18.375,3.75,2024-11-05,4,2,1.0,Pediatrics,40
5,2024-11-05,Night,3,27.933333333333334,4.666666666666667,2024-11-05,3,1,1.0,Pediatrics,40
5,2024-11-06,Afternoon,12,37.09166666666667,3.5,2024-11-06,4,2,3.0,Pediatrics,40
5,2024-11-06,Morning,4,26.324999999999996,4.0,2024-11-06,4,3,1.0,Pediatrics,40
5,2024-11-07,Afternoon,8,31.6375,4.125,2024-11-07,4,2,2.0,Pediatrics,40
5,2024-11-07,Morning,7,28.414285714285715,3.4285714285714284,2024-11-07,4,2,1.75,Pediatrics,40
5,2024-11-07,Night,1,15.3,5.0,2024-11-07,3,1,0.3333333333333333,Pediatrics,40
5,2024-11-08,Afternoon,9,34.56666666666667,3.6666666666666665,2024-11-08,3,1,3.0,Pediatrics,40
5,2024-11-08,Morning,11,35.59090909090909,3.8181818181818183,2024-11-08,4,2,2.75,Pediatrics,40
5,2024-11-08,Night,1,16.1,5.0,2024-11-08,2,2,0.5,Pediatrics,40
5,2024-11-09,Afternoon,10,29.75,3.9,2024-11-09,5,2,2.0,Pediatrics,40
5,2024-11-09,Morning,6,21.2,4.166666666666667,2024-11-09,5,1,1.2,Pediatrics,40
5,2024-11-09,Night,1,23.3,3.0,2024-11-09,2,1,0.5,Pediatrics,40
5,2024-11-10,Afternoon,3,18.833333333333332,4.333333333333333,2024-11-10,3,2,1.0,Pediatrics,40
5,2024-11-10,Morning,3,22.366666666666664,4.333333333333333,2024-11-10,4,2,0.75,Pediatrics,40
5,2024-11-11,Afternoon,9,30.688888888888886,4.222222222222222,2024-11-11,4,2,2.25,Pediatrics,40
5,2024-11-11,Morning,7,31.271428571428572,3.5714285714285716,2024-11-11,3,2,2.3333333333333335,Pediatrics,40
5,2024-11-11,Night,4,23.9,3.5,2024-11-11,3,1,1.3333333333333333,Pediatrics,40
5,2024-11-12,Afternoon,6,24.616666666666664,3.6666666666666665,2024-11-12,5,2,1.2,Pediatrics,40
5,2024-11-12,Morning,4,25.375,4.0,2024-11-12,4,2,1.0,Pediatrics,40
5,2024-11-12,Night,3,18.366666666666667,4.333333333333333,2024-11-12,4,2,0.75,Pediatrics,40
5,2024-11-13,Afternoon,11,36.06363636363636,3.5454545454545454,2024-11-13,4,3,2.75,Pediatrics,40
5,2024-11-13,Morning,3,19.533333333333335,3.6666666666666665,2024-11-13,4,2,0.75,Pediatrics,40
5,2024-11-13,Night,3,20.966666666666665,3.0,2024-11-13,3,1,1.0,Pediatrics,40
5,2024-11-14,Afternoon,7,29.085714285714285,4.0,2024-11-14,4,2,1.75,Pediatrics,40
5,2024-11-14,Morning,2,23.1,4.5,2024-11-14,4,2,0.5,Pediatrics,40
5,2024-11-14,Night,3,20.166666666666668,4.333333333333333,2024-11-14,3,1,1.0,Pediatrics,40
5,2024-11-15,Afternoon,8,30.4875,3.75,2024-11-15,4,2,2.0,Pediatrics,40
5,2024-11-15,Morning,7,33.128571428571426,3.857142857142857,2024-11-15,3,2,2.3333333333333335,Pediatrics,40
5,2024-11-16,Afternoon,5,25.34,4.0,2024-11-16,4,1,1.25,Pediatrics,40
5,2024-11-16,Morning,4,24.325,3.75,2024-11-16,3,2,1.3333333333333333,Pediatrics,40
5,2024-11-16,Night,1,21.7,4.0,2024-11-16,3,1,0.3333333333333333,Pediatrics,40
5,2024-11-17,Afternoon,4,24.775,3.75,2024-11-17,4,2,1.0,Pediatrics,40
5,2024-11-17,Morning,6,26.316666666666666,4.333333333333333,2024-11-17,4,2,1.5,Pediatrics,40
5,2024-11-17,Night,3,22.7,4.0,2024-11-17,3,2,1.0,Pediatrics,40
5,2024-11-18,Afternoon,7,30.814285714285713,3.857142857142857,2024-11-18,3,1,2.3333333333333335,Pediatrics,40
5,2024-11-18,Morning,9,30.65555555555555,3.5555555555555554,2024-11-18,4,2,2.25,Pediatrics,40
5,2024-11-18,Night,2,16.75,3.5,2024-11-18,3,2,0.6666666666666666,Pediatrics,40
5,2024-11-19,Afternoon,10,34.339999999999996,4.0,2024-11-19,4,2,2.5,Pediatrics,40
5,2024-11-19,Morning,9,30.244444444444444,3.6666666666666665,2024-11-19,4,2,2.25,Pediatrics,40
5,2024-11-19,Night,2,15.399999999999999,4.5,2024-11-19,2,2,1.0,Pediatrics,40
5,2024-11-20,Afternoon,4,24.55,3.75,2024-11-20,3,2,1.3333333333333333,Pediatrics,40
5,2024-11-20,Morning,13,36.33846153846154,3.5384615384615383,2024-11-20,5,2,2.6,Pediatrics,40
5,2024-11-20,Night,3,27.900000000000002,3.6666666666666665,2024-11-20,2,1,1.5,Pediatrics,40
5,2024-11-21,Afternoon,11,34.28181818181818,3.5454545454545454,2024-11-21,4,3,2.75,Pediatrics,40
5,2024-11-21,Morning,13,33.8,3.230769230769231,2024-11-21,5,2,2.6,Pediatrics,40
5,2024-11-21,Night,1,10.8,5.0,2024-11-21,3,2,0.3333333333333333,Pediatrics,40
5,2024-11-22,Afternoon,9,28.82222222222222,3.111111111111111,2024-11-22,4,1,2.25,Pediatrics,40
5,2024-11-22,Morning,6,27.3,4.166666666666667,2024-11-22,4,2,1.5,Pediatrics,40
5,2024-11-22,Night,1,14.2,5.0,2024-11-22,3,1,0.3333333333333333,Pediatrics,40
5,2024-11-23,Afternoon,9,34.68888888888889,3.7777777777777777,2024-11-23,4,1,2.25,Pediatrics,40
5,2024-11-23,Morning,4,23.625,3.0,2024-11-23,3,1,1.3333333333333333,Pediatrics,40
5,2024-11-23,Night,3,22.7,3.6666666666666665,2024-11-23,3,1,1.0,Pediatrics,40
5,2024-11-24,Afternoon,2,25.1,4.5,2024-11-24,4,1,0.5,Pediatrics,40
5,2024-11-24,Morning,3,18.833333333333332,4.0,2024-11-24,5,1,0.6,Pediatrics,40
5,2024-11-24,Night,2,24.85,4.0,2024-11-24,2,1,1.0,Pediatrics,40
5,2024-11-25,Afternoon,7,28.142857142857142,3.4285714285714284,2024-11-25,4,2,1.75,Pediatrics,40
5,2024-11-25,Morning,5,23.5,4.2,2024-11-25,4,2,1.25,Pediatrics,40
5,2024-11-25,Night,2,23.7,3.5,2024-11-25,2,2,1.0,Pediatrics,40
5,2024-11-26,Afternoon,3,24.733333333333334,4.333333333333333,2024-11-26,3,2,1.0,Pediatrics,40
5,2024-11-26,Morning,5,25.56,3.6,2024-11-26,3,2,1.6666666666666667,Pediatrics,40
5,2024-11-26,Night,3,24.900000000000002,4.333333333333333,2024-11-26,3,2,1.0,Pediatrics,40
5,2024-11-27,Afternoon,10,28.93,3.7,2024-11-27,5,2,2.0,Pediatrics,40
5,2024-11-27,Morning,5,25.4,3.2,2024-11-27,3,1,1.6666666666666667,Pediatrics,40
5,2024-11-27,Night,3,27.166666666666668,3.6666666666666665,2024-11-27,3,1,1.0,Pediatrics,40
5,2024-11-28,Afternoon,13,38.76923076923077,3.5384615384615383,2024-11-28,4,2,3.25,Pediatrics,40
5,2024-11-28,Morning,11,32.018181818181816,3.6363636363636362,2024-11-28,4,2,2.75,Pediatrics,40
5,2024-11-28,Night,1,23.5,4.0,2024-11-28,3,2,0.3333333333333333,Pediatrics,40
5,2024-11-29,Afternoon,5,24.64,3.2,2024-11-29,4,2,1.25,Pediatrics,40
5,2024-11-29,Morning,5,29.839999999999996,3.8,2024-11-29,3,2,1.6666666666666667,Pediatrics,40
5,2024-11-29,Night,6,31.400000000000002,4.0,2024-11-29,3,1,2.0,Pediatrics,40
5,2024-11-30,Afternoon,5,24.0,3.8,2024-11-30,5,1,1.0,Pediatrics,40
5,2024-11-30,Morning,5,23.94,3.6,2024-11-30,4,3,1.25,Pediatrics,40
5,2024-11-30,Night,3,29.133333333333336,4.333333333333333,2024-11-30,2,2,1.5,Pediatrics,40
5,2024-12-01,Afternoon,7,30.67142857142857,3.857142857142857,2024-12-01,4,2,1.75,Pediatrics,40
5,2024-12-01,Morning,8,26.6125,4.125,2024-12-01,4,2,2.0,Pediatrics,40
5,2024-12-01,Night,2,25.6,4.0,2024-12-01,2,1,1.0,Pediatrics,40
5,2024-12-02,Afternoon,8,28.3,3.875,2024-12-02,5,2,1.6,Pediatrics,40
5,2024-12-02,Morning,5,23.119999999999997,4.0,2024-12-02,4,2,1.25,Pediatrics,40
5,2024-12-02,Night,2,24.200000000000003,3.5,2024-12-02,3,1,0.6666666666666666,Pediatrics,40
5,2024-12-03,Afternoon,11,31.91818181818182,3.727272727272727,2024-12-03,5,2,2.2,Pediatrics,40
5,2024-12-03,Morning,6,24.150000000000002,3.8333333333333335,2024-12-03,4,2,1.5,Pediatrics,40
5,2024-12-03,Night,1,18.1,4.0,2024-12-03,2,1,0.5,Pediatrics,40
5,2024-12-04,Afternoon,8,26.425,3.5,2024-12-04,4,2,2.0,Pediatrics,40
5,2024-12-04,Morning,9,29.166666666666668,3.4444444444444446,2024-12-04,4,2,2.25,Pediatrics,40
5,2024-12-04,Night,1,19.2,4.0,2024-12-04,2,1,0.5,Pediatrics,40
5,2024-12-05,Afternoon,9,27.188888888888886,3.2222222222222223,2024-12-05,6,2,1.5,Pediatrics,40
5,2024-12-05,Morning,6,23.816666666666666,4.166666666666667,2024-12-05,5,2,1.2,Pediatrics,40
5,2024-12-05,Night,2,27.5,3.5,2024-12-05,2,1,1.0,Pediatrics,40
5,2024-12-06,Afternoon,9,29.88888888888889,4.0,2024-12-06,5,2,1.8,Pediatrics,40
5,2024-12-06,Morning,6,22.46666666666667,3.8333333333333335,2024-12-06,5,2,1.2,Pediatrics,40
5,2024-12-06,Night,1,18.4,4.0,2024-12-06,3,1,0.3333333333333333,Pediatrics,40
5,2024-12-07,Afternoon,5,28.04,4.0,2024-12-07,3,2,1.6666666666666667,Pediatrics,40
5,2024-12-07,Morning,6,25.033333333333335,3.6666666666666665,2024-12-07,4,2,1.5,Pediatrics,40
5,2024-12-08,Afternoon,3,17.733333333333334,4.0,2024-12-08,4,2,0.75,Pediatrics,40
5,2024-12-08,Morning,4,20.85,4.0,2024-12-08,5,3,0.8,Pediatrics,40
5,2024-12-08,Night,1,15.5,4.0,2024-12-08,3,1,0.3333333333333333,Pediatrics,40
5,2024-12-09,Afternoon,7,30.557142857142857,3.5714285714285716,2024-12-09,4,2,1.75,Pediatrics,40
5,2024-12-09,Morning,4,18.725,4.25,2024-12-09,4,3,1.0,Pediatrics,40
5,2024-12-09,Night,2,13.15,4.0,2024-12-09,2,2,1.0,Pediatrics,40
5,2024-12-10,Afternoon,7,40.271428571428565,3.7142857142857144,2024-12-10,2,2,3.5,Pediatrics,40
5,2024-12-10,Night,3,23.833333333333332,3.6666666666666665,2024-12-10,2,1,1.5,Pediatrics,40
5,2024-12-11,Afternoon,7,32.857142857142854,3.5714285714285716,2024-12-11,3,2,2.3333333333333335,Pediatrics,40
5,2024-12-11,Morning,7,24.7,3.857142857142857,2024-12-11,4,2,1.75,Pediatrics,40
5,2024-12-11,Night,2,21.9,4.0,2024-12-11,3,1,0.6666666666666666,Pediatrics,40
5,2024-12-12,Afternoon,10,35.230000000000004,3.8,2024-12-12,4,1,2.5,Pediatrics,40
5,2024-12-12,Morning,5,27.860000000000003,3.6,2024-12-12,4,2,1.25,Pediatrics,40
5,2024-12-12,Night,3,29.666666666666668,4.0,2024-12-12,2,1,1.5,Pediatrics,40
5,2024-12-13,Afternoon,6,28.433333333333334,3.5,2024-12-13,3,2,2.0,Pediatrics,40
5,2024-12-13,Night,2,26.200000000000003,4.5,2024-12-13,2,1,1.0,Pediatrics,40
5,2024-12-14,Afternoon,4,23.65,4.25,2024-12-14,4,2,1.0,Pediatrics,40
5,2024-12-14,Morning,10,33.58,3.1,2024-12-14,4,2,2.5,Pediatrics,40
5,2024-12-14,Night,3,26.133333333333336,4.0,2024-12-14,4,1,0.75,Pediatrics,40
5,2024-12-15,Afternoon,5,20.46,3.8,2024-12-15,5,2,1.0,Pediatrics,40
5,2024-12-15,Morning,3,19.433333333333334,4.666666666666667,2024-12-15,4,2,0.75,Pediatrics,40
5,2024-12-15,Night,1,18.7,5.0,2024-12-15,3,1,0.3333333333333333,Pediatrics,40
5,2024-12-16,Afternoon,10,30.45,3.3,2024-12-16,5,3,2.0,Pediatrics,40
5,2024-12-16,Morning,3,21.2,3.3333333333333335,2024-12-16,3,2,1.0,Pediatrics,40
5,2024-12-16,Night,5,23.9,4.2,2024-12-16,3,2,1.6666666666666667,Pediatrics,40
5,2024-12-17,Afternoon,8,37.325,3.125,2024-12-17,3,2,2.6666666666666665,Pediatrics,40
5,2024-12-17,Morning,12,45.275,3.5,2024-12-17,3,2,4.0,Pediatrics,40
5,2024-12-18,Afternoon,10,34.239999999999995,3.8,2024-12-18,4,2,2.5,Pediatrics,40
5,2024-12-18,Morning,6,28.26666666666667,4.333333333333333,2024-12-18,4,1,1.5,Pediatrics,40
5,2024-12-19,Afternoon,6,25.633333333333336,3.5,2024-12-19,4,2,1.5,Pediatrics,40
5,2024-12-19,Morning,6,28.516666666666666,4.0,2024-12-19,3,2,2.0,Pediatrics,40
5,2024-12-20,Afternoon,6,25.433333333333334,4.166666666666667,2024-12-20,4,2,1.5,Pediatrics,40
5,2024-12-20,Morning,8,32.8875,3.75,2024-12-20,4,2,2.0,Pediatrics,40
5,2024-12-20,Night,1,16.6,4.0,2024-12-20,3,2,0.3333333333333333,Pediatrics,40
5,2024-12-21,Afternoon,6,29.666666666666668,4.666666666666667,2024-12-21,4,2,1.5,Pediatrics,40
5,2024-12-21,Morning,1,13.7,4.0,2024-12-21,5,2,0.2,Pediatrics,40
5,2024-12-22,Afternoon,5,24.56,3.8,2024-12-22,4,2,1.25,Pediatrics,40
5,2024-12-22,Morning,4,24.7,4.25,2024-12-22,5,2,0.8,Pediatrics,40
5,2024-12-22,Night,4,24.95,4.25,2024-12-22,3,1,1.3333333333333333,Pediatrics,40
5,2024-12-23,Afternoon,8,31.65,3.5,2024-12-23,4,2,2.0,Pediatrics,40
5,2024-12-23,Morning,10,34.55,3.3,2024-12-23,4,2,2.5,Pediatrics,40
5,2024-12-23,Night,1,25.7,4.0,2024-12-23,2,2,0.5,Pediatrics,40
5,2024-12-24,Afternoon,9,39.855555555555554,3.2222222222222223,2024-12-24,3,2,3.0,Pediatrics,40
5,2024-12-24,Morning,5,24.080000000000002,4.4,2024-12-24,5,2,1.0,Pediatrics,40
5,2024-12-24,Night,5,29.2,3.6,2024-12-24,3,2,1.6666666666666667,Pediatrics,40
5,2024-12-25,Afternoon,10,28.78,3.6,2024-12-25,5,2,2.0,Pediatrics,40
5,2024-12-25,Morning,8,34.75,3.25,2024-12-25,3,2,2.6666666666666665,Pediatrics,40
5,2024-12-25,Night,2,17.15,4.5,2024-12-25,2,1,1.0,Pediatrics,40
5,2024-12-26,Afternoon,1,28.3,4.0,2024-12-26,4,2,0.25,Pediatrics,40
5,2024-12-26,Morning,7,25.071428571428573,4.0,2024-12-26,4,2,1.75,Pediatrics,40
5,2024-12-26,Night,3,22.46666666666667,4.333333333333333,2024-12-26,3,1,1.0,Pediatrics,40
5,2024-12-27,Afternoon,7,26.314285714285713,3.857142857142857,2024-12-27,4,2,1.75,Pediatrics,40
5,2024-12-27,Morning,5,23.919999999999998,4.2,2024-12-27,4,2,1.25,Pediatrics,40
5,2024-12-27,Night,4,19.35,3.75,2024-12-27,4,1,1.0,Pediatrics,40
5,2024-12-28,Afternoon,4,24.9,4.25,2024-12-28,4,2,1.0,Pediatrics,40
5,2024-12-28,Morning,4,22.3,4.5,2024-12-28,4,2,1.0,Pediatrics,40
5,2024-12-28,Night,2,19.25,4.0,2024-12-28,3,1,0.6666666666666666,Pediatrics,40
5,2024-12-29,Afternoon,9,33.72222222222222,3.6666666666666665,2024-12-29,4,2,2.25,Pediatrics,40
5,2024-12-29,Morning,11,36.03636363636363,3.4545454545454546,2024-12-29,4,2,2.75,Pediatrics,40
5,2024-12-29,Night,1,26.5,5.0,2024-12-29,3,1,0.3333333333333333,Pediatrics,40
5,2024-12-30,Afternoon,10,40.18,3.6,2024-12-30,3,2,3.3333333333333335,Pediatrics,40
5,2024-12-30,Morning,7,42.42857142857143,2.857142857142857,2024-12-30,2,2,3.5,Pediatrics,40
5,2024-12-30,Night,1,22.7,4.0,2024-12-30,2,1,0.5,Pediatrics,40
5,2024-12-31,Afternoon,6,27.46666666666667,3.8333333333333335,2024-12-31,4,2,1.5,Pediatrics,40
5,2024-12-31,Morning,4,28.375,3.5,2024-12-31,3,2,1.3333333333333333,Pediatrics,40
6,2024-01-01,Afternoon,5,19.34,4.0,2024-01-01,6,3,0.8333333333333334,Internal Medicine,45
6,2024-01-01,Morning,4,22.7,4.0,2024-01-01,6,2,0.6666666666666666,Internal Medicine,45
6,2024-01-02,Afternoon,7,24.414285714285715,3.857142857142857,2024-01-02,5,3,1.4,Internal Medicine,45
6,2024-01-02,Morning,9,30.21111111111111,3.888888888888889,2024-01-02,6,3,1.5,Internal Medicine,45
6,2024-01-03,Afternoon,4,17.1,4.25,2024-01-03,6,3,0.6666666666666666,Internal Medicine,45
6,2024-01-03,Morning,5,22.54,4.0,2024-01-03,7,3,0.7142857142857143,Internal Medicine,45
6,2024-01-03,Night,3,19.5,4.0,2024-01-03,4,2,0.75,Internal Medicine,45
6,2024-01-04,Afternoon,6,22.75,3.6666666666666665,2024-01-04,6,4,1.0,Internal Medicine,45
6,2024-01-04,Morning,6,24.183333333333334,4.5,2024-01-04,6,3,1.0,Internal Medicine,45
6,2024-01-05,Afternoon,7,26.814285714285717,4.142857142857143,2024-01-05,6,3,1.1666666666666667,Internal Medicine,45
6,2024-01-05,Morning,2,22.6,3.0,2024-01-05,5,4,0.4,Internal Medicine,45
6,2024-01-05,Night,3,22.266666666666666,4.0,2024-01-05,4,2,0.75,Internal Medicine,45
6,2024-01-06,Afternoon,8,26.9125,3.75,2024-01-06,6,4,1.3333333333333333,Internal Medicine,45
6,2024-01-06,Morning,3,21.866666666666664,4.333333333333333,2024-01-06,6,3,0.5,Internal Medicine,45
6,2024-01-07,Afternoon,4,20.125,4.0,2024-01-07,7,2,0.5714285714285714,Internal Medicine,45
6,2024-01-07,Morning,6,22.349999999999998,3.8333333333333335,2024-01-07,6,3,1.0,Internal Medicine,45
6,2024-01-07,Night,3,20.7,3.6666666666666665,2024-01-07,5,1,0.6,Internal Medicine,45
6,2024-01-08,Afternoon,9,31.22222222222222,3.7777777777777777,2024-01-08,5,3,1.8,Internal Medicine,45
6,2024-01-08,Morning,8,30.4375,4.125,2024-01-08,5,4,1.6,Internal Medicine,45
6,2024-01-08,Night,3,25.666666666666668,4.666666666666667,2024-01-08,3,1,1.0,Internal Medicine,45
6,2024-01-09,Afternoon,20,42.275,3.35,2024-01-09,6,4,3.3333333333333335,Internal Medicine,45
6,2024-01-09,Morning,8,26.025,4.25,2024-01-09,6,3,1.3333333333333333,Internal Medicine,45
6,2024-01-09,Night,5,23.82,3.4,2024-01-09,5,2,1.0,Internal Medicine,45
6,2024-01-10,Afternoon,8,28.9625,3.5,2024-01-10,6,3,1.3333333333333333,Internal Medicine,45
6,2024-01-10,Morning,10,29.78,4.0,2024-01-10,6,3,1.6666666666666667,Internal Medicine,45
6,2024-01-10,Night,1,21.9,4.0,2024-01-10,4,1,0.25,Internal Medicine,45
6,2024-01-11,Afternoon,14,34.56428571428571,3.7142857142857144,2024-01-11,6,3,2.3333333333333335,Internal Medicine,45
6,2024-01-11,Morning,6,21.46666666666667,4.5,2024-01-11,8,2,0.75,Internal Medicine,45
6,2024-01-11,Night,3,22.5,3.6666666666666665,2024-01-11,4,2,0.75,Internal Medicine,45
6,2024-01-12,Afternoon,5,26.080000000000002,4.0,2024-01-12,6,3,0.8333333333333334,Internal Medicine,45
6,2024-01-12,Morning,4,21.45,4.25,2024-01-12,6,4,0.6666666666666666,Internal Medicine,45
6,2024-01-12,Night,4,29.2,4.0,2024-01-12,4,2,1.0,Internal Medicine,45
6,2024-01-13,Afternoon,10,29.07,3.9,2024-01-13,7,3,1.4285714285714286,Internal Medicine,45
6,2024-01-13,Morning,6,24.766666666666666,4.333333333333333,2024-01-13,6,4,1.0,Internal Medicine,45
6,2024-01-13,Night,2,16.9,4.0,2024-01-13,4,1,0.5,Internal Medicine,45
6,2024-01-14,Afternoon,5,20.419999999999998,4.0,2024-01-14,6,3,0.8333333333333334,Internal Medicine,45
6,2024-01-14,Morning,7,23.5,3.2857142857142856,2024-01-14,6,3,1.1666666666666667,Internal Medicine,45
6,2024-01-14,Night,2,31.05,3.5,2024-01-14,4,2,0.5,Internal Medicine,45
6,2024-01-15,Afternoon,4,24.325,3.75,2024-01-15,5,3,0.8,Internal Medicine,45
6,2024-01-15,Morning,8,30.625,3.875,2024-01-15,5,4,1.6,Internal Medicine,45
6,2024-01-15,Night,3,21.7,4.333333333333333,2024-01-15,4,2,0.75,Internal Medicine,45
6,2024-01-16,Afternoon,9,26.966666666666665,3.5555555555555554,2024-01-16,7,3,1.2857142857142858,Internal Medicine,45
6,2024-01-16,Morning,10,29.23,3.5,2024-01-16,6,3,1.6666666666666667,Internal Medicine,45
6,2024-01-16,Night,4,34.025,3.5,2024-01-16,2,2,2.0,Internal Medicine,45
6,2024-01-17,Afternoon,8,26.2875,4.125,2024-01-17,6,4,1.3333333333333333,Internal Medicine,45
6,2024-01-17,Morning,5,23.94,4.2,2024-01-17,5,3,1.0,Internal Medicine,45
6,2024-01-17,Night,4,25.325,3.75,2024-01-17,4,2,1.0,Internal Medicine,45
6,2024-01-18,Afternoon,12,34.15,3.25,2024-01-18,5,3,2.4,Internal Medicine,45
6,2024-01-18,Morning,7,26.314285714285713,4.0,2024-01-18,6,3,1.1666666666666667,Internal Medicine,45
6,2024-01-18,Night,2,21.95,4.0,2024-01-18,4,2,0.5,Internal Medicine,45
6,2024-01-19,Afternoon,7,26.114285714285717,3.7142857142857144,2024-01-19,6,3,1.1666666666666667,Internal Medicine,45
6,2024-01-19,Morning,5,24.32,4.4,2024-01-19,5,3,1.0,Internal Medicine,45
6,2024-01-19,Night,3,27.133333333333336,4.333333333333333,2024-01-19,3,2,1.0,Internal Medicine,45
6,2024-01-20,Afternoon,3,15.833333333333334,4.0,2024-01-20,7,3,0.42857142857142855,Internal Medicine,45
6,2024-01-20,Morning,6,24.566666666666666,4.333333333333333,2024-01-20,6,3,1.0,Internal Medicine,45
6,2024-01-20,Night,4,24.9,4.0,2024-01-20,5,2,0.8,Internal Medicine,45
6,2024-01-21,Afternoon,6,23.13333333333333,3.8333333333333335,2024-01-21,6,3,1.0,Internal Medicine,45
6,2024-01-21,Morning,5,25.52,4.4,2024-01-21,6,3,0.8333333333333334,Internal Medicine,45
6,2024-01-21,Night,4,24.975,3.5,2024-01-21,4,2,1.0,Internal Medicine,45
6,2024-01-22,Afternoon,7,26.514285714285712,3.5714285714285716,2024-01-22,5,4,1.4,Internal Medicine,45
6,2024-01-22,Morning,9,27.91111111111111,4.0,2024-01-22,6,3,1.5,Internal Medicine,45
6,2024-01-23,Afternoon,11,29.527272727272727,4.0,2024-01-23,6,3,1.8333333333333333,Internal Medicine,45
6,2024-01-23,Morning,9,30.755555555555556,4.333333333333333,2024-01-23,5,3,1.8,Internal Medicine,45
6,2024-01-23,Night,3,23.433333333333334,4.666666666666667,2024-01-23,4,1,0.75,Internal Medicine,45
6,2024-01-24,Afternoon,10,28.95,3.9,2024-01-24,6,3,1.6666666666666667,Internal Medicine,45
6,2024-01-24,Morning,7,23.985714285714288,3.7142857142857144,2024-01-24,6,4,1.1666666666666667,Internal Medicine,45
6,2024-01-24,Night,1,20.9,4.0,2024-01-24,4,2,0.25,Internal Medicine,45
6,2024-01-25,Afternoon,8,26.825,4.125,2024-01-25,6,2,1.3333333333333333,Internal Medicine,45
6,2024-01-25,Morning,9,31.28888888888889,3.7777777777777777,2024-01-25,5,4,1.8,Internal Medicine,45
6,2024-01-25,Night,2,29.049999999999997,4.0,2024-01-25,3,2,0.6666666666666666,Internal Medicine,45
6,2024-01-26,Afternoon,6,26.133333333333336,4.0,2024-01-26,5,3,1.2,Internal Medicine,45
6,2024-01-26,Morning,5,24.86,4.2,2024-01-26,7,2,0.7142857142857143,Internal Medicine,45
6,2024-01-26,Night,2,20.299999999999997,4.0,2024-01-26,5,2,0.4,Internal Medicine,45
6,2024-01-27,Afternoon,7,26.857142857142858,4.0,2024-01-27,7,3,1.0,Internal Medicine,45
6,2024-01-27,Morning,7,25.514285714285712,3.7142857142857144,2024-01-27,6,3,1.1666666666666667,Internal Medicine,45
6,2024-01-27,Night,1,17.6,4.0,2024-01-27,4,2,0.25,Internal Medicine,45
6,2024-01-28,Afternoon,6,26.95,3.6666666666666665,2024-01-28,7,3,0.8571428571428571,Internal Medicine,45
6,2024-01-28,Morning,7,25.657142857142855,4.142857142857143,2024-01-28,7,4,1.0,Internal Medicine,45
6,2024-01-28,Night,3,24.866666666666664,4.0,2024-01-28,5,2,0.6,Internal Medicine,45
6,2024-01-29,Afternoon,8,25.95,4.0,2024-01-29,7,3,1.1428571428571428,Internal Medicine,45
6,2024-01-29,Morning,10,33.589999999999996,3.9,2024-01-29,5,3,2.0,Internal Medicine,45
6,2024-01-29,Night,4,24.525000000000002,4.25,2024-01-29,4,2,1.0,Internal Medicine,45
6,2024-01-30,Afternoon,7,29.2,3.5714285714285716,2024-01-30,5,3,1.4,Internal Medicine,45
6,2024-01-30,Morning,8,29.3625,3.875,2024-01-30,5,2,1.6,Internal Medicine,45
6,2024-01-30,Night,2,20.85,4.0,2024-01-30,5,2,0.4,Internal Medicine,45
6,2024-01-31,Afternoon,11,30.663636363636364,4.090909090909091,2024-01-31,6,2,1.8333333333333333,Internal Medicine,45
6,2024-01-31,Morning,9,26.311111111111114,3.888888888888889,2024-01-31,7,4,1.2857142857142858,Internal Medicine,45
6,2024-01-31,Night,2,20.35,3.5,2024-01-31,4,2,0.5,Internal Medicine,45
6,2024-02-01,Afternoon,13,34.94615384615385,3.769230769230769,2024-02-01,6,3,2.1666666666666665,Internal Medicine,45
6,2024-02-01,Morning,9,24.933333333333334,3.7777777777777777,2024-02-01,7,2,1.2857142857142858,Internal Medicine,45
6,2024-02-01,Night,2,23.8,3.5,2024-02-01,3,2,0.6666666666666666,Internal Medicine,45
6,2024-02-02,Afternoon,8,31.6125,3.625,2024-02-02,5,4,1.6,Internal Medicine,45
6,2024-02-02,Morning,10,28.76,3.9,2024-02-02,7,3,1.4285714285714286,Internal Medicine,45
6,2024-02-02,Night,2,22.049999999999997,3.5,2024-02-02,4,1,0.5,Internal Medicine,45
6,2024-02-03,Afternoon,11,29.218181818181822,3.6363636363636362,2024-02-03,7,2,1.5714285714285714,Internal Medicine,45
6,2024-02-03,Morning,6,26.3,3.8333333333333335,2024-02-03,7,3,0.8571428571428571,Internal Medicine,45
6,2024-02-03,Night,2,23.5,4.0,2024-02-03,4,2,0.5,Internal Medicine,45
6,2024-02-04,Afternoon,5,21.880000000000003,3.6,2024-02-04,6,3,0.8333333333333334,Internal Medicine,45
6,2024-02-04,Morning,7,24.714285714285715,4.428571428571429,2024-02-04,7,4,1.0,Internal Medicine,45
6,2024-02-05,Afternoon,14,34.57142857142857,3.7857142857142856,2024-02-05,6,3,2.3333333333333335,Internal Medicine,45
6,2024-02-05,Morning,7,33.92857142857143,4.142857142857143,2024-02-05,5,2,1.4,Internal Medicine,45
6,2024-02-05,Night,1,28.3,4.0,2024-02-05,4,2,0.25,Internal Medicine,45
6,2024-02-06,Afternoon,8,27.125,4.0,2024-02-06,6,3,1.3333333333333333,Internal Medicine,45
6,2024-02-06,Morning,9,31.555555555555557,3.5555555555555554,2024-02-06,5,3,1.8,Internal Medicine,45
6,2024-02-06,Night,1,12.2,4.0,2024-02-06,4,1,0.25,Internal Medicine,45
6,2024-02-07,Afternoon,13,30.846153846153847,3.6153846153846154,2024-02-07,7,3,1.8571428571428572,Internal Medicine,45
6,2024-02-07,Morning,12,29.508333333333336,3.5833333333333335,2024-02-07,7,2,1.7142857142857142,Internal Medicine,45
6,2024-02-07,Night,3,23.133333333333336,4.666666666666667,2024-02-07,5,2,0.6,Internal Medicine,45
6,2024-02-08,Afternoon,8,30.1,3.75,2024-02-08,5,3,1.6,Internal Medicine,45
6,2024-02-08,Morning,9,28.422222222222224,3.888888888888889,2024-02-08,6,3,1.5,Internal Medicine,45
6,2024-02-08,Night,2,15.75,3.0,2024-02-08,4,1,0.5,Internal Medicine,45
6,2024-02-09,Afternoon,6,25.3,3.8333333333333335,2024-02-09,6,3,1.0,Internal Medicine,45
6,2024-02-09,Morning,9,29.666666666666668,3.5555555555555554,2024-02-09,6,3,1.5,Internal Medicine,45
6,2024-02-09,Night,1,23.9,4.0,2024-02-09,3,1,0.3333333333333333,Internal Medicine,45
6,2024-02-10,Afternoon,5,23.4,3.6,2024-02-10,7,3,0.7142857142857143,Internal Medicine,45
6,2024-02-10,Morning,4,25.7,3.75,2024-02-10,6,3,0.6666666666666666,Internal Medicine,45
6,2024-02-10,Night,1,16.7,4.0,2024-02-10,5,2,0.2,Internal Medicine,45
6,2024-02-11,Afternoon,6,21.583333333333332,3.8333333333333335,2024-02-11,6,4,1.0,Internal Medicine,45
6,2024-02-11,Morning,8,29.3625,3.75,2024-02-11,5,2,1.6,Internal Medicine,45
6,2024-02-12,Afternoon,10,28.99,4.2,2024-02-12,7,3,1.4285714285714286,Internal Medicine,45
6,2024-02-12,Morning,4,22.45,3.75,2024-02-12,4,4,1.0,Internal Medicine,45
6,2024-02-12,Night,1,20.7,4.0,2024-02-12,4,2,0.25,Internal Medicine,45
6,2024-02-13,Afternoon,13,31.784615384615385,3.5384615384615383,2024-02-13,6,4,2.1666666666666665,Internal Medicine,45
6,2024-02-13,Morning,9,25.344444444444445,3.7777777777777777,2024-02-13,7,4,1.2857142857142858,Internal Medicine,45
6,2024-02-13,Night,1,28.9,3.0,2024-02-13,4,2,0.25,Internal Medicine,45
6,2024-02-14,Afternoon,9,25.333333333333332,3.5555555555555554,2024-02-14,7,3,1.2857142857142858,Internal Medicine,45
6,2024-02-14,Morning,8,23.95,4.25,2024-02-14,7,3,1.1428571428571428,Internal Medicine,45
6,2024-02-14,Night,1,22.1,4.0,2024-02-14,3,2,0.3333333333333333,Internal Medicine,45
6,2024-02-15,Afternoon,9,28.733333333333334,3.7777777777777777,2024-02-15,7,3,1.2857142857142858,Internal Medicine,45
6,2024-02-15,Morning,10,30.919999999999998,3.8,2024-02-15,6,3,1.6666666666666667,Internal Medicine,45
6,2024-02-15,Night,3,20.599999999999998,4.0,2024-02-15,4,2,0.75,Internal Medicine,45
6,2024-02-16,Afternoon,9,27.88888888888889,4.222222222222222,2024-02-16,6,3,1.5,Internal Medicine,45
6,2024-02-16,Morning,9,27.433333333333334,3.7777777777777777,2024-02-16,6,3,1.5,Internal Medicine,45
6,2024-02-16,Night,2,24.65,4.5,2024-02-16,4,2,0.5,Internal Medicine,45
6,2024-02-17,Afternoon,4,24.5,4.5,2024-02-17,7,3,0.5714285714285714,Internal Medicine,45
6,2024-02-17,Morning,6,23.733333333333334,4.333333333333333,2024-02-17,7,3,0.8571428571428571,Internal Medicine,45
6,2024-02-17,Night,1,24.7,4.0,2024-02-17,5,2,0.2,Internal Medicine,45
6,2024-02-18,Afternoon,3,27.066666666666666,4.0,2024-02-18,5,2,0.6,Internal Medicine,45
6,2024-02-18,Morning,5,24.52,3.4,2024-02-18,8,3,0.625,Internal Medicine,45
6,2024-02-18,Night,1,18.9,4.0,2024-02-18,4,2,0.25,Internal Medicine,45
6,2024-02-19,Afternoon,9,27.87777777777778,3.888888888888889,2024-02-19,6,4,1.5,Internal Medicine,45
6,2024-02-19,Morning,6,24.349999999999998,4.166666666666667,2024-02-19,6,3,1.0,Internal Medicine,45
6,2024-02-19,Night,2,23.549999999999997,4.5,2024-02-19,4,2,0.5,Internal Medicine,45
6,2024-02-20,Afternoon,7,25.75714285714286,3.857142857142857,2024-02-20,7,3,1.0,Internal Medicine,45
6,2024-02-20,Morning,3,18.533333333333335,4.333333333333333,2024-02-20,6,3,0.5,Internal Medicine,45
6,2024-02-20,Night,3,22.933333333333334,4.0,2024-02-20,4,2,0.75,Internal Medicine,45
6,2024-02-21,Afternoon,8,30.025,3.875,2024-02-21,6,3,1.3333333333333333,Internal Medicine,45
6,2024-02-21,Morning,10,31.959999999999997,3.7,2024-02-21,6,3,1.6666666666666667,Internal Medicine,45
6,2024-02-21,Night,4,24.875,3.75,2024-02-21,4,2,1.0,Internal Medicine,45
6,2024-02-22,Afternoon,6,26.05,4.166666666666667,2024-02-22,7,3,0.8571428571428571,Internal Medicine,45
6,2024-02-22,Morning,12,31.858333333333334,3.5,2024-02-22,6,4,2.0,Internal Medicine,45
6,2024-02-23,Afternoon,6,24.333333333333332,3.8333333333333335,2024-02-23,6,4,1.0,Internal Medicine,45
6,2024-02-23,Morning,6,22.75,3.8333333333333335,2024-02-23,6,3,1.0,Internal Medicine,45
6,2024-02-23,Night,3,22.0,3.6666666666666665,2024-02-23,3,2,1.0,Internal Medicine,45
6,2024-02-24,Afternoon,6,25.616666666666664,3.6666666666666665,2024-02-24,7,3,0.8571428571428571,Internal Medicine,45
6,2024-02-24,Morning,3,24.566666666666666,3.3333333333333335,2024-02-24,7,3,0.42857142857142855,Internal Medicine,45
6,2024-02-24,Night,1,19.4,4.0,2024-02-24,5,2,0.2,Internal Medicine,45
6,2024-02-25,Afternoon,4,22.525,4.25,2024-02-25,7,2,0.5714285714285714,Internal Medicine,45
6,2024-02-25,Morning,4,21.7,3.75,2024-02-25,6,3,0.6666666666666666,Internal Medicine,45
6,2024-02-25,Night,4,28.05,4.0,2024-02-25,4,3,1.0,Internal Medicine,45
6,2024-02-26,Afternoon,12,34.208333333333336,4.083333333333333,2024-02-26,6,3,2.0,Internal Medicine,45
6,2024-02-26,Morning,7,28.37142857142857,3.7142857142857144,2024-02-26,5,3,1.4,Internal Medicine,45
6,2024-02-26,Night,3,24.933333333333334,4.333333333333333,2024-02-26,5,2,0.6,Internal Medicine,45
6,2024-02-27,Afternoon,3,22.0,4.333333333333333,2024-02-27,5,4,0.6,Internal Medicine,45
6,2024-02-27,Morning,6,26.849999999999998,4.0,2024-02-27,7,3,0.8571428571428571,Internal Medicine,45
6,2024-02-27,Night,3,23.266666666666666,4.333333333333333,2024-02-27,3,2,1.0,Internal Medicine,45
6,2024-02-28,Afternoon,7,28.214285714285715,4.285714285714286,2024-02-28,6,3,1.1666666666666667,Internal Medicine,45
6,2024-02-28,Morning,11,28.045454545454547,3.272727272727273,2024-02-28,7,3,1.5714285714285714,Internal Medicine,45
6,2024-02-28,Night,1,24.7,4.0,2024-02-28,4,1,0.25,Internal Medicine,45
6,2024-02-29,Afternoon,10,30.580000000000002,3.4,2024-02-29,6,3,1.6666666666666667,Internal Medicine,45
6,2024-02-29,Morning,11,28.88181818181818,3.727272727272727,2024-02-29,6,3,1.8333333333333333,Internal Medicine,45
6,2024-03-01,Afternoon,11,30.79090909090909,3.4545454545454546,2024-03-01,6,3,1.8333333333333333,Internal Medicine,45
6,2024-03-01,Morning,7,27.885714285714283,4.428571428571429,2024-03-01,6,3,1.1666666666666667,Internal Medicine,45
6,2024-03-01,Night,2,33.85,4.0,2024-03-01,2,2,1.0,Internal Medicine,45
6,2024-03-02,Morning,7,27.857142857142858,3.857142857142857,2024-03-02,6,3,1.1666666666666667,Internal Medicine,45
6,2024-03-02,Night,1,18.6,4.0,2024-03-02,4,1,0.25,Internal Medicine,45
6,2024-03-03,Afternoon,4,20.4,4.0,2024-03-03,6,3,0.6666666666666666,Internal Medicine,45
6,2024-03-03,Morning,6,21.650000000000002,3.6666666666666665,2024-03-03,7,3,0.8571428571428571,Internal Medicine,45
6,2024-03-03,Night,2,21.3,4.5,2024-03-03,4,1,0.5,Internal Medicine,45
6,2024-03-04,Afternoon,11,30.718181818181815,3.8181818181818183,2024-03-04,6,3,1.8333333333333333,Internal Medicine,45
6,2024-03-04,Morning,5,24.34,3.8,2024-03-04,4,3,1.25,Internal Medicine,45
6,2024-03-04,Night,4,30.925,3.5,2024-03-04,3,2,1.3333333333333333,Internal Medicine,45
6,2024-03-05,Afternoon,8,30.1125,3.875,2024-03-05,6,3,1.3333333333333333,Internal Medicine,45
6,2024-03-05,Morning,8,27.375,3.5,2024-03-05,6,4,1.3333333333333333,Internal Medicine,45
6,2024-03-05,Night,1,17.9,5.0,2024-03-05,4,3,0.25,Internal Medicine,45
6,2024-03-06,Afternoon,5,22.82,3.6,2024-03-06,6,4,0.8333333333333334,Internal Medicine,45
6,2024-03-06,Morning,9,28.733333333333334,3.7777777777777777,2024-03-06,6,3,1.5,Internal Medicine,45
6,2024-03-06,Night,1,24.0,5.0,2024-03-06,5,2,0.2,Internal Medicine,45
6,2024-03-07,Afternoon,12,29.958333333333332,4.083333333333333,2024-03-07,6,3,2.0,Internal Medicine,45
6,2024-03-07,Morning,8,29.037499999999998,3.5,2024-03-07,5,3,1.6,Internal Medicine,45
6,2024-03-07,Night,1,10.3,4.0,2024-03-07,4,2,0.25,Internal Medicine,45
6,2024-03-08,Afternoon,8,26.55,4.125,2024-03-08,7,3,1.1428571428571428,Internal Medicine,45
6,2024-03-08,Morning,6,21.583333333333332,4.5,2024-03-08,6,3,1.0,Internal Medicine,45
6,2024-03-08,Night,1,15.9,4.0,2024-03-08,3,1,0.3333333333333333,Internal Medicine,45
6,2024-03-09,Afternoon,6,28.333333333333332,4.166666666666667,2024-03-09,5,3,1.2,Internal Medicine,45
6,2024-03-09,Morning,5,26.24,4.4,2024-03-09,7,3,0.7142857142857143,Internal Medicine,45
6,2024-03-09,Night,2,17.4,4.5,2024-03-09,4,1,0.5,Internal Medicine,45
6,2024-03-10,Afternoon,10,28.339999999999996,3.9,2024-03-10,6,3,1.6666666666666667,Internal Medicine,45
6,2024-03-10,Morning,6,24.066666666666666,3.6666666666666665,2024-03-10,6,4,1.0,Internal Medicine,45
6,2024-03-10,Night,2,16.55,3.5,2024-03-10,5,2,0.4,Internal Medicine,45
6,2024-03-11,Afternoon,8,28.1125,3.75,2024-03-11,6,4,1.3333333333333333,Internal Medicine,45
6,2024-03-11,Morning,7,30.185714285714283,3.5714285714285716,2024-03-11,5,3,1.4,Internal Medicine,45
6,2024-03-11,Night,2,23.05,4.5,2024-03-11,4,1,0.5,Internal Medicine,45
6,2024-03-12,Afternoon,7,26.900000000000002,3.857142857142857,2024-03-12,6,3,1.1666666666666667,Internal Medicine,45
6,2024-03-12,Morning,7,25.32857142857143,4.142857142857143,2024-03-12,6,3,1.1666666666666667,Internal Medicine,45
6,2024-03-13,Afternoon,12,32.21666666666667,3.5833333333333335,2024-03-13,5,3,2.4,Internal Medicine,45
6,2024-03-13,Morning,6,21.583333333333332,4.0,2024-03-13,6,3,1.0,Internal Medicine,45
6,2024-03-13,Night,1,19.2,4.0,2024-03-13,4,3,0.25,Internal Medicine,45
6,2024-03-14,Afternoon,9,29.099999999999998,3.3333333333333335,2024-03-14,6,3,1.5,Internal Medicine,45
6,2024-03-14,Morning,6,26.133333333333336,4.166666666666667,2024-03-14,6,3,1.0,Internal Medicine,45
6,2024-03-14,Night,2,20.85,3.5,2024-03-14,4,2,0.5,Internal Medicine,45
6,2024-03-15,Afternoon,12,34.21666666666667,3.8333333333333335,2024-03-15,6,3,2.0,Internal Medicine,45
6,2024-03-15,Morning,8,29.4,4.125,2024-03-15,5,4,1.6,Internal Medicine,45
6,2024-03-16,Afternoon,6,28.233333333333334,3.6666666666666665,2024-03-16,6,4,1.0,Internal Medicine,45
6,2024-03-16,Morning,2,21.4,4.5,2024-03-16,8,3,0.25,Internal Medicine,45
6,2024-03-16,Night,1,19.4,4.0,2024-03-16,5,2,0.2,Internal Medicine,45
6,2024-03-17,Afternoon,5,23.740000000000002,3.6,2024-03-17,7,3,0.7142857142857143,Internal Medicine,45
6,2024-03-17,Morning,9,25.200000000000003,3.4444444444444446,2024-03-17,6,3,1.5,Internal Medicine,45
6,2024-03-18,Afternoon,8,26.1375,4.0,2024-03-18,7,3,1.1428571428571428,Internal Medicine,45
6,2024-03-18,Morning,6,28.96666666666667,4.0,2024-03-18,4,3,1.5,Internal Medicine,45
6,2024-03-18,Night,1,19.8,4.0,2024-03-18,4,1,0.25,Internal Medicine,45
6,2024-03-19,Afternoon,8,29.9125,3.75,2024-03-19,5,3,1.6,Internal Medicine,45
6,2024-03-19,Morning,7,28.357142857142858,4.142857142857143,2024-03-19,5,3,1.4,Internal Medicine,45
6,2024-03-19,Night,1,25.9,4.0,2024-03-19,4,2,0.25,Internal Medicine,45
6,2024-03-20,Afternoon,8,30.2,3.875,2024-03-20,5,3,1.6,Internal Medicine,45
6,2024-03-20,Morning,15,35.76,3.4,2024-03-20,6,3,2.5,Internal Medicine,45
6,2024-03-20,Night,2,24.0,3.5,2024-03-20,4,2,0.5,Internal Medicine,45
6,2024-03-21,Afternoon,4,20.425,4.0,2024-03-21,7,3,0.5714285714285714,Internal Medicine,45
6,2024-03-21,Morning,10,31.75,3.5,2024-03-21,6,2,1.6666666666666667,Internal Medicine,45
6,2024-03-21,Night,2,22.1,4.5,2024-03-21,5,2,0.4,Internal Medicine,45
6,2024-03-22,Afternoon,15,38.126666666666665,3.7333333333333334,2024-03-22,6,3,2.5,Internal Medicine,45
6,2024-03-22,Morning,6,26.266666666666666,4.333333333333333,2024-03-22,5,3,1.2,Internal Medicine,45
6,2024-03-22,Night,2,22.799999999999997,4.5,2024-03-22,5,2,0.4,Internal Medicine,45
6,2024-03-23,Afternoon,6,24.03333333333333,4.5,2024-03-23,6,3,1.0,Internal Medicine,45
6,2024-03-23,Morning,3,17.866666666666667,3.0,2024-03-23,7,3,0.42857142857142855,Internal Medicine,45
6,2024-03-23,Night,1,22.7,3.0,2024-03-23,4,2,0.25,Internal Medicine,45
6,2024-03-24,Afternoon,7,24.97142857142857,4.0,2024-03-24,6,4,1.1666666666666667,Internal Medicine,45
6,2024-03-24,Morning,6,29.233333333333334,4.166666666666667,2024-03-24,6,3,1.0,Internal Medicine,45
6,2024-03-24,Night,2,20.75,4.0,2024-03-24,3,2,0.6666666666666666,Internal Medicine,45
6,2024-03-25,Afternoon,8,26.0,3.75,2024-03-25,7,3,1.1428571428571428,Internal Medicine,45
6,2024-03-25,Morning,5,23.98,4.0,2024-03-25,5,3,1.0,Internal Medicine,45
6,2024-03-25,Night,3,25.46666666666667,4.333333333333333,2024-03-25,3,2,1.0,Internal Medicine,45
6,2024-03-26,Afternoon,16,36.51875,3.6875,2024-03-26,6,3,2.6666666666666665,Internal Medicine,45
6,2024-03-26,Morning,7,24.514285714285712,3.7142857142857144,2024-03-26,6,3,1.1666666666666667,Internal Medicine,45
6,2024-03-26,Night,4,27.924999999999997,4.0,2024-03-26,4,3,1.0,Internal Medicine,45
6,2024-03-27,Afternoon,9,27.866666666666667,3.6666666666666665,2024-03-27,6,3,1.5,Internal Medicine,45
6,2024-03-27,Morning,15,33.906666666666666,3.533333333333333,2024-03-27,6,3,2.5,Internal Medicine,45
6,2024-03-27,Night,2,20.65,3.5,2024-03-27,4,2,0.5,Internal Medicine,45
6,2024-03-28,Afternoon,14,34.72857142857143,3.7142857142857144,2024-03-28,6,3,2.3333333333333335,Internal Medicine,45
6,2024-03-28,Morning,6,24.53333333333333,3.8333333333333335,2024-03-28,6,3,1.0,Internal Medicine,45
6,2024-03-28,Night,1,18.1,3.0,2024-03-28,5,2,0.2,Internal Medicine,45
6,2024-03-29,Afternoon,6,20.733333333333334,3.8333333333333335,2024-03-29,7,3,0.8571428571428571,Internal Medicine,45
6,2024-03-29,Morning,7,21.62857142857143,4.571428571428571,2024-03-29,7,3,1.0,Internal Medicine,45
6,2024-03-29,Night,5,30.18,3.2,2024-03-29,3,2,1.6666666666666667,Internal Medicine,45
6,2024-03-30,Afternoon,9,32.36666666666667,4.222222222222222,2024-03-30,6,3,1.5,Internal Medicine,45
6,2024-03-30,Morning,4,23.125,3.5,2024-03-30,7,3,0.5714285714285714,Internal Medicine,45
6,2024-03-30,Night,1,17.3,4.0,2024-03-30,4,2,0.25,Internal Medicine,45
6,2024-03-31,Afternoon,11,30.09090909090909,3.6363636363636362,2024-03-31,7,4,1.5714285714285714,Internal Medicine,45
6,2024-03-31,Morning,8,25.0125,3.375,2024-03-31,8,3,1.0,Internal Medicine,45
6,2024-03-31,Night,2,14.85,4.0,2024-03-31,4,2,0.5,Internal Medicine,45
6,2024-04-01,Afternoon,8,25.4,4.125,2024-04-01,7,4,1.1428571428571428,Internal Medicine,45
6,2024-04-01,Morning,7,32.957142857142856,4.285714285714286,2024-04-01,4,2,1.75,Internal Medicine,45
6,2024-04-01,Night,3,22.400000000000002,4.0,2024-04-01,3,2,1.0,Internal Medicine,45
6,2024-04-02,Afternoon,3,22.900000000000002,4.333333333333333,2024-04-02,7,3,0.42857142857142855,Internal Medicine,45
6,2024-04-02,Morning,9,24.233333333333334,4.0,2024-04-02,6,2,1.5,Internal Medicine,45
6,2024-04-02,Night,1,19.1,4.0,2024-04-02,4,2,0.25,Internal Medicine,45
6,2024-04-03,Afternoon,10,32.059999999999995,3.7,2024-04-03,6,3,1.6666666666666667,Internal Medicine,45
6,2024-04-03,Morning,9,29.84444444444445,3.6666666666666665,2024-04-03,6,3,1.5,Internal Medicine,45
6,2024-04-03,Night,2,17.9,3.0,2024-04-03,5,1,0.4,Internal Medicine,45
6,2024-04-04,Afternoon,11,28.0,4.181818181818182,2024-04-04,7,3,1.5714285714285714,Internal Medicine,45
6,2024-04-04,Morning,7,23.857142857142858,3.7142857142857144,2024-04-04,6,3,1.1666666666666667,Internal Medicine,45
6,2024-04-04,Night,3,20.033333333333335,5.0,2024-04-04,4,2,0.75,Internal Medicine,45
6,2024-04-05,Afternoon,6,25.133333333333336,3.6666666666666665,2024-04-05,5,3,1.2,Internal Medicine,45
6,2024-04-05,Morning,9,29.833333333333332,3.888888888888889,2024-04-05,6,3,1.5,Internal Medicine,45
6,2024-04-05,Night,4,21.35,4.25,2024-04-05,4,2,1.0,Internal Medicine,45
6,2024-04-06,Afternoon,10,25.54,3.7,2024-04-06,7,3,1.4285714285714286,Internal Medicine,45
6,2024-04-06,Morning,7,23.25714285714286,4.0,2024-04-06,7,3,1.0,Internal Medicine,45
6,2024-04-07,Afternoon,6,23.8,3.6666666666666665,2024-04-07,6,2,1.0,Internal Medicine,45
6,2024-04-07,Morning,3,24.3,3.6666666666666665,2024-04-07,7,3,0.42857142857142855,Internal Medicine,45
6,2024-04-07,Night,2,28.1,4.0,2024-04-07,4,2,0.5,Internal Medicine,45
6,2024-04-08,Afternoon,7,24.042857142857144,3.857142857142857,2024-04-08,7,3,1.0,Internal Medicine,45
6,2024-04-08,Morning,4,23.675,4.25,2024-04-08,6,3,0.6666666666666666,Internal Medicine,45
6,2024-04-08,Night,3,21.766666666666666,4.0,2024-04-08,4,1,0.75,Internal Medicine,45
6,2024-04-09,Afternoon,11,30.127272727272725,3.909090909090909,2024-04-09,6,3,1.8333333333333333,Internal Medicine,45
6,2024-04-09,Morning,8,26.1,3.375,2024-04-09,6,3,1.3333333333333333,Internal Medicine,45
6,2024-04-09,Night,1,13.9,4.0,2024-04-09,3,2,0.3333333333333333,Internal Medicine,45
6,2024-04-10,Afternoon,10,28.24,3.5,2024-04-10,7,3,1.4285714285714286,Internal Medicine,45
6,2024-04-10,Morning,8,25.4625,3.75,2024-04-10,6,2,1.3333333333333333,Internal Medicine,45
6,2024-04-10,Night,2,28.75,4.5,2024-04-10,4,3,0.5,Internal Medicine,45
6,2024-04-11,Afternoon,7,25.87142857142857,3.5714285714285716,2024-04-11,7,3,1.0,Internal Medicine,45
6,2024-04-11,Morning,5,24.080000000000002,4.2,2024-04-11,6,2,0.8333333333333334,Internal Medicine,45
6,2024-04-11,Night,5,30.7,3.4,2024-04-11,3,2,1.6666666666666667,Internal Medicine,45
6,2024-04-12,Afternoon,8,30.725,3.875,2024-04-12,5,3,1.6,Internal Medicine,45
6,2024-04-12,Morning,6,25.766666666666666,3.5,2024-04-12,5,3,1.2,Internal Medicine,45
6,2024-04-12,Night,1,21.2,4.0,2024-04-12,4,2,0.25,Internal Medicine,45
6,2024-04-13,Afternoon,2,13.85,4.0,2024-04-13,7,3,0.2857142857142857,Internal Medicine,45
6,2024-04-13,Morning,4,25.299999999999997,3.75,2024-04-13,6,4,0.6666666666666666,Internal Medicine,45
6,2024-04-14,Afternoon,3,20.0,4.333333333333333,2024-04-14,5,3,0.6,Internal Medicine,45
6,2024-04-14,Morning,7,22.957142857142856,4.142857142857143,2024-04-14,7,2,1.0,Internal Medicine,45
6,2024-04-14,Night,3,25.400000000000002,3.6666666666666665,2024-04-14,3,1,1.0,Internal Medicine,45
6,2024-04-15,Afternoon,8,28.4625,3.375,2024-04-15,5,3,1.6,Internal Medicine,45
6,2024-04-15,Morning,6,25.349999999999998,4.0,2024-04-15,6,3,1.0,Internal Medicine,45
6,2024-04-15,Night,3,15.633333333333333,4.0,2024-04-15,4,2,0.75,Internal Medicine,45
6,2024-04-16,Afternoon,10,27.75,3.6,2024-04-16,7,3,1.4285714285714286,Internal Medicine,45
6,2024-04-16,Morning,6,20.2,4.333333333333333,2024-04-16,7,3,0.8571428571428571,Internal Medicine,45
6,2024-04-16,Night,2,19.65,5.0,2024-04-16,4,2,0.5,Internal Medicine,45
6,2024-04-17,Afternoon,9,26.244444444444444,3.4444444444444446,2024-04-17,6,3,1.5,Internal Medicine,45
6,2024-04-17,Morning,6,26.566666666666666,3.8333333333333335,2024-04-17,7,3,0.8571428571428571,Internal Medicine,45
6,2024-04-17,Night,1,14.9,4.0,2024-04-17,4,2,0.25,Internal Medicine,45
6,2024-04-18,Afternoon,9,27.51111111111111,3.6666666666666665,2024-04-18,6,3,1.5,Internal Medicine,45
6,2024-04-18,Morning,9,30.22222222222222,3.5555555555555554,2024-04-18,6,3,1.5,Internal Medicine,45
6,2024-04-18,Night,1,13.1,4.0,2024-04-18,4,2,0.25,Internal Medicine,45
6,2024-04-19,Afternoon,13,33.09230769230769,3.3846153846153846,2024-04-19,6,3,2.1666666666666665,Internal Medicine,45
6,2024-04-19,Morning,6,27.150000000000002,3.5,2024-04-19,6,3,1.0,Internal Medicine,45
6,2024-04-19,Night,1,20.6,4.0,2024-04-19,4,2,0.25,Internal Medicine,45
6,2024-04-20,Afternoon,3,20.333333333333332,3.6666666666666665,2024-04-20,6,3,0.5,Internal Medicine,45
6,2024-04-20,Morning,8,24.625,3.75,2024-04-20,6,3,1.3333333333333333,Internal Medicine,45
6,2024-04-21,Afternoon,1,20.3,3.0,2024-04-21,7,3,0.14285714285714285,Internal Medicine,45
6,2024-04-21,Morning,8,26.6625,4.0,2024-04-21,6,2,1.3333333333333333,Internal Medicine,45
6,2024-04-21,Night,1,25.1,4.0,2024-04-21,3,1,0.3333333333333333,Internal Medicine,45
6,2024-04-22,Afternoon,10,31.880000000000003,3.4,2024-04-22,5,3,2.0,Internal Medicine,45
6,2024-04-22,Morning,8,29.225,3.75,2024-04-22,5,3,1.6,Internal Medicine,45
6,2024-04-22,Night,3,24.433333333333334,4.666666666666667,2024-04-22,4,2,0.75,Internal Medicine,45
6,2024-04-23,Afternoon,5,21.080000000000002,4.0,2024-04-23,7,3,0.7142857142857143,Internal Medicine,45
6,2024-04-23,Morning,10,32.68,4.0,2024-04-23,6,3,1.6666666666666667,Internal Medicine,45
6,2024-04-24,Afternoon,8,26.6,4.0,2024-04-24,7,3,1.1428571428571428,Internal Medicine,45
6,2024-04-24,Morning,5,25.839999999999996,4.2,2024-04-24,6,3,0.8333333333333334,Internal Medicine,45
6,2024-04-24,Night,1,18.7,3.0,2024-04-24,5,2,0.2,Internal Medicine,45
6,2024-04-25,Afternoon,19,44.21578947368421,3.0526315789473686,2024-04-25,5,3,3.8,Internal Medicine,45
6,2024-04-25,Morning,4,19.7,4.0,2024-04-25,6,3,0.6666666666666666,Internal Medicine,45
6,2024-04-25,Night,2,15.75,5.0,2024-04-25,5,2,0.4,Internal Medicine,45
6,2024-04-26,Afternoon,9,29.56666666666667,3.6666666666666665,2024-04-26,6,3,1.5,Internal Medicine,45
6,2024-04-26,Morning,5,23.72,3.6,2024-04-26,6,4,0.8333333333333334,Internal Medicine,45
6,2024-04-26,Night,3,22.400000000000002,4.0,2024-04-26,4,2,0.75,Internal Medicine,45
6,2024-04-27,Afternoon,5,23.740000000000002,4.2,2024-04-27,6,3,0.8333333333333334,Internal Medicine,45
6,2024-04-27,Morning,3,21.099999999999998,3.6666666666666665,2024-04-27,7,3,0.42857142857142855,Internal Medicine,45
6,2024-04-27,Night,3,21.566666666666666,3.3333333333333335,2024-04-27,4,2,0.75,Internal Medicine,45
6,2024-04-28,Afternoon,5,19.4,3.8,2024-04-28,6,3,0.8333333333333334,Internal Medicine,45
6,2024-04-28,Morning,12,30.11666666666667,3.5833333333333335,2024-04-28,7,3,1.7142857142857142,Internal Medicine,45
6,2024-04-29,Afternoon,3,22.933333333333334,4.333333333333333,2024-04-29,7,3,0.42857142857142855,Internal Medicine,45
6,2024-04-29,Morning,9,30.744444444444444,3.111111111111111,2024-04-29,5,3,1.8,Internal Medicine,45
6,2024-04-30,Afternoon,11,35.0,3.4545454545454546,2024-04-30,5,3,2.2,Internal Medicine,45
6,2024-04-30,Morning,6,23.933333333333334,3.8333333333333335,2024-04-30,7,3,0.8571428571428571,Internal Medicine,45
6,2024-04-30,Night,1,11.3,4.0,2024-04-30,3,3,0.3333333333333333,Internal Medicine,45
6,2024-05-01,Afternoon,10,32.41,3.5,2024-05-01,6,4,1.6666666666666667,Internal Medicine,45
6,2024-05-01,Morning,5,24.94,3.6,2024-05-01,5,3,1.0,Internal Medicine,45
6,2024-05-01,Night,1,21.1,4.0,2024-05-01,4,3,0.25,Internal Medicine,45
6,2024-05-02,Afternoon,8,28.4875,4.0,2024-05-02,6,3,1.3333333333333333,Internal Medicine,45
6,2024-05-02,Morning,9,28.633333333333333,3.7777777777777777,2024-05-02,6,3,1.5,Internal Medicine,45
6,2024-05-02,Night,3,23.833333333333332,4.0,2024-05-02,4,2,0.75,Internal Medicine,45
6,2024-05-03,Afternoon,11,31.854545454545452,4.0,2024-05-03,6,4,1.8333333333333333,Internal Medicine,45
6,2024-05-03,Morning,9,26.977777777777778,3.7777777777777777,2024-05-03,7,3,1.2857142857142858,Internal Medicine,45
6,2024-05-03,Night,1,20.8,5.0,2024-05-03,5,2,0.2,Internal Medicine,45
6,2024-05-04,Afternoon,9,27.877777777777776,3.888888888888889,2024-05-04,7,3,1.2857142857142858,Internal Medicine,45
6,2024-05-04,Morning,2,14.700000000000001,3.5,2024-05-04,7,4,0.2857142857142857,Internal Medicine,45
6,2024-05-04,Night,6,30.566666666666666,4.0,2024-05-04,4,1,1.5,Internal Medicine,45
6,2024-05-05,Afternoon,5,27.419999999999998,4.2,2024-05-05,6,3,0.8333333333333334,Internal Medicine,45
6,2024-05-05,Morning,6,23.599999999999998,3.5,2024-05-05,7,3,0.8571428571428571,Internal Medicine,45
6,2024-05-05,Night,1,18.0,4.0,2024-05-05,5,2,0.2,Internal Medicine,45
6,2024-05-06,Afternoon,7,25.285714285714285,3.5714285714285716,2024-05-06,5,3,1.4,Internal Medicine,45
6,2024-05-06,Morning,10,32.14,3.5,2024-05-06,5,2,2.0,Internal Medicine,45
6,2024-05-06,Night,3,26.7,3.6666666666666665,2024-05-06,4,2,0.75,Internal Medicine,45
6,2024-05-07,Afternoon,9,30.32222222222222,3.7777777777777777,2024-05-07,6,4,1.5,Internal Medicine,45
6,2024-05-07,Morning,6,27.483333333333334,3.6666666666666665,2024-05-07,5,3,1.2,Internal Medicine,45
6,2024-05-08,Afternoon,9,31.71111111111111,3.7777777777777777,2024-05-08,5,3,1.8,Internal Medicine,45
6,2024-05-08,Morning,10,28.0,4.1,2024-05-08,6,3,1.6666666666666667,Internal Medicine,45
6,2024-05-08,Night,5,28.939999999999998,4.2,2024-05-08,4,2,1.25,Internal Medicine,45
6,2024-05-09,Afternoon,5,24.619999999999997,3.6,2024-05-09,7,3,0.7142857142857143,Internal Medicine,45
6,2024-05-09,Morning,7,27.942857142857143,3.2857142857142856,2024-05-09,6,3,1.1666666666666667,Internal Medicine,45
6,2024-05-10,Afternoon,10,30.369999999999997,3.9,2024-05-10,6,3,1.6666666666666667,Internal Medicine,45
6,2024-05-10,Morning,11,31.809090909090912,4.0,2024-05-10,6,3,1.8333333333333333,Internal Medicine,45
6,2024-05-11,Afternoon,5,23.06,3.8,2024-05-11,6,3,0.8333333333333334,Internal Medicine,45
6,2024-05-11,Morning,7,28.657142857142855,3.857142857142857,2024-05-11,5,3,1.4,Internal Medicine,45
6,2024-05-12,Afternoon,10,27.57,4.1,2024-05-12,7,4,1.4285714285714286,Internal Medicine,45
6,2024-05-12,Morning,4,20.6,4.25,2024-05-12,6,4,0.6666666666666666,Internal Medicine,45
6,2024-05-12,Night,1,22.7,4.0,2024-05-12,3,2,0.3333333333333333,Internal Medicine,45
6,2024-05-13,Afternoon,7,27.985714285714288,3.857142857142857,2024-05-13,6,4,1.1666666666666667,Internal Medicine,45
6,2024-05-13,Morning,7,27.62857142857143,4.142857142857143,2024-05-13,6,3,1.1666666666666667,Internal Medicine,45
6,2024-05-14,Afternoon,12,31.008333333333336,3.5,2024-05-14,6,3,2.0,Internal Medicine,45
6,2024-05-14,Morning,3,19.566666666666666,3.3333333333333335,2024-05-14,7,3,0.42857142857142855,Internal Medicine,45
6,2024-05-14,Night,2,22.25,5.0,2024-05-14,4,1,0.5,Internal Medicine,45
6,2024-05-15,Afternoon,5,23.22,4.0,2024-05-15,6,3,0.8333333333333334,Internal Medicine,45
6,2024-05-15,Morning,4,20.475,3.5,2024-05-15,6,3,0.6666666666666666,Internal Medicine,45
6,2024-05-15,Night,5,29.18,3.8,2024-05-15,4,2,1.25,Internal Medicine,45
6,2024-05-16,Afternoon,13,32.23846153846154,3.6923076923076925,2024-05-16,6,3,2.1666666666666665,Internal Medicine,45
6,2024-05-16,Morning,7,30.599999999999998,3.857142857142857,2024-05-16,5,3,1.4,Internal Medicine,45
6,2024-05-16,Night,3,17.566666666666666,4.0,2024-05-16,3,3,1.0,Internal Medicine,45
6,2024-05-17,Afternoon,4,20.9,4.25,2024-05-17,6,4,0.6666666666666666,Internal Medicine,45
6,2024-05-17,Morning,8,26.4875,4.0,2024-05-17,5,3,1.6,Internal Medicine,45
6,2024-05-17,Night,1,16.2,4.0,2024-05-17,4,2,0.25,Internal Medicine,45
6,2024-05-18,Afternoon,6,22.849999999999998,4.333333333333333,2024-05-18,7,3,0.8571428571428571,Internal Medicine,45
6,2024-05-18,Morning,1,18.7,5.0,2024-05-18,7,3,0.14285714285714285,Internal Medicine,45
6,2024-05-18,Night,3,23.233333333333334,4.0,2024-05-18,4,2,0.75,Internal Medicine,45
6,2024-05-19,Afternoon,6,22.366666666666664,4.0,2024-05-19,6,3,1.0,Internal Medicine,45
6,2024-05-19,Morning,4,18.85,4.5,2024-05-19,6,3,0.6666666666666666,Internal Medicine,45
6,2024-05-20,Afternoon,12,32.891666666666666,3.9166666666666665,2024-05-20,6,3,2.0,Internal Medicine,45
6,2024-05-20,Morning,4,27.55,4.0,2024-05-20,4,3,1.0,Internal Medicine,45
6,2024-05-21,Afternoon,15,36.919999999999995,3.6,2024-05-21,6,3,2.5,Internal Medicine,45
6,2024-05-21,Morning,3,18.066666666666666,4.666666666666667,2024-05-21,7,3,0.42857142857142855,Internal Medicine,45
6,2024-05-22,Afternoon,13,29.161538461538463,3.5384615384615383,2024-05-22,7,3,1.8571428571428572,Internal Medicine,45
6,2024-05-22,Morning,7,29.8,4.142857142857143,2024-05-22,6,3,1.1666666666666667,Internal Medicine,45
6,2024-05-22,Night,2,24.0,4.0,2024-05-22,4,2,0.5,Internal Medicine,45
6,2024-05-23,Afternoon,10,29.669999999999998,3.5,2024-05-23,6,3,1.6666666666666667,Internal Medicine,45
6,2024-05-23,Morning,5,26.98,4.4,2024-05-23,6,3,0.8333333333333334,Internal Medicine,45
6,2024-05-23,Night,2,19.6,4.0,2024-05-23,4,2,0.5,Internal Medicine,45
6,2024-05-24,Afternoon,11,29.572727272727274,3.4545454545454546,2024-05-24,6,4,1.8333333333333333,Internal Medicine,45
6,2024-05-24,Morning,12,31.566666666666666,3.6666666666666665,2024-05-24,5,3,2.4,Internal Medicine,45
6,2024-05-24,Night,2,19.9,4.0,2024-05-24,4,2,0.5,Internal Medicine,45
6,2024-05-25,Afternoon,5,20.78,4.0,2024-05-25,5,3,1.0,Internal Medicine,45
6,2024-05-25,Morning,4,21.8,4.25,2024-05-25,5,3,0.8,Internal Medicine,45
6,2024-05-26,Afternoon,8,25.95,4.25,2024-05-26,6,3,1.3333333333333333,Internal Medicine,45
6,2024-05-26,Morning,7,26.085714285714285,4.285714285714286,2024-05-26,7,3,1.0,Internal Medicine,45
6,2024-05-27,Afternoon,4,21.5,3.5,2024-05-27,6,3,0.6666666666666666,Internal Medicine,45
6,2024-05-27,Morning,7,29.599999999999998,3.5714285714285716,2024-05-27,4,2,1.75,Internal Medicine,45
6,2024-05-27,Night,4,28.3,4.25,2024-05-27,4,2,1.0,Internal Medicine,45
6,2024-05-28,Afternoon,8,27.75,4.0,2024-05-28,6,3,1.3333333333333333,Internal Medicine,45
6,2024-05-28,Morning,10,31.22,3.9,2024-05-28,6,3,1.6666666666666667,Internal Medicine,45
6,2024-05-28,Night,1,13.2,4.0,2024-05-28,4,2,0.25,Internal Medicine,45
6,2024-05-29,Afternoon,6,27.03333333333333,4.5,2024-05-29,5,3,1.2,Internal Medicine,45
6,2024-05-29,Morning,3,19.733333333333334,4.0,2024-05-29,6,3,0.5,Internal Medicine,45
6,2024-05-29,Night,2,22.35,4.0,2024-05-29,4,2,0.5,Internal Medicine,45
6,2024-05-30,Afternoon,6,22.3,3.5,2024-05-30,6,3,1.0,Internal Medicine,45
6,2024-05-30,Morning,10,27.089999999999996,4.1,2024-05-30,6,3,1.6666666666666667,Internal Medicine,45
6,2024-05-31,Afternoon,12,32.50833333333333,3.75,2024-05-31,6,3,2.0,Internal Medicine,45
6,2024-05-31,Morning,8,22.35,4.0,2024-05-31,7,3,1.1428571428571428,Internal Medicine,45
6,2024-05-31,Night,4,23.1,3.5,2024-05-31,4,2,1.0,Internal Medicine,45
6,2024-06-01,Afternoon,5,23.619999999999997,4.0,2024-06-01,5,2,1.0,Internal Medicine,45
6,2024-06-01,Morning,4,24.475,4.25,2024-06-01,6,3,0.6666666666666666,Internal Medicine,45
6,2024-06-01,Night,1,19.7,3.0,2024-06-01,5,3,0.2,Internal Medicine,45
6,2024-06-02,Afternoon,6,21.099999999999998,4.0,2024-06-02,7,4,0.8571428571428571,Internal Medicine,45
6,2024-06-02,Morning,5,24.3,4.4,2024-06-02,6,3,0.8333333333333334,Internal Medicine,45
6,2024-06-02,Night,1,22.5,4.0,2024-06-02,4,2,0.25,Internal Medicine,45
6,2024-06-03,Afternoon,9,29.84444444444445,3.888888888888889,2024-06-03,6,2,1.5,Internal Medicine,45
6,2024-06-03,Morning,7,29.942857142857143,3.0,2024-06-03,5,2,1.4,Internal Medicine,45
6,2024-06-03,Night,2,16.849999999999998,3.5,2024-06-03,4,3,0.5,Internal Medicine,45
6,2024-06-04,Afternoon,6,27.333333333333332,4.333333333333333,2024-06-04,5,3,1.2,Internal Medicine,45
6,2024-06-04,Morning,10,29.54,3.8,2024-06-04,6,3,1.6666666666666667,Internal Medicine,45
6,2024-06-05,Afternoon,12,32.575,3.9166666666666665,2024-06-05,6,3,2.0,Internal Medicine,45
6,2024-06-05,Morning,10,29.589999999999996,3.4,2024-06-05,6,2,1.6666666666666667,Internal Medicine,45
6,2024-06-05,Night,2,17.0,4.0,2024-06-05,5,1,0.4,Internal Medicine,45
6,2024-06-06,Afternoon,10,28.169999999999998,3.8,2024-06-06,7,3,1.4285714285714286,Internal Medicine,45
6,2024-06-06,Morning,7,24.2,4.142857142857143,2024-06-06,7,2,1.0,Internal Medicine,45
6,2024-06-06,Night,1,21.6,4.0,2024-06-06,4,1,0.25,Internal Medicine,45
6,2024-06-07,Afternoon,2,21.8,4.5,2024-06-07,6,3,0.3333333333333333,Internal Medicine,45
6,2024-06-07,Morning,7,24.728571428571428,4.0,2024-06-07,5,3,1.4,Internal Medicine,45
6,2024-06-07,Night,2,16.7,4.5,2024-06-07,5,2,0.4,Internal Medicine,45
6,2024-06-08,Afternoon,8,29.025,3.5,2024-06-08,6,3,1.3333333333333333,Internal Medicine,45
6,2024-06-08,Morning,4,22.0,4.0,2024-06-08,7,3,0.5714285714285714,Internal Medicine,45
6,2024-06-08,Night,3,22.133333333333336,3.3333333333333335,2024-06-08,3,1,1.0,Internal Medicine,45
6,2024-06-09,Afternoon,10,29.1,3.8,2024-06-09,6,3,1.6666666666666667,Internal Medicine,45
6,2024-06-09,Morning,4,22.9,3.5,2024-06-09,6,3,0.6666666666666666,Internal Medicine,45
6,2024-06-09,Night,1,27.8,5.0,2024-06-09,4,2,0.25,Internal Medicine,45
6,2024-06-10,Afternoon,9,26.900000000000002,4.111111111111111,2024-06-10,7,3,1.2857142857142858,Internal Medicine,45
6,2024-06-10,Morning,6,24.833333333333332,4.0,2024-06-10,5,3,1.2,Internal Medicine,45
6,2024-06-10,Night,3,30.46666666666667,3.6666666666666665,2024-06-10,3,1,1.0,Internal Medicine,45
6,2024-06-11,Afternoon,12,34.016666666666666,4.083333333333333,2024-06-11,6,3,2.0,Internal Medicine,45
6,2024-06-11,Morning,9,30.299999999999997,3.888888888888889,2024-06-11,6,3,1.5,Internal Medicine,45
6,2024-06-11,Night,3,26.03333333333333,4.0,2024-06-11,4,1,0.75,Internal Medicine,45
6,2024-06-12,Afternoon,9,29.511111111111113,4.222222222222222,2024-06-12,6,3,1.5,Internal Medicine,45
6,2024-06-12,Morning,5,24.1,3.4,2024-06-12,7,2,0.7142857142857143,Internal Medicine,45
6,2024-06-12,Night,3,25.03333333333333,4.333333333333333,2024-06-12,4,2,0.75,Internal Medicine,45
6,2024-06-13,Afternoon,7,30.414285714285715,4.0,2024-06-13,6,4,1.1666666666666667,Internal Medicine,45
6,2024-06-13,Morning,8,27.2375,3.875,2024-06-13,6,3,1.3333333333333333,Internal Medicine,45
6,2024-06-13,Night,2,18.5,4.5,2024-06-13,5,3,0.4,Internal Medicine,45
6,2024-06-14,Afternoon,8,27.9875,3.625,2024-06-14,6,3,1.3333333333333333,Internal Medicine,45
6,2024-06-14,Morning,9,27.166666666666668,3.888888888888889,2024-06-14,7,4,1.2857142857142858,Internal Medicine,45
6,2024-06-15,Afternoon,10,29.99,4.0,2024-06-15,6,3,1.6666666666666667,Internal Medicine,45
6,2024-06-15,Morning,9,30.43333333333333,3.5555555555555554,2024-06-15,5,3,1.8,Internal Medicine,45
6,2024-06-15,Night,1,15.3,5.0,2024-06-15,5,2,0.2,Internal Medicine,45
6,2024-06-16,Afternoon,10,28.73,3.4,2024-06-16,6,3,1.6666666666666667,Internal Medicine,45
6,2024-06-16,Morning,7,28.271428571428572,4.0,2024-06-16,6,3,1.1666666666666667,Internal Medicine,45
6,2024-06-16,Night,2,25.35,4.5,2024-06-16,5,1,0.4,Internal Medicine,45
6,2024-06-17,Afternoon,15,33.693333333333335,3.4,2024-06-17,6,2,2.5,Internal Medicine,45
6,2024-06-17,Morning,11,31.318181818181817,4.090909090909091,2024-06-17,5,4,2.2,Internal Medicine,45
6,2024-06-17,Night,4,25.25,3.5,2024-06-17,3,2,1.3333333333333333,Internal Medicine,45
6,2024-06-18,Afternoon,8,30.150000000000002,3.625,2024-06-18,5,3,1.6,Internal Medicine,45
6,2024-06-18,Morning,4,20.975,3.5,2024-06-18,5,3,0.8,Internal Medicine,45
6,2024-06-18,Night,2,26.35,3.5,2024-06-18,4,1,0.5,Internal Medicine,45
6,2024-06-19,Afternoon,13,33.55384615384615,4.0,2024-06-19,6,3,2.1666666666666665,Internal Medicine,45
6,2024-06-19,Morning,9,29.577777777777776,4.111111111111111,2024-06-19,6,4,1.5,Internal Medicine,45
6,2024-06-19,Night,3,23.366666666666664,4.333333333333333,2024-06-19,4,2,0.75,Internal Medicine,45
6,2024-06-20,Afternoon,10,27.310000000000002,3.9,2024-06-20,7,2,1.4285714285714286,Internal Medicine,45
6,2024-06-20,Morning,10,30.15,3.6,2024-06-20,6,3,1.6666666666666667,Internal Medicine,45
6,2024-06-20,Night,2,26.25,3.5,2024-06-20,3,2,0.6666666666666666,Internal Medicine,45
6,2024-06-21,Afternoon,9,26.188888888888886,4.0,2024-06-21,6,3,1.5,Internal Medicine,45
6,2024-06-21,Morning,6,22.983333333333334,3.8333333333333335,2024-06-21,6,3,1.0,Internal Medicine,45
6,2024-06-21,Night,3,27.766666666666666,4.333333333333333,2024-06-21,2,2,1.5,Internal Medicine,45
6,2024-06-22,Afternoon,8,29.987499999999997,3.375,2024-06-22,7,2,1.1428571428571428,Internal Medicine,45
6,2024-06-22,Morning,6,27.63333333333333,3.8333333333333335,2024-06-22,6,4,1.0,Internal Medicine,45
6,2024-06-23,Afternoon,8,26.825,3.625,2024-06-23,6,3,1.3333333333333333,Internal Medicine,45
6,2024-06-23,Morning,2,20.2,4.0,2024-06-23,6,3,0.3333333333333333,Internal Medicine,45
6,2024-06-24,Afternoon,2,19.85,4.0,2024-06-24,5,3,0.4,Internal Medicine,45
6,2024-06-24,Morning,8,26.425,3.625,2024-06-24,6,3,1.3333333333333333,Internal Medicine,45
6,2024-06-24,Night,2,17.05,4.5,2024-06-24,4,2,0.5,Internal Medicine,45
6,2024-06-25,Afternoon,9,26.37777777777778,3.888888888888889,2024-06-25,7,2,1.2857142857142858,Internal Medicine,45
6,2024-06-25,Morning,12,31.833333333333332,3.6666666666666665,2024-06-25,7,3,1.7142857142857142,Internal Medicine,45
6,2024-06-25,Night,1,24.5,5.0,2024-06-25,4,2,0.25,Internal Medicine,45
6,2024-06-26,Afternoon,4,24.150000000000002,4.25,2024-06-26,7,3,0.5714285714285714,Internal Medicine,45
6,2024-06-26,Morning,7,24.071428571428573,3.857142857142857,2024-06-26,6,3,1.1666666666666667,Internal Medicine,45
6,2024-06-27,Afternoon,10,28.4,4.0,2024-06-27,7,3,1.4285714285714286,Internal Medicine,45
6,2024-06-27,Morning,6,27.03333333333333,4.0,2024-06-27,6,3,1.0,Internal Medicine,45
6,2024-06-28,Afternoon,7,29.271428571428572,3.5714285714285716,2024-06-28,7,2,1.0,Internal Medicine,45
6,2024-06-28,Morning,8,28.0375,3.75,2024-06-28,6,3,1.3333333333333333,Internal Medicine,45
6,2024-06-28,Night,1,24.5,5.0,2024-06-28,5,2,0.2,Internal Medicine,45
6,2024-06-29,Afternoon,4,21.325,4.5,2024-06-29,7,3,0.5714285714285714,Internal Medicine,45
6,2024-06-29,Morning,11,31.718181818181815,3.4545454545454546,2024-06-29,6,3,1.8333333333333333,Internal Medicine,45
6,2024-06-29,Night,1,18.9,4.0,2024-06-29,5,2,0.2,Internal Medicine,45
6,2024-06-30,Afternoon,12,29.058333333333334,3.9166666666666665,2024-06-30,7,3,1.7142857142857142,Internal Medicine,45
6,2024-06-30,Night,1,18.7,5.0,2024-06-30,4,2,0.25,Internal Medicine,45
6,2024-07-01,Afternoon,8,25.1,4.125,2024-07-01,6,3,1.3333333333333333,Internal Medicine,45
6,2024-07-01,Morning,5,24.060000000000002,3.8,2024-07-01,5,3,1.0,Internal Medicine,45
6,2024-07-01,Night,1,18.4,4.0,2024-07-01,3,2,0.3333333333333333,Internal Medicine,45
6,2024-07-02,Afternoon,9,27.933333333333334,3.888888888888889,2024-07-02,6,3,1.5,Internal Medicine,45
6,2024-07-02,Morning,4,24.275,4.25,2024-07-02,6,3,0.6666666666666666,Internal Medicine,45
6,2024-07-02,Night,2,24.0,4.5,2024-07-02,4,2,0.5,Internal Medicine,45
6,2024-07-03,Afternoon,11,30.10909090909091,3.727272727272727,2024-07-03,6,3,1.8333333333333333,Internal Medicine,45
6,2024-07-03,Morning,8,30.299999999999997,3.875,2024-07-03,6,3,1.3333333333333333,Internal Medicine,45
6,2024-07-04,Afternoon,5,26.779999999999994,3.8,2024-07-04,5,3,1.0,Internal Medicine,45
6,2024-07-04,Morning,3,23.099999999999998,4.666666666666667,2024-07-04,6,3,0.5,Internal Medicine,45
6,2024-07-04,Night,2,22.5,3.5,2024-07-04,4,1,0.5,Internal Medicine,45
6,2024-07-05,Afternoon,9,25.422222222222224,4.333333333333333,2024-07-05,6,3,1.5,Internal Medicine,45
6,2024-07-05,Morning,8,30.6375,3.25,2024-07-05,5,3,1.6,Internal Medicine,45
6,2024-07-05,Night,1,17.8,3.0,2024-07-05,3,2,0.3333333333333333,Internal Medicine,45
6,2024-07-06,Afternoon,9,28.41111111111111,3.7777777777777777,2024-07-06,7,3,1.2857142857142858,Internal Medicine,45
6,2024-07-06,Morning,1,21.4,3.0,2024-07-06,6,2,0.16666666666666666,Internal Medicine,45
6,2024-07-07,Afternoon,5,26.439999999999998,3.6,2024-07-07,7,3,0.7142857142857143,Internal Medicine,45
6,2024-07-07,Morning,3,22.133333333333336,4.333333333333333,2024-07-07,5,3,0.6,Internal Medicine,45
6,2024-07-08,Afternoon,7,25.485714285714288,4.142857142857143,2024-07-08,5,2,1.4,Internal Medicine,45
6,2024-07-08,Morning,8,28.4,4.0,2024-07-08,5,2,1.6,Internal Medicine,45
6,2024-07-09,Afternoon,7,23.285714285714285,3.4285714285714284,2024-07-09,7,3,1.0,Internal Medicine,45
6,2024-07-09,Morning,8,25.6875,3.875,2024-07-09,6,3,1.3333333333333333,Internal Medicine,45
6,2024-07-09,Night,3,19.233333333333334,4.0,2024-07-09,4,2,0.75,Internal Medicine,45
6,2024-07-10,Afternoon,5,23.880000000000003,4.2,2024-07-10,6,3,0.8333333333333334,Internal Medicine,45
6,2024-07-10,Morning,2,20.4,4.0,2024-07-10,4,3,0.5,Internal Medicine,45
6,2024-07-10,Night,1,21.0,4.0,2024-07-10,4,2,0.25,Internal Medicine,45
6,2024-07-11,Afternoon,12,31.016666666666666,3.5833333333333335,2024-07-11,6,4,2.0,Internal Medicine,45
6,2024-07-11,Morning,5,22.66,3.4,2024-07-11,6,3,0.8333333333333334,Internal Medicine,45
6,2024-07-11,Night,3,20.599999999999998,4.333333333333333,2024-07-11,4,2,0.75,Internal Medicine,45
6,2024-07-12,Afternoon,5,23.66,4.0,2024-07-12,6,3,0.8333333333333334,Internal Medicine,45
6,2024-07-12,Morning,3,22.633333333333336,3.6666666666666665,2024-07-12,6,3,0.5,Internal Medicine,45
6,2024-07-12,Night,1,27.6,4.0,2024-07-12,4,2,0.25,Internal Medicine,45
6,2024-07-13,Afternoon,8,25.525,4.0,2024-07-13,7,3,1.1428571428571428,Internal Medicine,45
6,2024-07-13,Morning,9,30.72222222222222,3.888888888888889,2024-07-13,6,3,1.5,Internal Medicine,45
6,2024-07-13,Night,1,14.2,4.0,2024-07-13,4,2,0.25,Internal Medicine,45
6,2024-07-14,Afternoon,4,24.825,4.0,2024-07-14,6,3,0.6666666666666666,Internal Medicine,45
6,2024-07-14,Morning,6,21.916666666666668,4.5,2024-07-14,7,3,0.8571428571428571,Internal Medicine,45
6,2024-07-14,Night,1,13.1,4.0,2024-07-14,4,1,0.25,Internal Medicine,45
6,2024-07-15,Afternoon,3,21.733333333333334,3.6666666666666665,2024-07-15,6,3,0.5,Internal Medicine,45
6,2024-07-15,Morning,4,23.775,4.0,2024-07-15,5,3,0.8,Internal Medicine,45
6,2024-07-15,Night,2,21.55,3.5,2024-07-15,4,2,0.5,Internal Medicine,45
6,2024-07-16,Afternoon,7,28.142857142857142,4.428571428571429,2024-07-16,6,3,1.1666666666666667,Internal Medicine,45
6,2024-07-16,Morning,2,24.35,4.5,2024-07-16,5,3,0.4,Internal Medicine,45
6,2024-07-16,Night,1,13.0,5.0,2024-07-16,5,2,0.2,Internal Medicine,45
6,2024-07-17,Afternoon,5,21.14,4.0,2024-07-17,7,3,0.7142857142857143,Internal Medicine,45
6,2024-07-17,Morning,7,23.0,3.2857142857142856,2024-07-17,7,3,1.0,Internal Medicine,45
6,2024-07-17,Night,1,19.2,3.0,2024-07-17,3,2,0.3333333333333333,Internal Medicine,45
6,2024-07-18,Afternoon,4,22.9,3.75,2024-07-18,6,3,0.6666666666666666,Internal Medicine,45
6,2024-07-18,Morning,7,27.74285714285714,4.0,2024-07-18,6,3,1.1666666666666667,Internal Medicine,45
6,2024-07-18,Night,2,13.5,3.5,2024-07-18,4,2,0.5,Internal Medicine,45
6,2024-07-19,Afternoon,9,28.38888888888889,3.888888888888889,2024-07-19,6,3,1.5,Internal Medicine,45
6,2024-07-19,Morning,7,27.828571428571426,4.0,2024-07-19,5,3,1.4,Internal Medicine,45
6,2024-07-19,Night,3,22.433333333333334,4.0,2024-07-19,4,1,0.75,Internal Medicine,45
6,2024-07-20,Afternoon,3,22.7,3.3333333333333335,2024-07-20,7,3,0.42857142857142855,Internal Medicine,45
6,2024-07-20,Morning,2,15.399999999999999,4.5,2024-07-20,7,2,0.2857142857142857,Internal Medicine,45
6,2024-07-21,Afternoon,6,30.599999999999998,4.166666666666667,2024-07-21,5,3,1.2,Internal Medicine,45
6,2024-07-21,Morning,5,27.880000000000003,4.4,2024-07-21,6,3,0.8333333333333334,Internal Medicine,45
6,2024-07-21,Night,1,12.4,5.0,2024-07-21,5,2,0.2,Internal Medicine,45
6,2024-07-22,Afternoon,6,24.016666666666666,4.166666666666667,2024-07-22,6,3,1.0,Internal Medicine,45
6,2024-07-22,Morning,6,25.866666666666664,3.6666666666666665,2024-07-22,4,3,1.5,Internal Medicine,45
6,2024-07-22,Night,4,23.9,4.0,2024-07-22,4,2,1.0,Internal Medicine,45
6,2024-07-23,Afternoon,9,29.922222222222224,3.5555555555555554,2024-07-23,6,3,1.5,Internal Medicine,45
6,2024-07-23,Morning,4,18.675,3.75,2024-07-23,6,3,0.6666666666666666,Internal Medicine,45
6,2024-07-24,Afternoon,8,26.925,3.625,2024-07-24,6,3,1.3333333333333333,Internal Medicine,45
6,2024-07-24,Morning,8,24.95,4.25,2024-07-24,7,3,1.1428571428571428,Internal Medicine,45
6,2024-07-24,Night,3,18.666666666666668,3.6666666666666665,2024-07-24,4,2,0.75,Internal Medicine,45
6,2024-07-25,Afternoon,5,22.5,4.2,2024-07-25,5,3,1.0,Internal Medicine,45
6,2024-07-25,Morning,11,33.9,3.3636363636363638,2024-07-25,5,3,2.2,Internal Medicine,45
6,2024-07-25,Night,1,20.0,3.0,2024-07-25,4,1,0.25,Internal Medicine,45
6,2024-07-26,Afternoon,11,29.2,4.181818181818182,2024-07-26,7,3,1.5714285714285714,Internal Medicine,45
6,2024-07-26,Morning,8,29.6875,3.875,2024-07-26,7,3,1.1428571428571428,Internal Medicine,45
6,2024-07-26,Night,1,26.2,4.0,2024-07-26,4,1,0.25,Internal Medicine,45
6,2024-07-27,Afternoon,5,24.380000000000003,4.2,2024-07-27,7,3,0.7142857142857143,Internal Medicine,45
6,2024-07-27,Morning,4,24.875,5.0,2024-07-27,5,3,0.8,Internal Medicine,45
6,2024-07-28,Afternoon,6,23.2,3.8333333333333335,2024-07-28,6,3,1.0,Internal Medicine,45
6,2024-07-28,Morning,7,26.74285714285714,3.857142857142857,2024-07-28,6,3,1.1666666666666667,Internal Medicine,45
6,2024-07-28,Night,3,22.7,4.0,2024-07-28,4,1,0.75,Internal Medicine,45
6,2024-07-29,Afternoon,3,22.833333333333332,4.333333333333333,2024-07-29,6,3,0.5,Internal Medicine,45
6,2024-07-29,Morning,5,21.96,3.6,2024-07-29,5,2,1.0,Internal Medicine,45
6,2024-07-30,Afternoon,8,25.3625,3.875,2024-07-30,6,3,1.3333333333333333,Internal Medicine,45
6,2024-07-30,Morning,8,28.0,3.875,2024-07-30,7,3,1.1428571428571428,Internal Medicine,45
6,2024-07-30,Night,2,22.05,4.5,2024-07-30,3,2,0.6666666666666666,Internal Medicine,45
6,2024-07-31,Afternoon,12,31.416666666666668,3.75,2024-07-31,5,3,2.4,Internal Medicine,45
6,2024-07-31,Morning,10,30.05,3.6,2024-07-31,5,3,2.0,Internal Medicine,45
6,2024-08-01,Afternoon,5,18.080000000000002,3.4,2024-08-01,6,3,0.8333333333333334,Internal Medicine,45
6,2024-08-01,Morning,12,33.483333333333334,3.6666666666666665,2024-08-01,6,3,2.0,Internal Medicine,45
6,2024-08-01,Night,1,22.2,4.0,2024-08-01,4,2,0.25,Internal Medicine,45
6,2024-08-02,Afternoon,4,25.325,4.0,2024-08-02,5,3,0.8,Internal Medicine,45
6,2024-08-02,Morning,10,26.910000000000004,3.9,2024-08-02,7,3,1.4285714285714286,Internal Medicine,45
6,2024-08-02,Night,3,22.833333333333332,4.0,2024-08-02,4,3,0.75,Internal Medicine,45
6,2024-08-03,Afternoon,10,31.28,3.9,2024-08-03,6,3,1.6666666666666667,Internal Medicine,45
6,2024-08-03,Morning,2,22.8,5.0,2024-08-03,7,4,0.2857142857142857,Internal Medicine,45
6,2024-08-03,Night,1,22.2,4.0,2024-08-03,5,2,0.2,Internal Medicine,45
6,2024-08-04,Afternoon,3,15.233333333333334,3.6666666666666665,2024-08-04,6,3,0.5,Internal Medicine,45
6,2024-08-04,Morning,9,25.977777777777778,3.888888888888889,2024-08-04,6,2,1.5,Internal Medicine,45
6,2024-08-04,Night,1,18.0,3.0,2024-08-04,3,2,0.3333333333333333,Internal Medicine,45
6,2024-08-05,Afternoon,7,26.02857142857143,3.7142857142857144,2024-08-05,6,2,1.1666666666666667,Internal Medicine,45
6,2024-08-05,Morning,8,30.3625,3.875,2024-08-05,5,3,1.6,Internal Medicine,45
6,2024-08-05,Night,1,23.2,5.0,2024-08-05,3,2,0.3333333333333333,Internal Medicine,45
6,2024-08-06,Afternoon,6,25.166666666666668,3.8333333333333335,2024-08-06,6,3,1.0,Internal Medicine,45
6,2024-08-06,Morning,9,27.711111111111112,4.222222222222222,2024-08-06,6,3,1.5,Internal Medicine,45
6,2024-08-06,Night,1,18.0,5.0,2024-08-06,4,2,0.25,Internal Medicine,45
6,2024-08-07,Afternoon,11,28.5,3.909090909090909,2024-08-07,7,3,1.5714285714285714,Internal Medicine,45
6,2024-08-07,Morning,3,18.166666666666668,3.0,2024-08-07,6,3,0.5,Internal Medicine,45
6,2024-08-07,Night,1,19.9,4.0,2024-08-07,3,2,0.3333333333333333,Internal Medicine,45
6,2024-08-08,Afternoon,12,33.824999999999996,3.5833333333333335,2024-08-08,5,3,2.4,Internal Medicine,45
6,2024-08-08,Morning,4,20.575,4.0,2024-08-08,6,3,0.6666666666666666,Internal Medicine,45
6,2024-08-08,Night,2,13.1,4.0,2024-08-08,4,1,0.5,Internal Medicine,45
6,2024-08-09,Afternoon,9,29.855555555555554,3.4444444444444446,2024-08-09,5,3,1.8,Internal Medicine,45
6,2024-08-09,Morning,7,27.885714285714283,4.142857142857143,2024-08-09,6,3,1.1666666666666667,Internal Medicine,45
6,2024-08-09,Night,2,20.2,3.5,2024-08-09,5,2,0.4,Internal Medicine,45
6,2024-08-10,Afternoon,3,22.433333333333334,4.0,2024-08-10,7,3,0.42857142857142855,Internal Medicine,45
6,2024-08-10,Morning,4,24.0,4.25,2024-08-10,5,3,0.8,Internal Medicine,45
6,2024-08-10,Night,2,16.55,4.0,2024-08-10,4,2,0.5,Internal Medicine,45
6,2024-08-11,Afternoon,6,27.766666666666666,4.333333333333333,2024-08-11,5,3,1.2,Internal Medicine,45
6,2024-08-11,Morning,3,22.166666666666668,4.0,2024-08-11,5,2,0.6,Internal Medicine,45
6,2024-08-11,Night,1,28.7,4.0,2024-08-11,5,2,0.2,Internal Medicine,45
6,2024-08-12,Afternoon,7,23.0,4.0,2024-08-12,6,3,1.1666666666666667,Internal Medicine,45
6,2024-08-12,Morning,10,31.45,3.7,2024-08-12,5,3,2.0,Internal Medicine,45
6,2024-08-13,Afternoon,6,26.633333333333336,3.8333333333333335,2024-08-13,6,3,1.0,Internal Medicine,45
6,2024-08-13,Morning,4,21.325,4.75,2024-08-13,6,3,0.6666666666666666,Internal Medicine,45
6,2024-08-13,Night,3,27.666666666666668,4.333333333333333,2024-08-13,4,1,0.75,Internal Medicine,45
6,2024-08-14,Afternoon,8,29.9125,3.75,2024-08-14,6,3,1.3333333333333333,Internal Medicine,45
6,2024-08-14,Morning,4,24.825,4.25,2024-08-14,6,2,0.6666666666666666,Internal Medicine,45
6,2024-08-15,Afternoon,5,25.419999999999998,4.2,2024-08-15,5,3,1.0,Internal Medicine,45
6,2024-08-15,Morning,7,24.27142857142857,4.0,2024-08-15,7,2,1.0,Internal Medicine,45
6,2024-08-15,Night,1,24.7,4.0,2024-08-15,4,2,0.25,Internal Medicine,45
6,2024-08-16,Afternoon,7,23.571428571428573,3.7142857142857144,2024-08-16,7,3,1.0,Internal Medicine,45
6,2024-08-16,Morning,6,25.7,4.0,2024-08-16,6,3,1.0,Internal Medicine,45
6,2024-08-16,Night,1,23.2,5.0,2024-08-16,4,2,0.25,Internal Medicine,45
6,2024-08-17,Afternoon,5,21.14,3.6,2024-08-17,6,3,0.8333333333333334,Internal Medicine,45
6,2024-08-17,Morning,7,22.714285714285715,3.5714285714285716,2024-08-17,7,2,1.0,Internal Medicine,45
6,2024-08-17,Night,5,29.82,3.2,2024-08-17,3,2,1.6666666666666667,Internal Medicine,45
6,2024-08-18,Afternoon,6,27.833333333333332,3.5,2024-08-18,6,3,1.0,Internal Medicine,45
6,2024-08-18,Morning,6,23.683333333333334,4.0,2024-08-18,6,2,1.0,Internal Medicine,45
6,2024-08-19,Afternoon,6,24.7,3.8333333333333335,2024-08-19,7,3,0.8571428571428571,Internal Medicine,45
6,2024-08-19,Morning,10,30.54,3.5,2024-08-19,5,3,2.0,Internal Medicine,45
6,2024-08-19,Night,2,18.950000000000003,5.0,2024-08-19,3,3,0.6666666666666666,Internal Medicine,45
6,2024-08-20,Afternoon,8,25.5,3.875,2024-08-20,5,3,1.6,Internal Medicine,45
6,2024-08-20,Morning,8,28.5,3.5,2024-08-20,6,4,1.3333333333333333,Internal Medicine,45
6,2024-08-20,Night,1,27.2,5.0,2024-08-20,3,2,0.3333333333333333,Internal Medicine,45
6,2024-08-21,Afternoon,8,28.725,3.875,2024-08-21,6,3,1.3333333333333333,Internal Medicine,45
6,2024-08-21,Morning,6,29.28333333333333,4.666666666666667,2024-08-21,5,3,1.2,Internal Medicine,45
6,2024-08-21,Night,1,18.2,5.0,2024-08-21,4,1,0.25,Internal Medicine,45
6,2024-08-22,Afternoon,7,22.914285714285715,3.7142857142857144,2024-08-22,6,3,1.1666666666666667,Internal Medicine,45
6,2024-08-22,Morning,9,31.82222222222222,3.888888888888889,2024-08-22,6,3,1.5,Internal Medicine,45
6,2024-08-22,Night,4,23.35,3.5,2024-08-22,4,1,1.0,Internal Medicine,45
6,2024-08-23,Afternoon,9,25.433333333333334,4.555555555555555,2024-08-23,7,3,1.2857142857142858,Internal Medicine,45
6,2024-08-23,Morning,8,27.9875,3.625,2024-08-23,6,3,1.3333333333333333,Internal Medicine,45
6,2024-08-23,Night,1,19.9,4.0,2024-08-23,4,2,0.25,Internal Medicine,45
6,2024-08-24,Afternoon,4,22.3,3.5,2024-08-24,6,3,0.6666666666666666,Internal Medicine,45
6,2024-08-24,Morning,3,22.200000000000003,4.333333333333333,2024-08-24,7,4,0.42857142857142855,Internal Medicine,45
6,2024-08-25,Afternoon,5,18.9,4.4,2024-08-25,6,3,0.8333333333333334,Internal Medicine,45
6,2024-08-25,Morning,3,24.866666666666664,3.3333333333333335,2024-08-25,7,3,0.42857142857142855,Internal Medicine,45
6,2024-08-25,Night,3,24.133333333333336,4.0,2024-08-25,4,2,0.75,Internal Medicine,45
6,2024-08-26,Afternoon,8,23.3625,4.0,2024-08-26,7,4,1.1428571428571428,Internal Medicine,45
6,2024-08-26,Morning,6,28.333333333333332,3.8333333333333335,2024-08-26,5,3,1.2,Internal Medicine,45
6,2024-08-27,Afternoon,11,33.70909090909091,3.909090909090909,2024-08-27,5,3,2.2,Internal Medicine,45
6,2024-08-27,Morning,8,24.8875,3.75,2024-08-27,7,4,1.1428571428571428,Internal Medicine,45
6,2024-08-27,Night,2,22.4,3.5,2024-08-27,5,2,0.4,Internal Medicine,45
6,2024-08-28,Afternoon,4,22.225,4.25,2024-08-28,6,4,0.6666666666666666,Internal Medicine,45
6,2024-08-28,Morning,4,19.425,4.25,2024-08-28,6,3,0.6666666666666666,Internal Medicine,45
6,2024-08-28,Night,2,26.0,4.0,2024-08-28,4,2,0.5,Internal Medicine,45
6,2024-08-29,Afternoon,9,28.555555555555557,3.6666666666666665,2024-08-29,6,3,1.5,Internal Medicine,45
6,2024-08-29,Morning,12,35.18333333333333,3.9166666666666665,2024-08-29,5,2,2.4,Internal Medicine,45
6,2024-08-29,Night,2,21.200000000000003,4.0,2024-08-29,4,1,0.5,Internal Medicine,45
6,2024-08-30,Afternoon,8,30.6875,3.75,2024-08-30,4,3,2.0,Internal Medicine,45
6,2024-08-30,Morning,6,23.183333333333334,4.166666666666667,2024-08-30,5,4,1.2,Internal Medicine,45
6,2024-08-31,Afternoon,6,21.666666666666668,4.5,2024-08-31,7,3,0.8571428571428571,Internal Medicine,45
6,2024-08-31,Morning,5,24.9,4.2,2024-08-31,6,3,0.8333333333333334,Internal Medicine,45
6,2024-08-31,Night,1,23.1,3.0,2024-08-31,3,2,0.3333333333333333,Internal Medicine,45
6,2024-09-01,Afternoon,9,25.58888888888889,4.0,2024-09-01,6,3,1.5,Internal Medicine,45
6,2024-09-01,Morning,6,24.433333333333334,4.666666666666667,2024-09-01,6,3,1.0,Internal Medicine,45
6,2024-09-01,Night,2,21.450000000000003,3.5,2024-09-01,5,2,0.4,Internal Medicine,45
6,2024-09-02,Afternoon,10,29.2,3.6,2024-09-02,6,3,1.6666666666666667,Internal Medicine,45
6,2024-09-02,Morning,7,28.25714285714286,3.5714285714285716,2024-09-02,6,3,1.1666666666666667,Internal Medicine,45
6,2024-09-03,Afternoon,13,31.276923076923076,3.923076923076923,2024-09-03,6,3,2.1666666666666665,Internal Medicine,45
6,2024-09-03,Morning,5,24.759999999999998,4.4,2024-09-03,7,3,0.7142857142857143,Internal Medicine,45
6,2024-09-03,Night,4,24.525,4.5,2024-09-03,4,2,1.0,Internal Medicine,45
6,2024-09-04,Afternoon,10,27.65,3.4,2024-09-04,5,3,2.0,Internal Medicine,45
6,2024-09-04,Morning,6,24.25,3.8333333333333335,2024-09-04,6,3,1.0,Internal Medicine,45
6,2024-09-05,Afternoon,6,22.45,3.8333333333333335,2024-09-05,6,3,1.0,Internal Medicine,45
6,2024-09-05,Morning,6,25.7,4.0,2024-09-05,6,3,1.0,Internal Medicine,45
6,2024-09-05,Night,1,11.1,4.0,2024-09-05,4,2,0.25,Internal Medicine,45
6,2024-09-06,Afternoon,6,24.95,4.0,2024-09-06,6,2,1.0,Internal Medicine,45
6,2024-09-06,Morning,9,29.400000000000002,3.888888888888889,2024-09-06,7,4,1.2857142857142858,Internal Medicine,45
6,2024-09-06,Night,1,29.2,4.0,2024-09-06,5,2,0.2,Internal Medicine,45
6,2024-09-07,Afternoon,10,31.860000000000003,3.5,2024-09-07,6,3,1.6666666666666667,Internal Medicine,45
6,2024-09-07,Morning,2,21.25,4.0,2024-09-07,6,3,0.3333333333333333,Internal Medicine,45
6,2024-09-07,Night,2,26.25,4.5,2024-09-07,4,2,0.5,Internal Medicine,45
6,2024-09-08,Afternoon,6,21.96666666666667,4.333333333333333,2024-09-08,6,4,1.0,Internal Medicine,45
6,2024-09-08,Morning,1,16.4,4.0,2024-09-08,7,3,0.14285714285714285,Internal Medicine,45
6,2024-09-09,Afternoon,5,28.060000000000002,3.8,2024-09-09,6,3,0.8333333333333334,Internal Medicine,45
6,2024-09-09,Morning,9,28.633333333333333,4.111111111111111,2024-09-09,6,3,1.5,Internal Medicine,45
6,2024-09-09,Night,1,19.4,4.0,2024-09-09,4,3,0.25,Internal Medicine,45
6,2024-09-10,Afternoon,8,28.0125,4.25,2024-09-10,6,3,1.3333333333333333,Internal Medicine,45
6,2024-09-10,Morning,8,30.8875,4.125,2024-09-10,5,4,1.6,Internal Medicine,45
6,2024-09-10,Night,2,25.5,4.0,2024-09-10,3,2,0.6666666666666666,Internal Medicine,45
6,2024-09-11,Afternoon,14,31.907142857142855,3.5714285714285716,2024-09-11,7,3,2.0,Internal Medicine,45
6,2024-09-11,Morning,10,28.369999999999997,3.9,2024-09-11,6,3,1.6666666666666667,Internal Medicine,45
6,2024-09-11,Night,1,23.2,4.0,2024-09-11,3,1,0.3333333333333333,Internal Medicine,45
6,2024-09-12,Afternoon,12,32.50833333333333,3.9166666666666665,2024-09-12,6,2,2.0,Internal Medicine,45
6,2024-09-12,Morning,6,25.833333333333332,3.8333333333333335,2024-09-12,7,3,0.8571428571428571,Internal Medicine,45
6,2024-09-13,Afternoon,6,26.616666666666664,4.166666666666667,2024-09-13,6,3,1.0,Internal Medicine,45
6,2024-09-13,Morning,11,29.59090909090909,3.909090909090909,2024-09-13,7,4,1.5714285714285714,Internal Medicine,45
6,2024-09-13,Night,1,20.7,4.0,2024-09-13,3,2,0.3333333333333333,Internal Medicine,45
6,2024-09-14,Afternoon,7,25.342857142857145,3.857142857142857,2024-09-14,6,3,1.1666666666666667,Internal Medicine,45
6,2024-09-14,Morning,6,24.55,3.6666666666666665,2024-09-14,5,2,1.2,Internal Medicine,45
6,2024-09-14,Night,2,17.85,3.0,2024-09-14,5,2,0.4,Internal Medicine,45
6,2024-09-15,Afternoon,12,30.208333333333332,3.5833333333333335,2024-09-15,6,3,2.0,Internal Medicine,45
6,2024-09-15,Morning,8,29.4875,4.0,2024-09-15,6,3,1.3333333333333333,Internal Medicine,45
6,2024-09-15,Night,1,25.3,5.0,2024-09-15,4,2,0.25,Internal Medicine,45
6,2024-09-16,Afternoon,5,23.34,4.2,2024-09-16,6,4,0.8333333333333334,Internal Medicine,45
6,2024-09-16,Morning,9,32.400000000000006,3.7777777777777777,2024-09-16,5,3,1.8,Internal Medicine,45
6,2024-09-16,Night,2,22.85,3.5,2024-09-16,5,2,0.4,Internal Medicine,45
6,2024-09-17,Afternoon,6,21.616666666666664,4.0,2024-09-17,7,3,0.8571428571428571,Internal Medicine,45
6,2024-09-17,Morning,7,24.214285714285715,4.142857142857143,2024-09-17,6,3,1.1666666666666667,Internal Medicine,45
6,2024-09-17,Night,2,24.200000000000003,4.0,2024-09-17,5,2,0.4,Internal Medicine,45
6,2024-09-18,Afternoon,13,33.54615384615385,3.769230769230769,2024-09-18,7,3,1.8571428571428572,Internal Medicine,45
6,2024-09-18,Morning,7,30.2,3.7142857142857144,2024-09-18,5,4,1.4,Internal Medicine,45
6,2024-09-19,Afternoon,6,29.849999999999998,4.0,2024-09-19,6,3,1.0,Internal Medicine,45
6,2024-09-19,Morning,5,28.860000000000003,4.0,2024-09-19,6,3,0.8333333333333334,Internal Medicine,45
6,2024-09-19,Night,1,11.4,4.0,2024-09-19,4,1,0.25,Internal Medicine,45
6,2024-09-20,Afternoon,6,22.866666666666664,4.166666666666667,2024-09-20,7,3,0.8571428571428571,Internal Medicine,45
6,2024-09-20,Morning,9,29.477777777777778,3.7777777777777777,2024-09-20,6,3,1.5,Internal Medicine,45
6,2024-09-20,Night,2,16.9,3.0,2024-09-20,4,2,0.5,Internal Medicine,45
6,2024-09-21,Afternoon,13,30.584615384615386,3.6923076923076925,2024-09-21,7,3,1.8571428571428572,Internal Medicine,45
6,2024-09-21,Morning,9,26.38888888888889,3.888888888888889,2024-09-21,7,3,1.2857142857142858,Internal Medicine,45
6,2024-09-21,Night,1,26.4,4.0,2024-09-21,4,2,0.25,Internal Medicine,45
6,2024-09-22,Afternoon,6,21.599999999999998,3.6666666666666665,2024-09-22,7,4,0.8571428571428571,Internal Medicine,45
6,2024-09-22,Morning,4,22.65,4.0,2024-09-22,6,2,0.6666666666666666,Internal Medicine,45
6,2024-09-22,Night,2,19.5,4.0,2024-09-22,4,2,0.5,Internal Medicine,45
6,2024-09-23,Afternoon,12,37.85,3.5833333333333335,2024-09-23,5,3,2.4,Internal Medicine,45
6,2024-09-23,Morning,8,28.8125,4.25,2024-09-23,6,4,1.3333333333333333,Internal Medicine,45
6,2024-09-23,Night,1,27.4,4.0,2024-09-23,4,2,0.25,Internal Medicine,45
6,2024-09-24,Afternoon,11,30.063636363636363,4.0,2024-09-24,6,3,1.8333333333333333,Internal Medicine,45
6,2024-09-24,Morning,7,28.057142857142857,3.7142857142857144,2024-09-24,5,4,1.4,Internal Medicine,45
6,2024-09-24,Night,2,19.45,3.0,2024-09-24,4,2,0.5,Internal Medicine,45
6,2024-09-25,Afternoon,16,34.8625,3.4375,2024-09-25,7,3,2.2857142857142856,Internal Medicine,45
6,2024-09-25,Morning,7,24.12857142857143,4.285714285714286,2024-09-25,7,3,1.0,Internal Medicine,45
6,2024-09-25,Night,2,22.35,4.0,2024-09-25,4,1,0.5,Internal Medicine,45
6,2024-09-26,Afternoon,5,24.44,4.4,2024-09-26,6,3,0.8333333333333334,Internal Medicine,45
6,2024-09-26,Morning,14,36.3,3.5714285714285716,2024-09-26,5,3,2.8,Internal Medicine,45
6,2024-09-26,Night,1,29.0,3.0,2024-09-26,5,1,0.2,Internal Medicine,45
6,2024-09-27,Afternoon,8,27.25,3.5,2024-09-27,6,3,1.3333333333333333,Internal Medicine,45
6,2024-09-27,Morning,11,25.145454545454548,3.727272727272727,2024-09-27,8,3,1.375,Internal Medicine,45
6,2024-09-27,Night,2,22.05,4.5,2024-09-27,3,2,0.6666666666666666,Internal Medicine,45
6,2024-09-28,Afternoon,4,26.075,3.75,2024-09-28,6,3,0.6666666666666666,Internal Medicine,45
6,2024-09-28,Morning,3,24.166666666666668,4.333333333333333,2024-09-28,6,4,0.5,Internal Medicine,45
6,2024-09-28,Night,3,21.099999999999998,4.0,2024-09-28,4,2,0.75,Internal Medicine,45
6,2024-09-29,Afternoon,3,20.8,4.0,2024-09-29,6,3,0.5,Internal Medicine,45
6,2024-09-29,Morning,5,24.4,4.6,2024-09-29,6,3,0.8333333333333334,Internal Medicine,45
6,2024-09-29,Night,2,20.95,4.5,2024-09-29,4,2,0.5,Internal Medicine,45
6,2024-09-30,Afternoon,9,29.71111111111111,4.333333333333333,2024-09-30,5,3,1.8,Internal Medicine,45
6,2024-09-30,Morning,9,35.15555555555555,3.5555555555555554,2024-09-30,4,3,2.25,Internal Medicine,45
6,2024-09-30,Night,3,23.8,4.0,2024-09-30,5,2,0.6,Internal Medicine,45
6,2024-10-01,Afternoon,9,27.822222222222223,4.333333333333333,2024-10-01,6,3,1.5,Internal Medicine,45
6,2024-10-01,Morning,8,26.5625,4.125,2024-10-01,7,3,1.1428571428571428,Internal Medicine,45
6,2024-10-01,Night,4,26.025,4.75,2024-10-01,4,2,1.0,Internal Medicine,45
6,2024-10-02,Afternoon,7,30.585714285714285,4.142857142857143,2024-10-02,6,3,1.1666666666666667,Internal Medicine,45
6,2024-10-02,Morning,12,32.0,3.75,2024-10-02,6,3,2.0,Internal Medicine,45
6,2024-10-02,Night,2,21.4,3.5,2024-10-02,3,2,0.6666666666666666,Internal Medicine,45
6,2024-10-03,Afternoon,11,29.7,3.727272727272727,2024-10-03,7,3,1.5714285714285714,Internal Medicine,45
6,2024-10-03,Morning,8,26.3875,3.5,2024-10-03,6,3,1.3333333333333333,Internal Medicine,45
6,2024-10-04,Afternoon,6,24.05,4.0,2024-10-04,6,3,1.0,Internal Medicine,45
6,2024-10-04,Morning,5,19.639999999999997,4.4,2024-10-04,7,3,0.7142857142857143,Internal Medicine,45
6,2024-10-04,Night,1,19.7,5.0,2024-10-04,4,1,0.25,Internal Medicine,45
6,2024-10-05,Afternoon,11,32.99090909090909,3.909090909090909,2024-10-05,6,3,1.8333333333333333,Internal Medicine,45
6,2024-10-05,Morning,3,17.833333333333332,4.333333333333333,2024-10-05,6,3,0.5,Internal Medicine,45
6,2024-10-05,Night,2,21.1,4.5,2024-10-05,4,2,0.5,Internal Medicine,45
6,2024-10-06,Afternoon,5,19.4,4.4,2024-10-06,7,3,0.7142857142857143,Internal Medicine,45
6,2024-10-06,Morning,9,31.17777777777778,4.0,2024-10-06,7,2,1.2857142857142858,Internal Medicine,45
6,2024-10-07,Afternoon,5,23.04,3.8,2024-10-07,7,2,0.7142857142857143,Internal Medicine,45
6,2024-10-07,Morning,10,29.889999999999997,3.7,2024-10-07,5,3,2.0,Internal Medicine,45
6,2024-10-07,Night,1,19.8,4.0,2024-10-07,5,2,0.2,Internal Medicine,45
6,2024-10-08,Afternoon,8,27.0375,4.375,2024-10-08,7,3,1.1428571428571428,Internal Medicine,45
6,2024-10-08,Morning,8,28.575,3.875,2024-10-08,6,4,1.3333333333333333,Internal Medicine,45
6,2024-10-08,Night,1,20.8,5.0,2024-10-08,3,2,0.3333333333333333,Internal Medicine,45
6,2024-10-09,Afternoon,10,27.5,3.9,2024-10-09,8,4,1.25,Internal Medicine,45
6,2024-10-09,Morning,5,23.8,3.6,2024-10-09,7,4,0.7142857142857143,Internal Medicine,45
6,2024-10-09,Night,2,26.4,4.0,2024-10-09,3,1,0.6666666666666666,Internal Medicine,45
6,2024-10-10,Afternoon,6,24.05,4.333333333333333,2024-10-10,6,3,1.0,Internal Medicine,45
6,2024-10-10,Morning,7,30.385714285714283,4.142857142857143,2024-10-10,5,4,1.4,Internal Medicine,45
6,2024-10-10,Night,4,26.1,3.25,2024-10-10,4,1,1.0,Internal Medicine,45
6,2024-10-11,Afternoon,6,24.0,3.8333333333333335,2024-10-11,6,3,1.0,Internal Medicine,45
6,2024-10-11,Morning,5,24.16,4.4,2024-10-11,6,3,0.8333333333333334,Internal Medicine,45
6,2024-10-11,Night,2,17.700000000000003,4.0,2024-10-11,4,2,0.5,Internal Medicine,45
6,2024-10-12,Afternoon,4,17.675,4.0,2024-10-12,7,3,0.5714285714285714,Internal Medicine,45
6,2024-10-12,Morning,7,27.014285714285712,3.7142857142857144,2024-10-12,7,4,1.0,Internal Medicine,45
6,2024-10-12,Night,1,14.5,4.0,2024-10-12,5,2,0.2,Internal Medicine,45
6,2024-10-13,Afternoon,5,25.919999999999998,3.8,2024-10-13,6,3,0.8333333333333334,Internal Medicine,45
6,2024-10-13,Morning,4,24.5,4.25,2024-10-13,6,3,0.6666666666666666,Internal Medicine,45
6,2024-10-14,Afternoon,8,28.724999999999998,4.0,2024-10-14,6,3,1.3333333333333333,Internal Medicine,45
6,2024-10-14,Morning,9,29.366666666666667,4.0,2024-10-14,5,3,1.8,Internal Medicine,45
6,2024-10-14,Night,2,19.65,4.5,2024-10-14,4,1,0.5,Internal Medicine,45
6,2024-10-15,Afternoon,8,27.1125,3.75,2024-10-15,5,4,1.6,Internal Medicine,45
6,2024-10-15,Morning,4,24.45,4.25,2024-10-15,6,3,0.6666666666666666,Internal Medicine,45
6,2024-10-15,Night,2,21.45,3.5,2024-10-15,3,2,0.6666666666666666,Internal Medicine,45
6,2024-10-16,Afternoon,9,32.044444444444444,3.888888888888889,2024-10-16,7,3,1.2857142857142858,Internal Medicine,45
6,2024-10-16,Morning,11,32.25454545454546,3.727272727272727,2024-10-16,6,3,1.8333333333333333,Internal Medicine,45
6,2024-10-17,Afternoon,8,24.4625,3.375,2024-10-17,7,3,1.1428571428571428,Internal Medicine,45
6,2024-10-17,Morning,9,30.599999999999998,4.111111111111111,2024-10-17,6,2,1.5,Internal Medicine,45
6,2024-10-18,Afternoon,9,25.9,3.888888888888889,2024-10-18,6,3,1.5,Internal Medicine,45
6,2024-10-18,Morning,11,29.29090909090909,3.727272727272727,2024-10-18,6,3,1.8333333333333333,Internal Medicine,45
6,2024-10-18,Night,3,18.0,4.333333333333333,2024-10-18,4,1,0.75,Internal Medicine,45
6,2024-10-19,Afternoon,6,23.066666666666666,4.333333333333333,2024-10-19,7,3,0.8571428571428571,Internal Medicine,45
6,2024-10-19,Morning,5,23.380000000000003,3.8,2024-10-19,7,3,0.7142857142857143,Internal Medicine,45
6,2024-10-19,Night,4,25.425,3.75,2024-10-19,5,2,0.8,Internal Medicine,45
6,2024-10-20,Afternoon,3,21.133333333333333,4.0,2024-10-20,6,3,0.5,Internal Medicine,45
6,2024-10-20,Morning,7,27.62857142857143,3.5714285714285716,2024-10-20,7,3,1.0,Internal Medicine,45
6,2024-10-20,Night,2,18.15,4.0,2024-10-20,5,2,0.4,Internal Medicine,45
6,2024-10-21,Afternoon,11,30.11818181818182,4.0,2024-10-21,7,3,1.5714285714285714,Internal Medicine,45
6,2024-10-21,Morning,3,30.2,4.333333333333333,2024-10-21,4,3,0.75,Internal Medicine,45
6,2024-10-21,Night,3,21.099999999999998,3.6666666666666665,2024-10-21,5,2,0.6,Internal Medicine,45
6,2024-10-22,Afternoon,14,32.81428571428571,3.642857142857143,2024-10-22,7,3,2.0,Internal Medicine,45
6,2024-10-22,Morning,10,30.72,3.6,2024-10-22,6,2,1.6666666666666667,Internal Medicine,45
6,2024-10-22,Night,2,17.200000000000003,4.0,2024-10-22,4,1,0.5,Internal Medicine,45
6,2024-10-23,Afternoon,4,20.825,4.0,2024-10-23,7,3,0.5714285714285714,Internal Medicine,45
6,2024-10-23,Morning,6,24.849999999999998,4.333333333333333,2024-10-23,7,3,0.8571428571428571,Internal Medicine,45
6,2024-10-24,Afternoon,5,20.18,4.2,2024-10-24,6,3,0.8333333333333334,Internal Medicine,45
6,2024-10-24,Morning,7,26.114285714285717,3.857142857142857,2024-10-24,7,3,1.0,Internal Medicine,45
6,2024-10-24,Night,2,20.9,4.0,2024-10-24,5,2,0.4,Internal Medicine,45
6,2024-10-25,Afternoon,9,27.177777777777777,3.6666666666666665,2024-10-25,6,3,1.5,Internal Medicine,45
6,2024-10-25,Morning,14,38.0,3.7857142857142856,2024-10-25,5,3,2.8,Internal Medicine,45
6,2024-10-25,Night,2,24.1,4.5,2024-10-25,4,3,0.5,Internal Medicine,45
6,2024-10-26,Afternoon,3,17.633333333333333,4.0,2024-10-26,6,3,0.5,Internal Medicine,45
6,2024-10-26,Morning,4,17.625,4.0,2024-10-26,7,4,0.5714285714285714,Internal Medicine,45
6,2024-10-27,Afternoon,3,18.066666666666666,3.6666666666666665,2024-10-27,4,3,0.75,Internal Medicine,45
6,2024-10-27,Morning,8,26.4375,4.125,2024-10-27,6,3,1.3333333333333333,Internal Medicine,45
6,2024-10-27,Night,2,18.4,4.0,2024-10-27,4,1,0.5,Internal Medicine,45
6,2024-10-28,Afternoon,6,24.116666666666664,3.6666666666666665,2024-10-28,6,3,1.0,Internal Medicine,45
6,2024-10-28,Morning,8,31.55,4.0,2024-10-28,5,3,1.6,Internal Medicine,45
6,2024-10-28,Night,3,26.0,4.666666666666667,2024-10-28,4,2,0.75,Internal Medicine,45
6,2024-10-29,Afternoon,8,27.5,4.25,2024-10-29,6,3,1.3333333333333333,Internal Medicine,45
6,2024-10-29,Morning,9,26.355555555555554,3.888888888888889,2024-10-29,6,3,1.5,Internal Medicine,45
6,2024-10-29,Night,3,27.5,4.333333333333333,2024-10-29,4,2,0.75,Internal Medicine,45
6,2024-10-30,Afternoon,10,29.619999999999997,4.0,2024-10-30,6,3,1.6666666666666667,Internal Medicine,45
6,2024-10-30,Morning,5,27.52,3.2,2024-10-30,6,3,0.8333333333333334,Internal Medicine,45
6,2024-10-30,Night,1,18.2,4.0,2024-10-30,4,2,0.25,Internal Medicine,45
6,2024-10-31,Afternoon,10,29.43,4.0,2024-10-31,6,3,1.6666666666666667,Internal Medicine,45
6,2024-10-31,Morning,11,26.454545454545453,4.181818181818182,2024-10-31,7,3,1.5714285714285714,Internal Medicine,45
6,2024-10-31,Night,3,19.2,4.0,2024-10-31,4,2,0.75,Internal Medicine,45
6,2024-11-01,Afternoon,12,31.625,3.6666666666666665,2024-11-01,6,3,2.0,Internal Medicine,45
6,2024-11-01,Morning,7,27.5,4.0,2024-11-01,5,3,1.4,Internal Medicine,45
6,2024-11-01,Night,2,21.1,5.0,2024-11-01,4,2,0.5,Internal Medicine,45
6,2024-11-02,Afternoon,4,23.575,4.25,2024-11-02,7,3,0.5714285714285714,Internal Medicine,45
6,2024-11-02,Morning,3,21.166666666666668,3.6666666666666665,2024-11-02,6,3,0.5,Internal Medicine,45
6,2024-11-02,Night,2,23.35,4.0,2024-11-02,4,2,0.5,Internal Medicine,45
6,2024-11-03,Afternoon,6,26.45,4.333333333333333,2024-11-03,5,3,1.2,Internal Medicine,45
6,2024-11-03,Morning,6,25.266666666666666,4.0,2024-11-03,7,2,0.8571428571428571,Internal Medicine,45
6,2024-11-03,Night,1,25.5,5.0,2024-11-03,5,2,0.2,Internal Medicine,45
6,2024-11-04,Afternoon,5,24.86,3.2,2024-11-04,6,3,0.8333333333333334,Internal Medicine,45
6,2024-11-04,Morning,10,37.62,3.5,2024-11-04,4,3,2.5,Internal Medicine,45
6,2024-11-04,Night,1,30.2,4.0,2024-11-04,3,2,0.3333333333333333,Internal Medicine,45
6,2024-11-05,Afternoon,6,25.25,4.333333333333333,2024-11-05,6,2,1.0,Internal Medicine,45
6,2024-11-05,Morning,13,31.26153846153846,3.6153846153846154,2024-11-05,7,3,1.8571428571428572,Internal Medicine,45
6,2024-11-05,Night,2,23.05,3.0,2024-11-05,3,2,0.6666666666666666,Internal Medicine,45
6,2024-11-06,Afternoon,6,27.349999999999998,4.333333333333333,2024-11-06,5,3,1.2,Internal Medicine,45
6,2024-11-06,Morning,7,27.928571428571427,4.285714285714286,2024-11-06,6,3,1.1666666666666667,Internal Medicine,45
6,2024-11-06,Night,4,24.4,4.25,2024-11-06,4,2,1.0,Internal Medicine,45
6,2024-11-07,Afternoon,6,23.883333333333336,4.166666666666667,2024-11-07,6,3,1.0,Internal Medicine,45
6,2024-11-07,Morning,7,23.97142857142857,3.7142857142857144,2024-11-07,5,2,1.4,Internal Medicine,45
6,2024-11-07,Night,1,19.9,5.0,2024-11-07,4,2,0.25,Internal Medicine,45
6,2024-11-08,Afternoon,11,31.927272727272726,3.5454545454545454,2024-11-08,6,2,1.8333333333333333,Internal Medicine,45
6,2024-11-08,Morning,9,26.11111111111111,4.222222222222222,2024-11-08,7,3,1.2857142857142858,Internal Medicine,45
6,2024-11-09,Afternoon,3,20.333333333333332,3.6666666666666665,2024-11-09,7,3,0.42857142857142855,Internal Medicine,45
6,2024-11-09,Morning,6,22.349999999999998,3.8333333333333335,2024-11-09,7,3,0.8571428571428571,Internal Medicine,45
6,2024-11-09,Night,2,22.85,4.0,2024-11-09,5,2,0.4,Internal Medicine,45
6,2024-11-10,Afternoon,3,19.766666666666666,4.0,2024-11-10,6,3,0.5,Internal Medicine,45
6,2024-11-10,Morning,7,27.414285714285715,4.0,2024-11-10,6,3,1.1666666666666667,Internal Medicine,45
6,2024-11-11,Afternoon,17,34.94117647058823,3.764705882352941,2024-11-11,7,3,2.4285714285714284,Internal Medicine,45
6,2024-11-11,Morning,6,23.0,4.333333333333333,2024-11-11,5,3,1.2,Internal Medicine,45
6,2024-11-11,Night,1,15.2,3.0,2024-11-11,5,2,0.2,Internal Medicine,45
6,2024-11-12,Afternoon,8,25.45,4.0,2024-11-12,6,3,1.3333333333333333,Internal Medicine,45
6,2024-11-12,Morning,10,26.880000000000003,3.9,2024-11-12,7,4,1.4285714285714286,Internal Medicine,45
6,2024-11-12,Night,3,23.2,3.6666666666666665,2024-11-12,3,2,1.0,Internal Medicine,45
6,2024-11-13,Afternoon,15,34.193333333333335,3.7333333333333334,2024-11-13,6,2,2.5,Internal Medicine,45
6,2024-11-13,Morning,8,25.4625,3.5,2024-11-13,6,3,1.3333333333333333,Internal Medicine,45
6,2024-11-13,Night,1,27.1,4.0,2024-11-13,3,3,0.3333333333333333,Internal Medicine,45
6,2024-11-14,Afternoon,11,28.70909090909091,3.8181818181818183,2024-11-14,7,3,1.5714285714285714,Internal Medicine,45
6,2024-11-14,Morning,5,24.740000000000002,4.0,2024-11-14,6,3,0.8333333333333334,Internal Medicine,45
6,2024-11-15,Afternoon,6,23.96666666666667,4.333333333333333,2024-11-15,6,2,1.0,Internal Medicine,45
6,2024-11-15,Morning,11,31.981818181818184,4.0,2024-11-15,5,3,2.2,Internal Medicine,45
6,2024-11-15,Night,2,20.8,4.5,2024-11-15,3,2,0.6666666666666666,Internal Medicine,45
6,2024-11-16,Afternoon,8,24.25,3.625,2024-11-16,7,3,1.1428571428571428,Internal Medicine,45
6,2024-11-16,Morning,6,28.25,3.6666666666666665,2024-11-16,6,3,1.0,Internal Medicine,45
6,2024-11-16,Night,1,20.0,4.0,2024-11-16,4,2,0.25,Internal Medicine,45
6,2024-11-17,Afternoon,9,31.077777777777776,4.0,2024-11-17,6,3,1.5,Internal Medicine,45
6,2024-11-17,Morning,7,27.414285714285715,4.428571428571429,2024-11-17,6,3,1.1666666666666667,Internal Medicine,45
6,2024-11-18,Afternoon,8,26.45,3.875,2024-11-18,6,4,1.3333333333333333,Internal Medicine,45
6,2024-11-18,Morning,6,27.7,4.166666666666667,2024-11-18,4,4,1.5,Internal Medicine,45
6,2024-11-18,Night,1,20.3,4.0,2024-11-18,4,3,0.25,Internal Medicine,45
6,2024-11-19,Afternoon,9,27.677777777777777,3.6666666666666665,2024-11-19,7,3,1.2857142857142858,Internal Medicine,45
6,2024-11-19,Morning,6,24.21666666666667,3.8333333333333335,2024-11-19,7,3,0.8571428571428571,Internal Medicine,45
6,2024-11-19,Night,2,20.2,4.5,2024-11-19,4,1,0.5,Internal Medicine,45
6,2024-11-20,Afternoon,9,26.644444444444446,3.6666666666666665,2024-11-20,7,2,1.2857142857142858,Internal Medicine,45
6,2024-11-20,Morning,11,31.518181818181816,3.6363636363636362,2024-11-20,6,4,1.8333333333333333,Internal Medicine,45
6,2024-11-20,Night,3,23.333333333333332,4.0,2024-11-20,4,2,0.75,Internal Medicine,45
6,2024-11-21,Afternoon,5,26.380000000000003,3.8,2024-11-21,5,4,1.0,Internal Medicine,45
6,2024-11-21,Morning,7,28.114285714285717,4.142857142857143,2024-11-21,5,3,1.4,Internal Medicine,45
6,2024-11-21,Night,1,16.1,5.0,2024-11-21,4,2,0.25,Internal Medicine,45
6,2024-11-22,Afternoon,8,25.25,4.125,2024-11-22,7,3,1.1428571428571428,Internal Medicine,45
6,2024-11-22,Morning,10,32.81,4.0,2024-11-22,5,3,2.0,Internal Medicine,45
6,2024-11-22,Night,2,20.799999999999997,4.5,2024-11-22,4,2,0.5,Internal Medicine,45
6,2024-11-23,Afternoon,6,21.96666666666667,4.0,2024-11-23,7,3,0.8571428571428571,Internal Medicine,45
6,2024-11-23,Morning,7,28.071428571428573,3.7142857142857144,2024-11-23,6,3,1.1666666666666667,Internal Medicine,45
6,2024-11-23,Night,1,21.1,3.0,2024-11-23,3,2,0.3333333333333333,Internal Medicine,45
6,2024-11-24,Afternoon,5,19.86,4.4,2024-11-24,6,3,0.8333333333333334,Internal Medicine,45
6,2024-11-24,Morning,4,25.95,4.5,2024-11-24,7,3,0.5714285714285714,Internal Medicine,45
6,2024-11-24,Night,3,21.633333333333336,3.3333333333333335,2024-11-24,4,1,0.75,Internal Medicine,45
6,2024-11-25,Afternoon,5,25.44,4.4,2024-11-25,6,3,0.8333333333333334,Internal Medicine,45
6,2024-11-25,Morning,8,27.975,3.75,2024-11-25,6,4,1.3333333333333333,Internal Medicine,45
6,2024-11-25,Night,1,26.1,4.0,2024-11-25,4,3,0.25,Internal Medicine,45
6,2024-11-26,Afternoon,5,23.3,3.2,2024-11-26,7,2,0.7142857142857143,Internal Medicine,45
6,2024-11-26,Morning,8,28.1875,4.375,2024-11-26,6,3,1.3333333333333333,Internal Medicine,45
6,2024-11-26,Night,4,23.7,4.0,2024-11-26,5,2,0.8,Internal Medicine,45
6,2024-11-27,Afternoon,10,29.089999999999996,4.1,2024-11-27,6,3,1.6666666666666667,Internal Medicine,45
6,2024-11-27,Morning,5,25.14,4.2,2024-11-27,7,2,0.7142857142857143,Internal Medicine,45
6,2024-11-27,Night,5,25.96,3.8,2024-11-27,4,2,1.25,Internal Medicine,45
6,2024-11-28,Afternoon,13,32.59230769230769,3.8461538461538463,2024-11-28,6,3,2.1666666666666665,Internal Medicine,45
6,2024-11-28,Morning,6,22.566666666666666,4.5,2024-11-28,7,3,0.8571428571428571,Internal Medicine,45
6,2024-11-29,Afternoon,4,24.2,4.25,2024-11-29,5,3,0.8,Internal Medicine,45
6,2024-11-29,Morning,7,25.87142857142857,3.7142857142857144,2024-11-29,6,3,1.1666666666666667,Internal Medicine,45
6,2024-11-29,Night,5,27.98,3.4,2024-11-29,4,1,1.25,Internal Medicine,45
6,2024-11-30,Afternoon,7,25.52857142857143,4.142857142857143,2024-11-30,7,3,1.0,Internal Medicine,45
6,2024-11-30,Morning,4,23.675,3.75,2024-11-30,6,2,0.6666666666666666,Internal Medicine,45
6,2024-11-30,Night,2,24.0,4.0,2024-11-30,4,2,0.5,Internal Medicine,45
6,2024-12-01,Afternoon,7,21.400000000000002,3.857142857142857,2024-12-01,7,3,1.0,Internal Medicine,45
6,2024-12-01,Morning,5,23.380000000000003,4.0,2024-12-01,7,4,0.7142857142857143,Internal Medicine,45
6,2024-12-01,Night,2,23.25,2.5,2024-12-01,4,2,0.5,Internal Medicine,45
6,2024-12-02,Afternoon,12,33.875,3.75,2024-12-02,6,3,2.0,Internal Medicine,45
6,2024-12-02,Morning,8,29.125,3.75,2024-12-02,5,2,1.6,Internal Medicine,45
6,2024-12-02,Night,2,26.05,5.0,2024-12-02,3,2,0.6666666666666666,Internal Medicine,45
6,2024-12-03,Afternoon,7,25.228571428571428,3.7142857142857144,2024-12-03,6,3,1.1666666666666667,Internal Medicine,45
6,2024-12-03,Morning,3,23.566666666666666,3.6666666666666665,2024-12-03,7,3,0.42857142857142855,Internal Medicine,45
6,2024-12-03,Night,2,24.55,4.0,2024-12-03,4,2,0.5,Internal Medicine,45
6,2024-12-04,Afternoon,5,23.240000000000002,4.0,2024-12-04,6,3,0.8333333333333334,Internal Medicine,45
6,2024-12-04,Morning,12,36.791666666666664,3.75,2024-12-04,5,3,2.4,Internal Medicine,45
6,2024-12-05,Afternoon,8,26.85,3.875,2024-12-05,5,3,1.6,Internal Medicine,45
6,2024-12-05,Morning,6,24.133333333333336,4.166666666666667,2024-12-05,5,3,1.2,Internal Medicine,45
6,2024-12-06,Afternoon,6,25.650000000000002,4.0,2024-12-06,5,4,1.2,Internal Medicine,45
6,2024-12-06,Morning,5,27.119999999999997,3.6,2024-12-06,6,3,0.8333333333333334,Internal Medicine,45
6,2024-12-06,Night,1,22.7,4.0,2024-12-06,4,2,0.25,Internal Medicine,45
6,2024-12-07,Afternoon,5,19.34,4.0,2024-12-07,7,3,0.7142857142857143,Internal Medicine,45
6,2024-12-07,Morning,4,22.125,4.5,2024-12-07,6,3,0.6666666666666666,Internal Medicine,45
6,2024-12-08,Afternoon,10,28.51,3.8,2024-12-08,6,3,1.6666666666666667,Internal Medicine,45
6,2024-12-08,Morning,4,20.175,3.25,2024-12-08,6,2,0.6666666666666666,Internal Medicine,45
6,2024-12-08,Night,1,18.5,4.0,2024-12-08,4,2,0.25,Internal Medicine,45
6,2024-12-09,Afternoon,9,28.38888888888889,3.5555555555555554,2024-12-09,5,3,1.8,Internal Medicine,45
6,2024-12-09,Morning,3,23.266666666666666,4.333333333333333,2024-12-09,4,2,0.75,Internal Medicine,45
6,2024-12-10,Afternoon,11,36.42727272727273,4.0,2024-12-10,5,3,2.2,Internal Medicine,45
6,2024-12-10,Morning,8,26.4875,4.125,2024-12-10,7,4,1.1428571428571428,Internal Medicine,45
6,2024-12-10,Night,4,26.4,4.25,2024-12-10,4,2,1.0,Internal Medicine,45
6,2024-12-11,Afternoon,4,20.025,4.5,2024-12-11,7,3,0.5714285714285714,Internal Medicine,45
6,2024-12-11,Morning,4,26.0,4.25,2024-12-11,6,3,0.6666666666666666,Internal Medicine,45
6,2024-12-11,Night,1,16.4,4.0,2024-12-11,4,3,0.25,Internal Medicine,45
6,2024-12-12,Afternoon,8,26.1125,3.875,2024-12-12,7,3,1.1428571428571428,Internal Medicine,45
6,2024-12-12,Morning,12,29.333333333333332,4.166666666666667,2024-12-12,7,3,1.7142857142857142,Internal Medicine,45
6,2024-12-13,Afternoon,14,36.635714285714286,3.2142857142857144,2024-12-13,5,3,2.8,Internal Medicine,45
6,2024-12-13,Morning,6,22.7,4.0,2024-12-13,5,3,1.2,Internal Medicine,45
6,2024-12-13,Night,2,22.25,4.0,2024-12-13,4,2,0.5,Internal Medicine,45
6,2024-12-14,Afternoon,5,25.919999999999998,4.2,2024-12-14,7,3,0.7142857142857143,Internal Medicine,45
6,2024-12-14,Morning,4,22.325,3.75,2024-12-14,6,2,0.6666666666666666,Internal Medicine,45
6,2024-12-14,Night,1,12.0,4.0,2024-12-14,4,2,0.25,Internal Medicine,45
6,2024-12-15,Afternoon,5,24.52,4.6,2024-12-15,6,3,0.8333333333333334,Internal Medicine,45
6,2024-12-15,Morning,5,19.16,4.0,2024-12-15,7,3,0.7142857142857143,Internal Medicine,45
6,2024-12-15,Night,2,17.25,4.0,2024-12-15,4,1,0.5,Internal Medicine,45
6,2024-12-16,Afternoon,7,22.057142857142857,4.0,2024-12-16,7,3,1.0,Internal Medicine,45
6,2024-12-16,Morning,7,23.74285714285714,3.857142857142857,2024-12-16,6,3,1.1666666666666667,Internal Medicine,45
6,2024-12-16,Night,2,17.1,5.0,2024-12-16,4,2,0.5,Internal Medicine,45
6,2024-12-17,Afternoon,12,35.324999999999996,3.5833333333333335,2024-12-17,5,3,2.4,Internal Medicine,45
6,2024-12-17,Morning,5,25.52,4.4,2024-12-17,6,3,0.8333333333333334,Internal Medicine,45
6,2024-12-17,Night,3,23.133333333333336,3.3333333333333335,2024-12-17,4,3,0.75,Internal Medicine,45
6,2024-12-18,Afternoon,5,23.86,3.8,2024-12-18,6,3,0.8333333333333334,Internal Medicine,45
6,2024-12-18,Morning,11,34.17272727272727,3.5454545454545454,2024-12-18,6,4,1.8333333333333333,Internal Medicine,45
6,2024-12-18,Night,4,23.05,4.0,2024-12-18,5,2,0.8,Internal Medicine,45
6,2024-12-19,Afternoon,8,27.1375,3.875,2024-12-19,6,4,1.3333333333333333,Internal Medicine,45
6,2024-12-19,Morning,4,22.625,3.5,2024-12-19,6,2,0.6666666666666666,Internal Medicine,45
6,2024-12-19,Night,2,23.0,4.0,2024-12-19,3,3,0.6666666666666666,Internal Medicine,45
6,2024-12-20,Afternoon,3,19.46666666666667,4.333333333333333,2024-12-20,6,3,0.5,Internal Medicine,45
6,2024-12-20,Morning,5,22.68,4.2,2024-12-20,5,3,1.0,Internal Medicine,45
6,2024-12-20,Night,2,25.55,4.5,2024-12-20,3,2,0.6666666666666666,Internal Medicine,45
6,2024-12-21,Afternoon,8,24.325,4.125,2024-12-21,7,2,1.1428571428571428,Internal Medicine,45
6,2024-12-21,Morning,12,31.599999999999998,3.75,2024-12-21,6,3,2.0,Internal Medicine,45
6,2024-12-21,Night,1,19.4,4.0,2024-12-21,6,3,0.16666666666666666,Internal Medicine,45
6,2024-12-22,Afternoon,6,20.216666666666665,4.333333333333333,2024-12-22,7,4,0.8571428571428571,Internal Medicine,45
6,2024-12-22,Morning,4,23.7,4.25,2024-12-22,7,4,0.5714285714285714,Internal Medicine,45
6,2024-12-22,Night,1,25.8,4.0,2024-12-22,4,2,0.25,Internal Medicine,45
6,2024-12-23,Afternoon,15,31.973333333333336,3.6,2024-12-23,7,3,2.142857142857143,Internal Medicine,45
6,2024-12-23,Morning,8,28.9,4.0,2024-12-23,5,3,1.6,Internal Medicine,45
6,2024-12-23,Night,2,22.65,4.0,2024-12-23,3,2,0.6666666666666666,Internal Medicine,45
6,2024-12-24,Afternoon,13,30.13076923076923,3.4615384615384617,2024-12-24,7,3,1.8571428571428572,Internal Medicine,45
6,2024-12-24,Morning,6,24.066666666666666,4.166666666666667,2024-12-24,6,3,1.0,Internal Medicine,45
6,2024-12-25,Afternoon,8,25.825,4.0,2024-12-25,7,3,1.1428571428571428,Internal Medicine,45
6,2024-12-25,Morning,4,21.425,3.5,2024-12-25,6,3,0.6666666666666666,Internal Medicine,45
6,2024-12-25,Night,1,13.1,3.0,2024-12-25,3,2,0.3333333333333333,Internal Medicine,45
6,2024-12-26,Afternoon,4,22.25,3.75,2024-12-26,6,3,0.6666666666666666,Internal Medicine,45
6,2024-12-26,Morning,10,32.43,4.0,2024-12-26,5,3,2.0,Internal Medicine,45
6,2024-12-26,Night,2,24.4,4.0,2024-12-26,3,2,0.6666666666666666,Internal Medicine,45
6,2024-12-27,Afternoon,14,34.128571428571426,3.7142857142857144,2024-12-27,6,3,2.3333333333333335,Internal Medicine,45
6,2024-12-27,Morning,4,21.425,3.75,2024-12-27,6,4,0.6666666666666666,Internal Medicine,45
6,2024-12-28,Afternoon,2,15.899999999999999,4.5,2024-12-28,6,3,0.3333333333333333,Internal Medicine,45
6,2024-12-28,Morning,8,26.4,3.5,2024-12-28,7,3,1.1428571428571428,Internal Medicine,45
6,2024-12-28,Night,1,16.5,4.0,2024-12-28,3,2,0.3333333333333333,Internal Medicine,45
6,2024-12-29,Afternoon,5,24.72,3.8,2024-12-29,7,3,0.7142857142857143,Internal Medicine,45
6,2024-12-29,Morning,5,24.1,4.2,2024-12-29,7,3,0.7142857142857143,Internal Medicine,45
6,2024-12-30,Afternoon,11,28.672727272727272,4.090909090909091,2024-12-30,6,3,1.8333333333333333,Internal Medicine,45
6,2024-12-30,Morning,6,27.466666666666665,4.333333333333333,2024-12-30,5,4,1.2,Internal Medicine,45
6,2024-12-30,Night,2,20.05,4.5,2024-12-30,5,2,0.4,Internal Medicine,45
6,2024-12-31,Afternoon,8,27.0875,3.875,2024-12-31,6,3,1.3333333333333333,Internal Medicine,45
6,2024-12-31,Morning,10,29.190000000000005,3.6,2024-12-31,7,3,1.4285714285714286,Internal Medicine,45
6,2024-12-31,Night,2,16.3,4.5,2024-12-31,5,1,0.4,Internal Medicine,45
7,2024-01-01,Afternoon,3,19.099999999999998,4.0,2024-01-01,5,3,0.6,Obstetrics & Gynecology,40
7,2024-01-01,Morning,6,24.8,4.0,2024-01-01,4,2,1.5,Obstetrics & Gynecology,40
7,2024-01-01,Night,2,16.5,4.5,2024-01-01,3,1,0.6666666666666666,Obstetrics & Gynecology,40
7,2024-01-02,Afternoon,12,29.266666666666666,4.166666666666667,2024-01-02,6,2,2.0,Obstetrics & Gynecology,40
7,2024-01-02,Morning,9,30.022222222222222,3.888888888888889,2024-01-02,5,2,1.8,Obstetrics & Gynecology,40
7,2024-01-02,Night,1,12.6,4.0,2024-01-02,3,1,0.3333333333333333,Obstetrics & Gynecology,40
7,2024-01-03,Afternoon,5,26.04,4.2,2024-01-03,4,2,1.25,Obstetrics & Gynecology,40
7,2024-01-03,Morning,4,21.625,3.5,2024-01-03,6,2,0.6666666666666666,Obstetrics & Gynecology,40
7,2024-01-04,Afternoon,4,24.25,3.75,2024-01-04,5,2,0.8,Obstetrics & Gynecology,40
7,2024-01-04,Morning,6,23.133333333333336,4.166666666666667,2024-01-04,5,2,1.2,Obstetrics & Gynecology,40
7,2024-01-04,Night,1,18.0,4.0,2024-01-04,3,1,0.3333333333333333,Obstetrics & Gynecology,40
7,2024-01-05,Afternoon,5,23.740000000000002,4.2,2024-01-05,6,2,0.8333333333333334,Obstetrics & Gynecology,40
7,2024-01-05,Morning,4,20.275,3.5,2024-01-05,5,2,0.8,Obstetrics & Gynecology,40
7,2024-01-05,Night,1,19.7,5.0,2024-01-05,4,1,0.25,Obstetrics & Gynecology,40
7,2024-01-06,Afternoon,5,22.3,3.8,2024-01-06,5,3,1.0,Obstetrics & Gynecology,40
7,2024-01-06,Morning,1,23.4,5.0,2024-01-06,5,2,0.2,Obstetrics & Gynecology,40
7,2024-01-06,Night,1,23.9,4.0,2024-01-06,3,2,0.3333333333333333,Obstetrics & Gynecology,40
7,2024-01-07,Afternoon,5,20.759999999999998,4.0,2024-01-07,6,2,0.8333333333333334,Obstetrics & Gynecology,40
7,2024-01-07,Morning,3,15.166666666666666,4.0,2024-01-07,6,1,0.5,Obstetrics & Gynecology,40
7,2024-01-08,Afternoon,6,22.233333333333334,3.6666666666666665,2024-01-08,5,2,1.2,Obstetrics & Gynecology,40
7,2024-01-08,Morning,6,30.599999999999998,3.1666666666666665,2024-01-08,3,2,2.0,Obstetrics & Gynecology,40
7,2024-01-08,Night,3,25.2,3.6666666666666665,2024-01-08,3,1,1.0,Obstetrics & Gynecology,40
7,2024-01-09,Afternoon,9,29.077777777777776,4.111111111111111,2024-01-09,5,2,1.8,Obstetrics & Gynecology,40
7,2024-01-09,Morning,4,22.925,3.75,2024-01-09,4,2,1.0,Obstetrics & Gynecology,40
7,2024-01-09,Night,7,29.614285714285717,4.0,2024-01-09,4,1,1.75,Obstetrics & Gynecology,40
7,2024-01-10,Afternoon,5,22.72,4.8,2024-01-10,5,3,1.0,Obstetrics & Gynecology,40
7,2024-01-10,Morning,5,25.32,4.0,2024-01-10,5,1,1.0,Obstetrics & Gynecology,40
7,2024-01-11,Afternoon,4,18.45,3.5,2024-01-11,5,3,0.8,Obstetrics & Gynecology,40
7,2024-01-11,Morning,7,24.985714285714288,4.285714285714286,2024-01-11,5,2,1.4,Obstetrics & Gynecology,40
7,2024-01-11,Night,1,17.3,4.0,2024-01-11,3,2,0.3333333333333333,Obstetrics & Gynecology,40
7,2024-01-12,Afternoon,7,25.085714285714285,3.857142857142857,2024-01-12,6,1,1.1666666666666667,Obstetrics & Gynecology,40
7,2024-01-12,Morning,6,21.75,3.8333333333333335,2024-01-12,6,2,1.0,Obstetrics & Gynecology,40
7,2024-01-12,Night,2,16.1,4.0,2024-01-12,3,1,0.6666666666666666,Obstetrics & Gynecology,40
7,2024-01-13,Afternoon,4,21.05,3.5,2024-01-13,5,3,0.8,Obstetrics & Gynecology,40
7,2024-01-13,Morning,4,22.525,3.5,2024-01-13,5,2,0.8,Obstetrics & Gynecology,40
7,2024-01-14,Afternoon,6,23.55,4.166666666666667,2024-01-14,5,2,1.2,Obstetrics & Gynecology,40
7,2024-01-14,Morning,7,25.599999999999998,3.7142857142857144,2024-01-14,5,2,1.4,Obstetrics & Gynecology,40
7,2024-01-15,Afternoon,6,22.349999999999998,4.166666666666667,2024-01-15,5,2,1.2,Obstetrics & Gynecology,40
7,2024-01-15,Morning,5,26.04,4.0,2024-01-15,5,2,1.0,Obstetrics & Gynecology,40
7,2024-01-15,Night,4,25.575,3.5,2024-01-15,4,1,1.0,Obstetrics & Gynecology,40
7,2024-01-16,Afternoon,5,23.52,4.2,2024-01-16,5,2,1.0,Obstetrics & Gynecology,40
7,2024-01-16,Morning,5,18.28,4.2,2024-01-16,7,2,0.7142857142857143,Obstetrics & Gynecology,40
7,2024-01-16,Night,1,23.4,4.0,2024-01-16,3,1,0.3333333333333333,Obstetrics & Gynecology,40
7,2024-01-17,Afternoon,6,25.383333333333336,3.5,2024-01-17,5,3,1.2,Obstetrics & Gynecology,40
7,2024-01-17,Morning,3,21.766666666666666,4.333333333333333,2024-01-17,7,2,0.42857142857142855,Obstetrics & Gynecology,40
7,2024-01-18,Afternoon,5,22.62,3.6,2024-01-18,5,2,1.0,Obstetrics & Gynecology,40
7,2024-01-18,Morning,5,24.34,3.4,2024-01-18,6,2,0.8333333333333334,Obstetrics & Gynecology,40
7,2024-01-19,Afternoon,9,32.02222222222222,3.4444444444444446,2024-01-19,5,2,1.8,Obstetrics & Gynecology,40
7,2024-01-19,Morning,2,20.6,3.5,2024-01-19,5,2,0.4,Obstetrics & Gynecology,40
7,2024-01-19,Night,2,24.700000000000003,4.5,2024-01-19,3,1,0.6666666666666666,Obstetrics & Gynecology,40
7,2024-01-20,Afternoon,7,23.02857142857143,3.7142857142857144,2024-01-20,7,3,1.0,Obstetrics & Gynecology,40
7,2024-01-20,Morning,5,22.1,4.2,2024-01-20,5,2,1.0,Obstetrics & Gynecology,40
7,2024-01-21,Afternoon,4,24.1,4.25,2024-01-21,5,2,0.8,Obstetrics & Gynecology,40
7,2024-01-21,Morning,2,19.4,3.5,2024-01-21,5,2,0.4,Obstetrics & Gynecology,40
7,2024-01-21,Night,1,16.6,4.0,2024-01-21,3,1,0.3333333333333333,Obstetrics & Gynecology,40
7,2024-01-22,Afternoon,3,28.133333333333336,3.6666666666666665,2024-01-22,5,2,0.6,Obstetrics & Gynecology,40
7,2024-01-22,Morning,3,19.933333333333334,3.3333333333333335,2024-01-22,5,3,0.6,Obstetrics & Gynecology,40
7,2024-01-22,Night,2,17.8,4.5,2024-01-22,5,1,0.4,Obstetrics & Gynecology,40
7,2024-01-23,Afternoon,5,18.6,4.2,2024-01-23,5,2,1.0,Obstetrics & Gynecology,40
7,2024-01-23,Morning,7,30.599999999999998,4.0,2024-01-23,4,2,1.75,Obstetrics & Gynecology,40
7,2024-01-23,Night,1,6.3,3.0,2024-01-23,3,1,0.3333333333333333,Obstetrics & Gynecology,40
7,2024-01-24,Afternoon,6,25.583333333333332,3.8333333333333335,2024-01-24,5,3,1.2,Obstetrics & Gynecology,40
7,2024-01-24,Morning,2,21.9,3.0,2024-01-24,4,1,0.5,Obstetrics & Gynecology,40
7,2024-01-24,Night,2,17.8,4.0,2024-01-24,4,1,0.5,Obstetrics & Gynecology,40
7,2024-01-25,Afternoon,4,21.225,3.5,2024-01-25,5,2,0.8,Obstetrics & Gynecology,40
7,2024-01-25,Morning,5,17.080000000000002,3.6,2024-01-25,7,1,0.7142857142857143,Obstetrics & Gynecology,40
7,2024-01-26,Afternoon,4,22.4,4.25,2024-01-26,5,2,0.8,Obstetrics & Gynecology,40
7,2024-01-26,Morning,4,22.575,4.25,2024-01-26,5,3,0.8,Obstetrics & Gynecology,40
7,2024-01-26,Night,3,17.533333333333335,4.333333333333333,2024-01-26,4,1,0.75,Obstetrics & Gynecology,40
7,2024-01-27,Afternoon,4,18.425,3.5,2024-01-27,6,2,0.6666666666666666,Obstetrics & Gynecology,40
7,2024-01-27,Morning,5,24.080000000000002,4.0,2024-01-27,6,2,0.8333333333333334,Obstetrics & Gynecology,40
7,2024-01-27,Night,1,21.9,5.0,2024-01-27,3,2,0.3333333333333333,Obstetrics & Gynecology,40
7,2024-01-28,Afternoon,1,13.9,5.0,2024-01-28,6,1,0.16666666666666666,Obstetrics & Gynecology,40
7,2024-01-28,Morning,2,14.9,4.5,2024-01-28,5,2,0.4,Obstetrics & Gynecology,40
7,2024-01-28,Night,2,19.55,4.5,2024-01-28,5,1,0.4,Obstetrics & Gynecology,40
7,2024-01-29,Afternoon,7,29.271428571428572,3.857142857142857,2024-01-29,5,2,1.4,Obstetrics & Gynecology,40
7,2024-01-29,Morning,7,28.0,3.857142857142857,2024-01-29,4,2,1.75,Obstetrics & Gynecology,40
7,2024-01-30,Afternoon,4,26.575,3.25,2024-01-30,4,2,1.0,Obstetrics & Gynecology,40
7,2024-01-30,Morning,5,20.82,3.8,2024-01-30,5,2,1.0,Obstetrics & Gynecology,40
7,2024-01-31,Afternoon,5,25.76,4.0,2024-01-31,6,2,0.8333333333333334,Obstetrics & Gynecology,40
7,2024-01-31,Morning,6,25.516666666666666,3.8333333333333335,2024-01-31,6,2,1.0,Obstetrics & Gynecology,40
7,2024-02-01,Afternoon,7,26.24285714285714,4.0,2024-02-01,5,2,1.4,Obstetrics & Gynecology,40
7,2024-02-01,Morning,3,15.366666666666667,4.666666666666667,2024-02-01,5,2,0.6,Obstetrics & Gynecology,40
7,2024-02-01,Night,1,10.2,4.0,2024-02-01,4,1,0.25,Obstetrics & Gynecology,40
7,2024-02-02,Afternoon,6,29.45,4.166666666666667,2024-02-02,4,3,1.5,Obstetrics & Gynecology,40
7,2024-02-02,Morning,4,20.125,4.25,2024-02-02,6,3,0.6666666666666666,Obstetrics & Gynecology,40
7,2024-02-02,Night,1,10.0,4.0,2024-02-02,2,1,0.5,Obstetrics & Gynecology,40
7,2024-02-03,Afternoon,2,17.200000000000003,3.0,2024-02-03,5,3,0.4,Obstetrics & Gynecology,40
7,2024-02-03,Morning,1,14.8,3.0,2024-02-03,5,2,0.2,Obstetrics & Gynecology,40
7,2024-02-03,Night,3,21.066666666666666,3.0,2024-02-03,4,1,0.75,Obstetrics & Gynecology,40
7,2024-02-04,Afternoon,2,13.8,4.0,2024-02-04,5,2,0.4,Obstetrics & Gynecology,40
7,2024-02-04,Morning,1,10.8,4.0,2024-02-04,6,3,0.16666666666666666,Obstetrics & Gynecology,40
7,2024-02-04,Night,1,13.6,3.0,2024-02-04,4,1,0.25,Obstetrics & Gynecology,40
7,2024-02-05,Afternoon,4,20.8,3.75,2024-02-05,5,2,0.8,Obstetrics & Gynecology,40
7,2024-02-05,Morning,6,30.933333333333334,3.3333333333333335,2024-02-05,3,1,2.0,Obstetrics & Gynecology,40
7,2024-02-05,Night,2,15.65,4.0,2024-02-05,4,1,0.5,Obstetrics & Gynecology,40
7,2024-02-06,Afternoon,7,25.985714285714288,4.0,2024-02-06,6,2,1.1666666666666667,Obstetrics & Gynecology,40
7,2024-02-06,Morning,6,26.0,3.5,2024-02-06,5,2,1.2,Obstetrics & Gynecology,40
7,2024-02-06,Night,2,28.700000000000003,4.5,2024-02-06,4,1,0.5,Obstetrics & Gynecology,40
7,2024-02-07,Afternoon,3,19.933333333333334,4.333333333333333,2024-02-07,5,3,0.6,Obstetrics & Gynecology,40
7,2024-02-07,Morning,6,24.266666666666666,3.8333333333333335,2024-02-07,5,2,1.2,Obstetrics & Gynecology,40
7,2024-02-07,Night,4,24.15,3.75,2024-02-07,3,1,1.3333333333333333,Obstetrics & Gynecology,40
7,2024-02-08,Afternoon,8,27.15,4.125,2024-02-08,5,2,1.6,Obstetrics & Gynecology,40
7,2024-02-08,Morning,4,21.125,4.0,2024-02-08,5,2,0.8,Obstetrics & Gynecology,40
7,2024-02-08,Night,1,20.8,4.0,2024-02-08,4,1,0.25,Obstetrics & Gynecology,40
7,2024-02-09,Afternoon,6,27.983333333333334,3.8333333333333335,2024-02-09,4,1,1.5,Obstetrics & Gynecology,40
7,2024-02-09,Morning,6,25.983333333333334,3.1666666666666665,2024-02-09,5,2,1.2,Obstetrics & Gynecology,40
7,2024-02-09,Night,2,21.75,4.0,2024-02-09,3,1,0.6666666666666666,Obstetrics & Gynecology,40
7,2024-02-10,Afternoon,5,23.58,4.2,2024-02-10,7,2,0.7142857142857143,Obstetrics & Gynecology,40
7,2024-02-10,Morning,5,20.06,4.4,2024-02-10,6,2,0.8333333333333334,Obstetrics & Gynecology,40
7,2024-02-11,Afternoon,4,21.875,3.75,2024-02-11,6,2,0.6666666666666666,Obstetrics & Gynecology,40
7,2024-02-11,Morning,2,26.4,4.0,2024-02-11,5,2,0.4,Obstetrics & Gynecology,40
7,2024-02-12,Afternoon,4,19.9,4.0,2024-02-12,5,2,0.8,Obstetrics & Gynecology,40
7,2024-02-12,Morning,6,23.983333333333334,3.8333333333333335,2024-02-12,4,2,1.5,Obstetrics & Gynecology,40
7,2024-02-12,Night,3,28.666666666666668,4.333333333333333,2024-02-12,2,2,1.5,Obstetrics & Gynecology,40
7,2024-02-13,Afternoon,5,21.2,4.2,2024-02-13,5,2,1.0,Obstetrics & Gynecology,40
7,2024-02-13,Morning,5,19.7,4.2,2024-02-13,5,1,1.0,Obstetrics & Gynecology,40
7,2024-02-13,Night,1,25.9,5.0,2024-02-13,4,1,0.25,Obstetrics & Gynecology,40
7,2024-02-14,Afternoon,6,26.55,3.8333333333333335,2024-02-14,5,2,1.2,Obstetrics & Gynecology,40
7,2024-02-14,Morning,4,19.25,3.5,2024-02-14,5,2,0.8,Obstetrics & Gynecology,40
7,2024-02-15,Afternoon,3,12.799999999999999,3.6666666666666665,2024-02-15,6,3,0.5,Obstetrics & Gynecology,40
7,2024-02-15,Morning,4,15.6,4.5,2024-02-15,5,3,0.8,Obstetrics & Gynecology,40
7,2024-02-15,Night,1,12.8,4.0,2024-02-15,3,1,0.3333333333333333,Obstetrics & Gynecology,40
7,2024-02-16,Afternoon,5,18.86,4.0,2024-02-16,5,2,1.0,Obstetrics & Gynecology,40
7,2024-02-16,Morning,5,20.28,4.0,2024-02-16,5,3,1.0,Obstetrics & Gynecology,40
7,2024-02-17,Afternoon,3,14.600000000000001,3.6666666666666665,2024-02-17,6,2,0.5,Obstetrics & Gynecology,40
7,2024-02-17,Morning,3,19.766666666666666,4.333333333333333,2024-02-17,5,2,0.6,Obstetrics & Gynecology,40
7,2024-02-18,Afternoon,2,21.25,3.5,2024-02-18,6,3,0.3333333333333333,Obstetrics & Gynecology,40
7,2024-02-18,Morning,4,21.025,4.25,2024-02-18,5,2,0.8,Obstetrics & Gynecology,40
7,2024-02-18,Night,1,17.6,4.0,2024-02-18,3,2,0.3333333333333333,Obstetrics & Gynecology,40
7,2024-02-19,Afternoon,6,24.78333333333333,3.6666666666666665,2024-02-19,4,2,1.5,Obstetrics & Gynecology,40
7,2024-02-19,Morning,3,22.96666666666667,4.0,2024-02-19,4,2,0.75,Obstetrics & Gynecology,40
7,2024-02-20,Afternoon,5,23.240000000000002,3.8,2024-02-20,4,2,1.25,Obstetrics & Gynecology,40
7,2024-02-20,Morning,5,22.32,4.2,2024-02-20,5,2,1.0,Obstetrics & Gynecology,40
7,2024-02-20,Night,1,14.5,5.0,2024-02-20,4,1,0.25,Obstetrics & Gynecology,40
7,2024-02-21,Afternoon,6,26.71666666666667,4.0,2024-02-21,4,2,1.5,Obstetrics & Gynecology,40
7,2024-02-21,Morning,2,18.450000000000003,4.5,2024-02-21,6,2,0.3333333333333333,Obstetrics & Gynecology,40
7,2024-02-21,Night,2,21.65,4.0,2024-02-21,3,1,0.6666666666666666,Obstetrics & Gynecology,40
7,2024-02-22,Afternoon,5,23.18,4.2,2024-02-22,5,2,1.0,Obstetrics & Gynecology,40
7,2024-02-22,Morning,4,23.875,4.25,2024-02-22,4,2,1.0,Obstetrics & Gynecology,40
7,2024-02-22,Night,1,22.1,4.0,2024-02-22,3,1,0.3333333333333333,Obstetrics & Gynecology,40
7,2024-02-23,Afternoon,5,20.98,4.2,2024-02-23,6,3,0.8333333333333334,Obstetrics & Gynecology,40
7,2024-02-23,Morning,4,21.975,4.0,2024-02-23,5,2,0.8,Obstetrics & Gynecology,40
7,2024-02-24,Afternoon,6,22.650000000000002,3.3333333333333335,2024-02-24,5,2,1.2,Obstetrics & Gynecology,40
7,2024-02-24,Morning,5,24.54,3.8,2024-02-24,4,2,1.25,Obstetrics & Gynecology,40
7,2024-02-25,Afternoon,5,27.68,4.0,2024-02-25,4,2,1.25,Obstetrics & Gynecology,40
7,2024-02-25,Morning,2,18.15,5.0,2024-02-25,6,2,0.3333333333333333,Obstetrics & Gynecology,40
7,2024-02-25,Night,1,18.6,4.0,2024-02-25,3,1,0.3333333333333333,Obstetrics & Gynecology,40
7,2024-02-26,Morning,4,17.7,3.5,2024-02-26,6,3,0.6666666666666666,Obstetrics & Gynecology,40
7,2024-02-26,Night,1,17.9,3.0,2024-02-26,3,1,0.3333333333333333,Obstetrics & Gynecology,40
7,2024-02-27,Afternoon,13,36.73076923076923,3.6153846153846154,2024-02-27,4,2,3.25,Obstetrics & Gynecology,40
7,2024-02-27,Morning,3,23.266666666666666,3.6666666666666665,2024-02-27,5,2,0.6,Obstetrics & Gynecology,40
7,2024-02-27,Night,1,18.2,2.0,2024-02-27,4,1,0.25,Obstetrics & Gynecology,40
7,2024-02-28,Afternoon,6,21.53333333333333,4.166666666666667,2024-02-28,5,2,1.2,Obstetrics & Gynecology,40
7,2024-02-28,Morning,4,22.925,4.0,2024-02-28,4,2,1.0,Obstetrics & Gynecology,40
7,2024-02-29,Afternoon,8,28.0625,4.0,2024-02-29,5,3,1.6,Obstetrics & Gynecology,40
7,2024-02-29,Morning,3,17.7,4.0,2024-02-29,5,2,0.6,Obstetrics & Gynecology,40
7,2024-03-01,Afternoon,5,26.18,3.6,2024-03-01,4,3,1.25,Obstetrics & Gynecology,40
7,2024-03-01,Morning,7,29.2,3.857142857142857,2024-03-01,5,1,1.4,Obstetrics & Gynecology,40
7,2024-03-01,Night,2,21.7,3.5,2024-03-01,3,1,0.6666666666666666,Obstetrics & Gynecology,40
7,2024-03-02,Afternoon,2,18.35,4.5,2024-03-02,5,2,0.4,Obstetrics & Gynecology,40
7,2024-03-02,Morning,5,20.94,3.8,2024-03-02,5,2,1.0,Obstetrics & Gynecology,40
7,2024-03-02,Night,1,19.0,5.0,2024-03-02,3,2,0.3333333333333333,Obstetrics & Gynecology,40
7,2024-03-03,Afternoon,5,20.78,3.4,2024-03-03,5,2,1.0,Obstetrics & Gynecology,40
7,2024-03-03,Morning,6,22.7,3.8333333333333335,2024-03-03,5,1,1.2,Obstetrics & Gynecology,40
7,2024-03-03,Night,1,24.1,5.0,2024-03-03,3,1,0.3333333333333333,Obstetrics & Gynecology,40
7,2024-03-04,Afternoon,9,27.833333333333332,3.888888888888889,2024-03-04,5,3,1.8,Obstetrics & Gynecology,40
7,2024-03-04,Morning,6,25.133333333333336,4.5,2024-03-04,5,2,1.2,Obstetrics & Gynecology,40
7,2024-03-04,Night,3,21.266666666666666,4.0,2024-03-04,4,1,0.75,Obstetrics & Gynecology,40
7,2024-03-05,Afternoon,4,19.875,4.0,2024-03-05,5,1,0.8,Obstetrics & Gynecology,40
7,2024-03-05,Morning,5,20.66,4.0,2024-03-05,5,1,1.0,Obstetrics & Gynecology,40
7,2024-03-05,Night,3,24.2,3.0,2024-03-05,3,2,1.0,Obstetrics & Gynecology,40
7,2024-03-06,Afternoon,2,21.9,4.5,2024-03-06,5,2,0.4,Obstetrics & Gynecology,40
7,2024-03-06,Morning,5,25.419999999999998,4.0,2024-03-06,6,2,0.8333333333333334,Obstetrics & Gynecology,40
7,2024-03-06,Night,1,24.1,4.0,2024-03-06,3,1,0.3333333333333333,Obstetrics & Gynecology,40
7,2024-03-07,Afternoon,6,25.616666666666664,4.0,2024-03-07,4,2,1.5,Obstetrics & Gynecology,40
7,2024-03-07,Morning,4,22.0,3.75,2024-03-07,5,2,0.8,Obstetrics & Gynecology,40
7,2024-03-08,Afternoon,2,17.05,4.5,2024-03-08,4,1,0.5,Obstetrics & Gynecology,40
7,2024-03-08,Morning,8,24.75,3.875,2024-03-08,6,2,1.3333333333333333,Obstetrics & Gynecology,40
7,2024-03-08,Night,1,18.0,4.0,2024-03-08,2,2,0.5,Obstetrics & Gynecology,40
7,2024-03-09,Afternoon,4,21.625,3.75,2024-03-09,6,2,0.6666666666666666,Obstetrics & Gynecology,40
7,2024-03-09,Morning,4,21.599999999999998,4.0,2024-03-09,5,2,0.8,Obstetrics & Gynecology,40
7,2024-03-09,Night,1,18.8,5.0,2024-03-09,3,1,0.3333333333333333,Obstetrics & Gynecology,40
7,2024-03-10,Afternoon,5,22.52,4.0,2024-03-10,6,2,0.8333333333333334,Obstetrics & Gynecology,40
7,2024-03-10,Morning,2,19.1,4.5,2024-03-10,7,2,0.2857142857142857,Obstetrics & Gynecology,40
7,2024-03-11,Afternoon,12,32.68333333333333,3.5,2024-03-11,5,2,2.4,Obstetrics & Gynecology,40
7,2024-03-11,Morning,3,19.8,3.6666666666666665,2024-03-11,5,2,0.6,Obstetrics & Gynecology,40
7,2024-03-11,Night,1,26.9,4.0,2024-03-11,3,2,0.3333333333333333,Obstetrics & Gynecology,40
7,2024-03-12,Afternoon,4,14.0,4.5,2024-03-12,4,1,1.0,Obstetrics & Gynecology,40
7,2024-03-12,Morning,2,14.65,5.0,2024-03-12,5,2,0.4,Obstetrics & Gynecology,40
7,2024-03-12,Night,2,19.5,3.0,2024-03-12,3,1,0.6666666666666666,Obstetrics & Gynecology,40
7,2024-03-13,Afternoon,5,22.14,4.2,2024-03-13,4,2,1.25,Obstetrics & Gynecology,40
7,2024-03-13,Morning,4,22.475,4.5,2024-03-13,5,2,0.8,Obstetrics & Gynecology,40
7,2024-03-14,Afternoon,5,23.98,3.8,2024-03-14,5,2,1.0,Obstetrics & Gynecology,40
7,2024-03-14,Morning,8,24.9875,3.5,2024-03-14,6,2,1.3333333333333333,Obstetrics & Gynecology,40
7,2024-03-15,Afternoon,10,31.880000000000003,3.9,2024-03-15,5,2,2.0,Obstetrics & Gynecology,40
7,2024-03-15,Morning,5,21.78,3.6,2024-03-15,5,2,1.0,Obstetrics & Gynecology,40
7,2024-03-16,Afternoon,6,23.366666666666664,4.0,2024-03-16,5,2,1.2,Obstetrics & Gynecology,40
7,2024-03-16,Morning,3,18.766666666666666,3.6666666666666665,2024-03-16,6,2,0.5,Obstetrics & Gynecology,40
7,2024-03-17,Afternoon,2,20.15,4.5,2024-03-17,4,2,0.5,Obstetrics & Gynecology,40
7,2024-03-17,Morning,5,23.72,3.8,2024-03-17,6,1,0.8333333333333334,Obstetrics & Gynecology,40
7,2024-03-17,Night,1,15.5,4.0,2024-03-17,4,1,0.25,Obstetrics & Gynecology,40
7,2024-03-18,Afternoon,4,20.85,4.5,2024-03-18,5,2,0.8,Obstetrics & Gynecology,40
7,2024-03-18,Morning,3,18.7,4.333333333333333,2024-03-18,5,2,0.6,Obstetrics & Gynecology,40
7,2024-03-19,Afternoon,3,17.0,3.3333333333333335,2024-03-19,5,2,0.6,Obstetrics & Gynecology,40
7,2024-03-19,Morning,4,23.4,4.0,2024-03-19,5,2,0.8,Obstetrics & Gynecology,40
7,2024-03-19,Night,2,15.8,5.0,2024-03-19,3,2,0.6666666666666666,Obstetrics & Gynecology,40
7,2024-03-20,Afternoon,7,27.571428571428573,3.5714285714285716,2024-03-20,5,2,1.4,Obstetrics & Gynecology,40
7,2024-03-20,Morning,5,22.68,3.8,2024-03-20,4,3,1.25,Obstetrics & Gynecology,40
7,2024-03-20,Night,2,18.700000000000003,3.0,2024-03-20,2,1,1.0,Obstetrics & Gynecology,40
7,2024-03-21,Afternoon,7,24.385714285714283,3.857142857142857,2024-03-21,5,2,1.4,Obstetrics & Gynecology,40
7,2024-03-21,Morning,1,14.3,5.0,2024-03-21,5,3,0.2,Obstetrics & Gynecology,40
7,2024-03-22,Afternoon,6,26.016666666666666,4.333333333333333,2024-03-22,5,2,1.2,Obstetrics & Gynecology,40
7,2024-03-22,Morning,3,27.333333333333332,3.6666666666666665,2024-03-22,4,2,0.75,Obstetrics & Gynecology,40
7,2024-03-22,Night,3,27.03333333333333,4.0,2024-03-22,2,2,1.5,Obstetrics & Gynecology,40
7,2024-03-23,Afternoon,4,19.6,3.75,2024-03-23,5,2,0.8,Obstetrics & Gynecology,40
7,2024-03-23,Morning,5,23.96,4.0,2024-03-23,5,3,1.0,Obstetrics & Gynecology,40
7,2024-03-23,Night,1,19.8,5.0,2024-03-23,3,2,0.3333333333333333,Obstetrics & Gynecology,40
7,2024-03-24,Afternoon,4,21.2,4.25,2024-03-24,6,1,0.6666666666666666,Obstetrics & Gynecology,40
7,2024-03-24,Morning,1,16.3,4.0,2024-03-24,5,2,0.2,Obstetrics & Gynecology,40
7,2024-03-25,Afternoon,2,24.1,4.5,2024-03-25,5,2,0.4,Obstetrics & Gynecology,40
7,2024-03-25,Morning,2,20.95,3.5,2024-03-25,3,2,0.6666666666666666,Obstetrics & Gynecology,40
7,2024-03-25,Night,1,11.3,2.0,2024-03-25,3,1,0.3333333333333333,Obstetrics & Gynecology,40
7,2024-03-26,Afternoon,6,23.316666666666666,4.166666666666667,2024-03-26,4,2,1.5,Obstetrics & Gynecology,40
7,2024-03-26,Morning,2,17.0,4.0,2024-03-26,5,2,0.4,Obstetrics & Gynecology,40
7,2024-03-26,Night,1,19.3,5.0,2024-03-26,3,1,0.3333333333333333,Obstetrics & Gynecology,40
7,2024-03-27,Afternoon,9,26.48888888888889,3.7777777777777777,2024-03-27,5,2,1.8,Obstetrics & Gynecology,40
7,2024-03-27,Morning,5,25.6,3.6,2024-03-27,5,2,1.0,Obstetrics & Gynecology,40
7,2024-03-28,Afternoon,6,20.983333333333334,3.6666666666666665,2024-03-28,5,1,1.2,Obstetrics & Gynecology,40
7,2024-03-28,Morning,3,22.0,3.3333333333333335,2024-03-28,6,2,0.5,Obstetrics & Gynecology,40
7,2024-03-29,Afternoon,4,25.625,4.25,2024-03-29,4,1,1.0,Obstetrics & Gynecology,40
7,2024-03-29,Morning,6,27.53333333333333,3.1666666666666665,2024-03-29,5,2,1.2,Obstetrics & Gynecology,40
7,2024-03-29,Night,2,20.15,4.0,2024-03-29,3,1,0.6666666666666666,Obstetrics & Gynecology,40
7,2024-03-30,Afternoon,5,26.160000000000004,3.4,2024-03-30,4,2,1.25,Obstetrics & Gynecology,40
7,2024-03-30,Morning,5,22.48,4.2,2024-03-30,5,2,1.0,Obstetrics & Gynecology,40
7,2024-03-30,Night,2,20.35,3.5,2024-03-30,4,1,0.5,Obstetrics & Gynecology,40
7,2024-03-31,Afternoon,2,24.0,4.5,2024-03-31,5,2,0.4,Obstetrics & Gynecology,40
7,2024-03-31,Morning,5,25.72,3.8,2024-03-31,5,2,1.0,Obstetrics & Gynecology,40
7,2024-03-31,Night,1,7.2,5.0,2024-03-31,3,2,0.3333333333333333,Obstetrics & Gynecology,40
7,2024-04-01,Afternoon,2,21.0,4.0,2024-04-01,5,2,0.4,Obstetrics & Gynecology,40
7,2024-04-01,Morning,3,16.900000000000002,3.6666666666666665,2024-04-01,4,2,0.75,Obstetrics & Gynecology,40
7,2024-04-01,Night,1,17.0,5.0,2024-04-01,4,2,0.25,Obstetrics & Gynecology,40
7,2024-04-02,Afternoon,6,23.46666666666667,4.333333333333333,2024-04-02,5,2,1.2,Obstetrics & Gynecology,40
7,2024-04-02,Morning,2,22.85,3.5,2024-04-02,4,2,0.5,Obstetrics & Gynecology,40
7,2024-04-02,Night,1,15.1,5.0,2024-04-02,4,2,0.25,Obstetrics & Gynecology,40
7,2024-04-03,Afternoon,8,28.125,3.75,2024-04-03,5,2,1.6,Obstetrics & Gynecology,40
7,2024-04-03,Morning,7,27.842857142857145,4.142857142857143,2024-04-03,5,2,1.4,Obstetrics & Gynecology,40
7,2024-04-03,Night,3,23.46666666666667,4.333333333333333,2024-04-03,4,1,0.75,Obstetrics & Gynecology,40
7,2024-04-04,Afternoon,3,15.799999999999999,3.6666666666666665,2024-04-04,5,2,0.6,Obstetrics & Gynecology,40
7,2024-04-04,Morning,5,26.639999999999997,3.4,2024-04-04,5,2,1.0,Obstetrics & Gynecology,40
7,2024-04-04,Night,1,16.3,4.0,2024-04-04,3,2,0.3333333333333333,Obstetrics & Gynecology,40
7,2024-04-05,Afternoon,5,22.04,4.2,2024-04-05,5,2,1.0,Obstetrics & Gynecology,40
7,2024-04-05,Morning,10,32.510000000000005,4.3,2024-04-05,5,2,2.0,Obstetrics & Gynecology,40
7,2024-04-05,Night,2,17.4,5.0,2024-04-05,2,1,1.0,Obstetrics & Gynecology,40
7,2024-04-06,Afternoon,3,19.533333333333335,4.0,2024-04-06,6,2,0.5,Obstetrics & Gynecology,40
7,2024-04-06,Morning,6,23.983333333333334,3.1666666666666665,2024-04-06,5,2,1.2,Obstetrics & Gynecology,40
7,2024-04-06,Night,3,19.5,4.0,2024-04-06,3,1,1.0,Obstetrics & Gynecology,40
7,2024-04-07,Afternoon,2,17.85,4.0,2024-04-07,6,2,0.3333333333333333,Obstetrics & Gynecology,40
7,2024-04-07,Morning,3,22.53333333333333,3.6666666666666665,2024-04-07,5,1,0.6,Obstetrics & Gynecology,40
7,2024-04-08,Afternoon,4,23.825,4.5,2024-04-08,5,1,0.8,Obstetrics & Gynecology,40
7,2024-04-08,Morning,5,25.380000000000003,4.4,2024-04-08,4,2,1.25,Obstetrics & Gynecology,40
7,2024-04-08,Night,2,18.3,4.0,2024-04-08,3,1,0.6666666666666666,Obstetrics & Gynecology,40
7,2024-04-09,Afternoon,2,17.45,4.5,2024-04-09,5,2,0.4,Obstetrics & Gynecology,40
7,2024-04-09,Morning,7,23.75714285714286,4.142857142857143,2024-04-09,6,2,1.1666666666666667,Obstetrics & Gynecology,40
7,2024-04-10,Afternoon,7,25.457142857142856,3.5714285714285716,2024-04-10,5,2,1.4,Obstetrics & Gynecology,40
7,2024-04-10,Morning,2,16.85,5.0,2024-04-10,5,2,0.4,Obstetrics & Gynecology,40
7,2024-04-10,Night,2,27.2,4.0,2024-04-10,3,2,0.6666666666666666,Obstetrics & Gynecology,40
7,2024-04-11,Afternoon,7,26.542857142857144,3.857142857142857,2024-04-11,5,1,1.4,Obstetrics & Gynecology,40
7,2024-04-11,Morning,6,21.383333333333336,4.0,2024-04-11,5,2,1.2,Obstetrics & Gynecology,40
7,2024-04-11,Night,1,8.4,4.0,2024-04-11,2,2,0.5,Obstetrics & Gynecology,40
7,2024-04-12,Afternoon,10,27.5,4.0,2024-04-12,5,1,2.0,Obstetrics & Gynecology,40
7,2024-04-12,Morning,9,25.422222222222224,4.0,2024-04-12,5,2,1.8,Obstetrics & Gynecology,40
7,2024-04-12,Night,3,17.333333333333332,3.6666666666666665,2024-04-12,4,1,0.75,Obstetrics & Gynecology,40
7,2024-04-13,Afternoon,5,18.64,3.8,2024-04-13,5,2,1.0,Obstetrics & Gynecology,40
7,2024-04-13,Morning,4,18.55,3.75,2024-04-13,5,2,0.8,Obstetrics & Gynecology,40
7,2024-04-14,Afternoon,5,21.080000000000002,3.2,2024-04-14,6,2,0.8333333333333334,Obstetrics & Gynecology,40
7,2024-04-14,Morning,7,26.314285714285713,3.5714285714285716,2024-04-14,4,2,1.75,Obstetrics & Gynecology,40
7,2024-04-14,Night,2,20.55,5.0,2024-04-14,3,1,0.6666666666666666,Obstetrics & Gynecology,40
7,2024-04-15,Afternoon,5,24.78,3.8,2024-04-15,4,2,1.25,Obstetrics & Gynecology,40
7,2024-04-15,Morning,6,26.46666666666667,4.0,2024-04-15,4,2,1.5,Obstetrics & Gynecology,40
7,2024-04-15,Night,3,24.666666666666668,4.0,2024-04-15,4,1,0.75,Obstetrics & Gynecology,40
7,2024-04-16,Afternoon,4,24.725,4.5,2024-04-16,6,2,0.6666666666666666,Obstetrics & Gynecology,40
7,2024-04-16,Morning,5,21.52,3.8,2024-04-16,5,2,1.0,Obstetrics & Gynecology,40
7,2024-04-16,Night,1,21.7,4.0,2024-04-16,3,1,0.3333333333333333,Obstetrics & Gynecology,40
7,2024-04-17,Afternoon,9,27.044444444444444,3.7777777777777777,2024-04-17,5,2,1.8,Obstetrics & Gynecology,40
7,2024-04-17,Morning,5,21.54,4.0,2024-04-17,5,2,1.0,Obstetrics & Gynecology,40
7,2024-04-18,Afternoon,5,20.880000000000003,3.8,2024-04-18,6,2,0.8333333333333334,Obstetrics & Gynecology,40
7,2024-04-18,Morning,2,10.100000000000001,4.5,2024-04-18,5,2,0.4,Obstetrics & Gynecology,40
7,2024-04-19,Afternoon,5,21.979999999999997,3.6,2024-04-19,5,1,1.0,Obstetrics & Gynecology,40
7,2024-04-19,Morning,5,16.919999999999998,3.6,2024-04-19,5,3,1.0,Obstetrics & Gynecology,40
7,2024-04-19,Night,1,19.7,4.0,2024-04-19,3,1,0.3333333333333333,Obstetrics & Gynecology,40
7,2024-04-20,Afternoon,10,32.4,4.0,2024-04-20,5,2,2.0,Obstetrics & Gynecology,40
7,2024-04-20,Morning,4,21.1,4.0,2024-04-20,5,3,0.8,Obstetrics & Gynecology,40
7,2024-04-20,Night,1,8.4,4.0,2024-04-20,4,1,0.25,Obstetrics & Gynecology,40
7,2024-04-21,Afternoon,4,18.725,4.0,2024-04-21,5,2,0.8,Obstetrics & Gynecology,40
7,2024-04-21,Morning,1,19.2,5.0,2024-04-21,5,2,0.2,Obstetrics & Gynecology,40
7,2024-04-22,Afternoon,6,21.883333333333336,3.1666666666666665,2024-04-22,5,2,1.2,Obstetrics & Gynecology,40
7,2024-04-22,Night,2,13.55,3.0,2024-04-22,4,1,0.5,Obstetrics & Gynecology,40
7,2024-04-23,Afternoon,4,22.625,4.5,2024-04-23,5,2,0.8,Obstetrics & Gynecology,40
7,2024-04-23,Morning,5,19.22,3.8,2024-04-23,5,1,1.0,Obstetrics & Gynecology,40
7,2024-04-24,Afternoon,5,24.64,3.6,2024-04-24,5,2,1.0,Obstetrics & Gynecology,40
7,2024-04-24,Morning,6,22.883333333333336,3.8333333333333335,2024-04-24,5,3,1.2,Obstetrics & Gynecology,40
7,2024-04-24,Night,1,11.3,5.0,2024-04-24,3,2,0.3333333333333333,Obstetrics & Gynecology,40
7,2024-04-25,Afternoon,5,22.4,4.0,2024-04-25,5,2,1.0,Obstetrics & Gynecology,40
7,2024-04-25,Morning,8,26.8125,3.75,2024-04-25,4,2,2.0,Obstetrics & Gynecology,40
7,2024-04-26,Afternoon,3,24.866666666666664,3.6666666666666665,2024-04-26,5,2,0.6,Obstetrics & Gynecology,40
7,2024-04-26,Morning,3,17.133333333333333,4.333333333333333,2024-04-26,4,2,0.75,Obstetrics & Gynecology,40
7,2024-04-27,Afternoon,6,24.366666666666664,4.166666666666667,2024-04-27,5,2,1.2,Obstetrics & Gynecology,40
7,2024-04-27,Morning,5,22.6,4.2,2024-04-27,6,2,0.8333333333333334,Obstetrics & Gynecology,40
7,2024-04-27,Night,1,14.5,4.0,2024-04-27,4,1,0.25,Obstetrics & Gynecology,40
7,2024-04-28,Afternoon,3,23.933333333333334,4.0,2024-04-28,6,2,0.5,Obstetrics & Gynecology,40
7,2024-04-28,Morning,2,21.6,4.0,2024-04-28,5,2,0.4,Obstetrics & Gynecology,40
7,2024-04-28,Night,1,25.1,4.0,2024-04-28,3,2,0.3333333333333333,Obstetrics & Gynecology,40
7,2024-04-29,Afternoon,4,18.725,3.75,2024-04-29,5,1,0.8,Obstetrics & Gynecology,40
7,2024-04-29,Morning,4,15.125,4.25,2024-04-29,5,2,0.8,Obstetrics & Gynecology,40
7,2024-04-30,Afternoon,4,18.85,4.5,2024-04-30,6,2,0.6666666666666666,Obstetrics & Gynecology,40
7,2024-04-30,Morning,3,20.266666666666666,3.6666666666666665,2024-04-30,5,2,0.6,Obstetrics & Gynecology,40
7,2024-04-30,Night,1,20.1,4.0,2024-04-30,3,1,0.3333333333333333,Obstetrics & Gynecology,40
7,2024-05-01,Afternoon,3,22.399999999999995,4.333333333333333,2024-05-01,4,2,0.75,Obstetrics & Gynecology,40
7,2024-05-01,Morning,14,33.66428571428572,3.642857142857143,2024-05-01,5,2,2.8,Obstetrics & Gynecology,40
7,2024-05-02,Afternoon,4,23.525,4.0,2024-05-02,5,2,0.8,Obstetrics & Gynecology,40
7,2024-05-02,Morning,7,25.62857142857143,4.0,2024-05-02,5,2,1.4,Obstetrics & Gynecology,40
7,2024-05-03,Afternoon,4,23.275,4.0,2024-05-03,4,2,1.0,Obstetrics & Gynecology,40
7,2024-05-03,Morning,3,20.133333333333333,4.0,2024-05-03,6,2,0.5,Obstetrics & Gynecology,40
7,2024-05-03,Night,1,14.2,5.0,2024-05-03,3,1,0.3333333333333333,Obstetrics & Gynecology,40
7,2024-05-04,Afternoon,3,28.666666666666668,4.0,2024-05-04,5,2,0.6,Obstetrics & Gynecology,40
7,2024-05-04,Morning,2,20.049999999999997,3.5,2024-05-04,5,2,0.4,Obstetrics & Gynecology,40
7,2024-05-05,Afternoon,6,25.900000000000002,3.8333333333333335,2024-05-05,5,2,1.2,Obstetrics & Gynecology,40
7,2024-05-05,Morning,5,22.46,4.2,2024-05-05,6,2,0.8333333333333334,Obstetrics & Gynecology,40
7,2024-05-05,Night,1,14.0,3.0,2024-05-05,4,1,0.25,Obstetrics & Gynecology,40
7,2024-05-06,Afternoon,3,20.333333333333332,4.333333333333333,2024-05-06,5,2,0.6,Obstetrics & Gynecology,40
7,2024-05-06,Morning,8,33.3,3.75,2024-05-06,4,2,2.0,Obstetrics & Gynecology,40
7,2024-05-06,Night,2,21.9,4.5,2024-05-06,4,1,0.5,Obstetrics & Gynecology,40
7,2024-05-07,Afternoon,4,20.3,3.75,2024-05-07,6,3,0.6666666666666666,Obstetrics & Gynecology,40
7,2024-05-07,Morning,5,20.64,4.4,2024-05-07,5,2,1.0,Obstetrics & Gynecology,40
7,2024-05-07,Night,1,19.6,4.0,2024-05-07,4,2,0.25,Obstetrics & Gynecology,40
7,2024-05-08,Afternoon,1,7.8,4.0,2024-05-08,4,1,0.25,Obstetrics & Gynecology,40
7,2024-05-08,Morning,5,19.580000000000002,4.0,2024-05-08,5,1,1.0,Obstetrics & Gynecology,40
7,2024-05-08,Night,1,11.9,4.0,2024-05-08,2,1,0.5,Obstetrics & Gynecology,40
7,2024-05-09,Afternoon,2,13.95,3.5,2024-05-09,4,2,0.5,Obstetrics & Gynecology,40
7,2024-05-09,Morning,5,23.44,3.4,2024-05-09,4,2,1.25,Obstetrics & Gynecology,40
7,2024-05-10,Afternoon,14,34.50714285714286,3.5,2024-05-10,5,2,2.8,Obstetrics & Gynecology,40
7,2024-05-10,Morning,2,15.05,4.0,2024-05-10,6,2,0.3333333333333333,Obstetrics & Gynecology,40
7,2024-05-10,Night,1,19.7,5.0,2024-05-10,4,2,0.25,Obstetrics & Gynecology,40
7,2024-05-11,Afternoon,4,21.35,3.75,2024-05-11,6,2,0.6666666666666666,Obstetrics & Gynecology,40
7,2024-05-11,Morning,1,15.2,4.0,2024-05-11,5,3,0.2,Obstetrics & Gynecology,40
7,2024-05-12,Afternoon,2,17.75,3.0,2024-05-12,6,1,0.3333333333333333,Obstetrics & Gynecology,40
7,2024-05-12,Morning,7,24.2,4.0,2024-05-12,5,3,1.4,Obstetrics & Gynecology,40
7,2024-05-13,Afternoon,2,18.9,3.5,2024-05-13,5,1,0.4,Obstetrics & Gynecology,40
7,2024-05-13,Morning,8,29.7375,3.625,2024-05-13,4,1,2.0,Obstetrics & Gynecology,40
7,2024-05-13,Night,1,11.3,4.0,2024-05-13,4,1,0.25,Obstetrics & Gynecology,40
7,2024-05-14,Afternoon,4,19.2,3.5,2024-05-14,5,2,0.8,Obstetrics & Gynecology,40
7,2024-05-14,Morning,9,31.21111111111111,3.6666666666666665,2024-05-14,5,2,1.8,Obstetrics & Gynecology,40
7,2024-05-14,Night,2,22.65,4.0,2024-05-14,3,1,0.6666666666666666,Obstetrics & Gynecology,40
7,2024-05-15,Afternoon,4,19.425,4.0,2024-05-15,6,1,0.6666666666666666,Obstetrics & Gynecology,40
7,2024-05-15,Morning,5,26.119999999999997,3.8,2024-05-15,5,2,1.0,Obstetrics & Gynecology,40
7,2024-05-15,Night,1,17.4,4.0,2024-05-15,4,1,0.25,Obstetrics & Gynecology,40
7,2024-05-16,Afternoon,6,28.133333333333336,3.8333333333333335,2024-05-16,4,1,1.5,Obstetrics & Gynecology,40
7,2024-05-16,Morning,3,19.566666666666666,3.6666666666666665,2024-05-16,5,2,0.6,Obstetrics & Gynecology,40
7,2024-05-16,Night,1,14.2,4.0,2024-05-16,3,1,0.3333333333333333,Obstetrics & Gynecology,40
7,2024-05-17,Afternoon,2,14.45,4.5,2024-05-17,5,2,0.4,Obstetrics & Gynecology,40
7,2024-05-17,Morning,4,20.7,4.0,2024-05-17,5,2,0.8,Obstetrics & Gynecology,40
7,2024-05-17,Night,1,15.9,4.0,2024-05-17,3,1,0.3333333333333333,Obstetrics & Gynecology,40
7,2024-05-18,Afternoon,4,20.7,4.25,2024-05-18,5,1,0.8,Obstetrics & Gynecology,40
7,2024-05-18,Morning,4,23.175,3.5,2024-05-18,5,2,0.8,Obstetrics & Gynecology,40
7,2024-05-19,Afternoon,5,22.1,3.8,2024-05-19,4,2,1.25,Obstetrics & Gynecology,40
7,2024-05-19,Morning,5,20.28,4.0,2024-05-19,5,1,1.0,Obstetrics & Gynecology,40
7,2024-05-20,Afternoon,3,21.766666666666666,4.333333333333333,2024-05-20,4,2,0.75,Obstetrics & Gynecology,40
7,2024-05-20,Morning,7,28.442857142857143,4.0,2024-05-20,4,3,1.75,Obstetrics & Gynecology,40
7,2024-05-21,Afternoon,6,24.416666666666668,3.3333333333333335,2024-05-21,5,1,1.2,Obstetrics & Gynecology,40
7,2024-05-21,Morning,4,25.0,3.75,2024-05-21,6,2,0.6666666666666666,Obstetrics & Gynecology,40
7,2024-05-21,Night,1,25.6,5.0,2024-05-21,3,1,0.3333333333333333,Obstetrics & Gynecology,40
7,2024-05-22,Afternoon,6,24.116666666666664,4.166666666666667,2024-05-22,6,2,1.0,Obstetrics & Gynecology,40
7,2024-05-22,Morning,3,15.133333333333333,4.333333333333333,2024-05-22,5,2,0.6,Obstetrics & Gynecology,40
7,2024-05-22,Night,2,15.05,3.5,2024-05-22,4,2,0.5,Obstetrics & Gynecology,40
7,2024-05-23,Afternoon,3,18.866666666666664,3.6666666666666665,2024-05-23,5,3,0.6,Obstetrics & Gynecology,40
7,2024-05-23,Morning,2,15.350000000000001,4.5,2024-05-23,5,1,0.4,Obstetrics & Gynecology,40
7,2024-05-23,Night,3,24.2,4.333333333333333,2024-05-23,3,1,1.0,Obstetrics & Gynecology,40
7,2024-05-24,Afternoon,2,16.95,4.5,2024-05-24,6,2,0.3333333333333333,Obstetrics & Gynecology,40
7,2024-05-24,Morning,6,23.583333333333332,3.6666666666666665,2024-05-24,5,2,1.2,Obstetrics & Gynecology,40
7,2024-05-25,Afternoon,1,16.8,4.0,2024-05-25,4,2,0.25,Obstetrics & Gynecology,40
7,2024-05-25,Morning,2,14.649999999999999,4.5,2024-05-25,6,3,0.3333333333333333,Obstetrics & Gynecology,40
7,2024-05-26,Afternoon,4,19.975,4.5,2024-05-26,6,2,0.6666666666666666,Obstetrics & Gynecology,40
7,2024-05-26,Morning,4,23.375,3.75,2024-05-26,5,2,0.8,Obstetrics & Gynecology,40
7,2024-05-26,Night,2,18.0,4.0,2024-05-26,3,2,0.6666666666666666,Obstetrics & Gynecology,40
7,2024-05-27,Afternoon,6,28.099999999999998,3.8333333333333335,2024-05-27,5,2,1.2,Obstetrics & Gynecology,40
7,2024-05-28,Afternoon,6,24.366666666666664,3.5,2024-05-28,4,2,1.5,Obstetrics & Gynecology,40
7,2024-05-28,Morning,8,28.9625,4.125,2024-05-28,5,2,1.6,Obstetrics & Gynecology,40
7,2024-05-28,Night,1,17.0,4.0,2024-05-28,4,1,0.25,Obstetrics & Gynecology,40
7,2024-05-29,Afternoon,5,27.479999999999997,4.2,2024-05-29,4,2,1.25,Obstetrics & Gynecology,40
7,2024-05-29,Morning,3,21.366666666666664,3.6666666666666665,2024-05-29,5,2,0.6,Obstetrics & Gynecology,40
7,2024-05-30,Afternoon,5,25.34,4.0,2024-05-30,5,1,1.0,Obstetrics & Gynecology,40
7,2024-05-30,Morning,4,21.775,4.0,2024-05-30,4,2,1.0,Obstetrics & Gynecology,40
7,2024-05-30,Night,1,22.3,3.0,2024-05-30,3,2,0.3333333333333333,Obstetrics & Gynecology,40
7,2024-05-31,Afternoon,7,25.957142857142856,4.0,2024-05-31,5,1,1.4,Obstetrics & Gynecology,40
7,2024-05-31,Morning,7,27.985714285714288,3.857142857142857,2024-05-31,5,2,1.4,Obstetrics & Gynecology,40
7,2024-05-31,Night,1,24.5,4.0,2024-05-31,4,2,0.25,Obstetrics & Gynecology,40
7,2024-06-01,Afternoon,4,21.225,3.75,2024-06-01,5,3,0.8,Obstetrics & Gynecology,40
7,2024-06-01,Morning,4,20.075,3.75,2024-06-01,6,1,0.6666666666666666,Obstetrics & Gynecology,40
7,2024-06-01,Night,1,10.9,5.0,2024-06-01,4,1,0.25,Obstetrics & Gynecology,40
7,2024-06-02,Afternoon,5,21.02,4.4,2024-06-02,6,2,0.8333333333333334,Obstetrics & Gynecology,40
7,2024-06-02,Morning,6,28.133333333333336,3.5,2024-06-02,5,2,1.2,Obstetrics & Gynecology,40
7,2024-06-02,Night,4,22.925,4.0,2024-06-02,4,1,1.0,Obstetrics & Gynecology,40
7,2024-06-03,Afternoon,7,25.24285714285714,3.7142857142857144,2024-06-03,5,2,1.4,Obstetrics & Gynecology,40
7,2024-06-03,Morning,4,22.475,4.25,2024-06-03,5,2,0.8,Obstetrics & Gynecology,40
7,2024-06-03,Night,1,13.8,3.0,2024-06-03,3,2,0.3333333333333333,Obstetrics & Gynecology,40
7,2024-06-04,Afternoon,8,23.8875,4.25,2024-06-04,6,2,1.3333333333333333,Obstetrics & Gynecology,40
7,2024-06-04,Morning,2,19.4,4.0,2024-06-04,5,2,0.4,Obstetrics & Gynecology,40
7,2024-06-04,Night,2,19.85,4.5,2024-06-04,3,1,0.6666666666666666,Obstetrics & Gynecology,40
7,2024-06-05,Afternoon,5,20.6,4.4,2024-06-05,5,2,1.0,Obstetrics & Gynecology,40
7,2024-06-05,Morning,8,31.3125,3.75,2024-06-05,4,2,2.0,Obstetrics & Gynecology,40
7,2024-06-05,Night,1,15.4,4.0,2024-06-05,3,1,0.3333333333333333,Obstetrics & Gynecology,40
7,2024-06-06,Afternoon,6,21.75,3.5,2024-06-06,6,2,1.0,Obstetrics & Gynecology,40
7,2024-06-06,Morning,5,24.04,4.2,2024-06-06,4,3,1.25,Obstetrics & Gynecology,40
7,2024-06-06,Night,1,18.4,4.0,2024-06-06,4,1,0.25,Obstetrics & Gynecology,40
7,2024-06-07,Afternoon,5,25.2,3.4,2024-06-07,4,1,1.25,Obstetrics & Gynecology,40
7,2024-06-07,Morning,5,21.259999999999998,4.2,2024-06-07,5,2,1.0,Obstetrics & Gynecology,40
7,2024-06-07,Night,1,20.0,4.0,2024-06-07,3,1,0.3333333333333333,Obstetrics & Gynecology,40
7,2024-06-08,Afternoon,1,16.0,4.0,2024-06-08,6,2,0.16666666666666666,Obstetrics & Gynecology,40
7,2024-06-08,Morning,2,14.75,4.0,2024-06-08,6,1,0.3333333333333333,Obstetrics & Gynecology,40
7,2024-06-08,Night,1,22.0,4.0,2024-06-08,4,1,0.25,Obstetrics & Gynecology,40
7,2024-06-09,Afternoon,6,26.816666666666666,4.0,2024-06-09,4,2,1.5,Obstetrics & Gynecology,40
7,2024-06-09,Morning,7,25.74285714285714,4.428571428571429,2024-06-09,6,2,1.1666666666666667,Obstetrics & Gynecology,40
7,2024-06-09,Night,1,12.3,4.0,2024-06-09,4,1,0.25,Obstetrics & Gynecology,40
7,2024-06-10,Afternoon,2,20.5,4.0,2024-06-10,6,3,0.3333333333333333,Obstetrics & Gynecology,40
7,2024-06-10,Morning,8,28.275,4.0,2024-06-10,4,2,2.0,Obstetrics & Gynecology,40
7,2024-06-10,Night,2,20.299999999999997,3.5,2024-06-10,3,2,0.6666666666666666,Obstetrics & Gynecology,40
7,2024-06-11,Afternoon,4,19.175,4.25,2024-06-11,5,2,0.8,Obstetrics & Gynecology,40
7,2024-06-11,Morning,7,25.5,4.285714285714286,2024-06-11,5,2,1.4,Obstetrics & Gynecology,40
7,2024-06-11,Night,2,16.15,4.0,2024-06-11,3,1,0.6666666666666666,Obstetrics & Gynecology,40
7,2024-06-12,Afternoon,4,24.35,4.25,2024-06-12,4,2,1.0,Obstetrics & Gynecology,40
7,2024-06-12,Morning,3,22.766666666666666,4.666666666666667,2024-06-12,5,2,0.6,Obstetrics & Gynecology,40
7,2024-06-13,Afternoon,2,17.15,3.5,2024-06-13,4,2,0.5,Obstetrics & Gynecology,40
7,2024-06-13,Morning,4,21.025,3.5,2024-06-13,6,2,0.6666666666666666,Obstetrics & Gynecology,40
7,2024-06-14,Afternoon,2,20.15,5.0,2024-06-14,5,1,0.4,Obstetrics & Gynecology,40
7,2024-06-14,Morning,6,22.53333333333333,4.166666666666667,2024-06-14,5,2,1.2,Obstetrics & Gynecology,40
7,2024-06-14,Night,1,11.1,4.0,2024-06-14,3,2,0.3333333333333333,Obstetrics & Gynecology,40
7,2024-06-15,Afternoon,4,22.8,4.25,2024-06-15,5,2,0.8,Obstetrics & Gynecology,40
7,2024-06-15,Morning,5,23.96,4.0,2024-06-15,6,2,0.8333333333333334,Obstetrics & Gynecology,40
7,2024-06-16,Afternoon,6,22.46666666666667,4.0,2024-06-16,5,2,1.2,Obstetrics & Gynecology,40
7,2024-06-16,Morning,4,21.725,4.0,2024-06-16,6,1,0.6666666666666666,Obstetrics & Gynecology,40
7,2024-06-17,Afternoon,4,24.0,4.5,2024-06-17,4,2,1.0,Obstetrics & Gynecology,40
7,2024-06-17,Morning,2,20.450000000000003,4.0,2024-06-17,4,2,0.5,Obstetrics & Gynecology,40
7,2024-06-18,Afternoon,6,24.266666666666666,3.6666666666666665,2024-06-18,5,3,1.2,Obstetrics & Gynecology,40
7,2024-06-18,Morning,6,28.150000000000002,4.0,2024-06-18,5,2,1.2,Obstetrics & Gynecology,40
7,2024-06-19,Afternoon,3,19.96666666666667,3.6666666666666665,2024-06-19,5,2,0.6,Obstetrics & Gynecology,40
7,2024-06-19,Morning,4,21.875,4.5,2024-06-19,5,2,0.8,Obstetrics & Gynecology,40
7,2024-06-19,Night,3,21.53333333333333,4.333333333333333,2024-06-19,3,1,1.0,Obstetrics & Gynecology,40
7,2024-06-20,Afternoon,9,28.766666666666666,3.5555555555555554,2024-06-20,5,2,1.8,Obstetrics & Gynecology,40
7,2024-06-20,Morning,6,25.566666666666666,3.5,2024-06-20,5,2,1.2,Obstetrics & Gynecology,40
7,2024-06-20,Night,1,15.1,4.0,2024-06-20,3,1,0.3333333333333333,Obstetrics & Gynecology,40
7,2024-06-21,Afternoon,3,20.566666666666666,4.0,2024-06-21,5,2,0.6,Obstetrics & Gynecology,40
7,2024-06-21,Morning,3,18.666666666666668,4.333333333333333,2024-06-21,5,2,0.6,Obstetrics & Gynecology,40
7,2024-06-22,Afternoon,6,21.833333333333332,3.6666666666666665,2024-06-22,5,2,1.2,Obstetrics & Gynecology,40
7,2024-06-22,Morning,5,22.06,3.8,2024-06-22,6,3,0.8333333333333334,Obstetrics & Gynecology,40
7,2024-06-22,Night,2,13.65,3.5,2024-06-22,3,1,0.6666666666666666,Obstetrics & Gynecology,40
7,2024-06-23,Afternoon,3,17.266666666666666,4.0,2024-06-23,5,2,0.6,Obstetrics & Gynecology,40
7,2024-06-23,Morning,2,18.15,5.0,2024-06-23,4,2,0.5,Obstetrics & Gynecology,40
7,2024-06-23,Night,2,12.100000000000001,3.0,2024-06-23,4,2,0.5,Obstetrics & Gynecology,40
7,2024-06-24,Afternoon,7,25.67142857142857,4.142857142857143,2024-06-24,5,3,1.4,Obstetrics & Gynecology,40
7,2024-06-24,Morning,5,26.5,3.8,2024-06-24,4,2,1.25,Obstetrics & Gynecology,40
7,2024-06-25,Afternoon,5,21.14,4.4,2024-06-25,6,2,0.8333333333333334,Obstetrics & Gynecology,40
7,2024-06-25,Morning,9,32.24444444444444,3.888888888888889,2024-06-25,4,2,2.25,Obstetrics & Gynecology,40
7,2024-06-25,Night,2,25.299999999999997,3.5,2024-06-25,2,1,1.0,Obstetrics & Gynecology,40
7,2024-06-26,Afternoon,2,14.95,3.5,2024-06-26,6,2,0.3333333333333333,Obstetrics & Gynecology,40
7,2024-06-26,Morning,7,22.32857142857143,4.142857142857143,2024-06-26,5,2,1.4,Obstetrics & Gynecology,40
7,2024-06-26,Night,3,26.733333333333334,3.3333333333333335,2024-06-26,2,2,1.5,Obstetrics & Gynecology,40
7,2024-06-27,Afternoon,4,20.625,4.5,2024-06-27,4,2,1.0,Obstetrics & Gynecology,40
7,2024-06-27,Morning,2,21.55,4.0,2024-06-27,4,1,0.5,Obstetrics & Gynecology,40
7,2024-06-28,Afternoon,3,23.5,4.0,2024-06-28,6,2,0.5,Obstetrics & Gynecology,40
7,2024-06-28,Morning,3,25.46666666666667,4.0,2024-06-28,5,2,0.6,Obstetrics & Gynecology,40
7,2024-06-28,Night,1,18.5,4.0,2024-06-28,3,1,0.3333333333333333,Obstetrics & Gynecology,40
7,2024-06-29,Afternoon,6,23.916666666666668,4.333333333333333,2024-06-29,6,2,1.0,Obstetrics & Gynecology,40
7,2024-06-29,Morning,6,27.7,3.5,2024-06-29,5,2,1.2,Obstetrics & Gynecology,40
7,2024-06-30,Afternoon,3,25.133333333333336,4.666666666666667,2024-06-30,5,2,0.6,Obstetrics & Gynecology,40
7,2024-06-30,Morning,2,21.65,4.5,2024-06-30,5,3,0.4,Obstetrics & Gynecology,40
7,2024-06-30,Night,1,17.3,4.0,2024-06-30,4,1,0.25,Obstetrics & Gynecology,40
7,2024-07-01,Afternoon,3,21.166666666666668,4.0,2024-07-01,5,2,0.6,Obstetrics & Gynecology,40
7,2024-07-01,Morning,2,22.45,5.0,2024-07-01,4,2,0.5,Obstetrics & Gynecology,40
7,2024-07-01,Night,2,15.5,4.5,2024-07-01,3,1,0.6666666666666666,Obstetrics & Gynecology,40
7,2024-07-02,Afternoon,6,23.933333333333334,3.8333333333333335,2024-07-02,5,3,1.2,Obstetrics & Gynecology,40
7,2024-07-02,Morning,2,24.1,3.5,2024-07-02,6,2,0.3333333333333333,Obstetrics & Gynecology,40
7,2024-07-02,Night,1,18.1,4.0,2024-07-02,3,1,0.3333333333333333,Obstetrics & Gynecology,40
7,2024-07-03,Afternoon,3,20.166666666666668,4.0,2024-07-03,5,2,0.6,Obstetrics & Gynecology,40
7,2024-07-03,Morning,8,25.7125,4.125,2024-07-03,5,2,1.6,Obstetrics & Gynecology,40
7,2024-07-03,Night,1,13.7,5.0,2024-07-03,4,1,0.25,Obstetrics & Gynecology,40
7,2024-07-04,Afternoon,2,17.6,5.0,2024-07-04,5,2,0.4,Obstetrics & Gynecology,40
7,2024-07-04,Morning,6,24.25,4.0,2024-07-04,5,1,1.2,Obstetrics & Gynecology,40
7,2024-07-05,Afternoon,2,20.75,4.5,2024-07-05,4,2,0.5,Obstetrics & Gynecology,40
7,2024-07-05,Morning,4,21.275,4.5,2024-07-05,6,1,0.6666666666666666,Obstetrics & Gynecology,40
7,2024-07-05,Night,1,16.1,3.0,2024-07-05,5,1,0.2,Obstetrics & Gynecology,40
7,2024-07-06,Afternoon,5,27.7,4.4,2024-07-06,5,2,1.0,Obstetrics & Gynecology,40
7,2024-07-06,Morning,7,24.685714285714287,3.857142857142857,2024-07-06,5,2,1.4,Obstetrics & Gynecology,40
7,2024-07-06,Night,1,20.0,5.0,2024-07-06,3,1,0.3333333333333333,Obstetrics & Gynecology,40
7,2024-07-07,Afternoon,4,18.65,4.25,2024-07-07,6,2,0.6666666666666666,Obstetrics & Gynecology,40
7,2024-07-07,Morning,4,18.6,4.0,2024-07-07,5,2,0.8,Obstetrics & Gynecology,40
7,2024-07-07,Night,1,17.2,4.0,2024-07-07,4,1,0.25,Obstetrics & Gynecology,40
7,2024-07-08,Afternoon,4,22.075,4.0,2024-07-08,5,2,0.8,Obstetrics & Gynecology,40
7,2024-07-08,Morning,5,20.54,4.0,2024-07-08,4,2,1.25,Obstetrics & Gynecology,40
7,2024-07-09,Afternoon,4,21.425,4.0,2024-07-09,5,3,0.8,Obstetrics & Gynecology,40
7,2024-07-09,Morning,3,21.366666666666664,3.6666666666666665,2024-07-09,5,2,0.6,Obstetrics & Gynecology,40
7,2024-07-10,Afternoon,8,25.6375,3.625,2024-07-10,6,2,1.3333333333333333,Obstetrics & Gynecology,40
7,2024-07-10,Morning,1,18.2,4.0,2024-07-10,4,2,0.25,Obstetrics & Gynecology,40
7,2024-07-10,Night,1,18.3,4.0,2024-07-10,3,2,0.3333333333333333,Obstetrics & Gynecology,40
7,2024-07-11,Afternoon,6,25.766666666666666,4.0,2024-07-11,6,2,1.0,Obstetrics & Gynecology,40
7,2024-07-11,Morning,3,19.599999999999998,3.6666666666666665,2024-07-11,5,2,0.6,Obstetrics & Gynecology,40
7,2024-07-12,Afternoon,4,16.950000000000003,4.25,2024-07-12,5,2,0.8,Obstetrics & Gynecology,40
7,2024-07-12,Morning,4,15.65,4.5,2024-07-12,7,2,0.5714285714285714,Obstetrics & Gynecology,40
7,2024-07-13,Afternoon,3,20.166666666666668,4.0,2024-07-13,5,2,0.6,Obstetrics & Gynecology,40
7,2024-07-13,Morning,5,23.82,3.2,2024-07-13,6,2,0.8333333333333334,Obstetrics & Gynecology,40
7,2024-07-13,Night,2,24.450000000000003,3.5,2024-07-13,3,2,0.6666666666666666,Obstetrics & Gynecology,40
7,2024-07-14,Afternoon,8,27.5,3.75,2024-07-14,5,2,1.6,Obstetrics & Gynecology,40
7,2024-07-14,Morning,1,21.4,4.0,2024-07-14,5,2,0.2,Obstetrics & Gynecology,40
7,2024-07-14,Night,1,23.0,4.0,2024-07-14,3,1,0.3333333333333333,Obstetrics & Gynecology,40
7,2024-07-15,Afternoon,4,21.3,3.75,2024-07-15,5,1,0.8,Obstetrics & Gynecology,40
7,2024-07-15,Morning,2,14.2,3.5,2024-07-15,5,2,0.4,Obstetrics & Gynecology,40
7,2024-07-16,Afternoon,2,17.95,4.5,2024-07-16,6,2,0.3333333333333333,Obstetrics & Gynecology,40
7,2024-07-16,Morning,6,27.71666666666667,4.166666666666667,2024-07-16,5,2,1.2,Obstetrics & Gynecology,40
7,2024-07-16,Night,1,20.4,4.0,2024-07-16,4,1,0.25,Obstetrics & Gynecology,40
7,2024-07-17,Afternoon,3,19.733333333333334,4.333333333333333,2024-07-17,5,2,0.6,Obstetrics & Gynecology,40
7,2024-07-17,Morning,2,16.4,4.5,2024-07-17,6,1,0.3333333333333333,Obstetrics & Gynecology,40
7,2024-07-17,Night,3,25.5,5.0,2024-07-17,3,2,1.0,Obstetrics & Gynecology,40
7,2024-07-18,Afternoon,8,29.15,4.125,2024-07-18,5,3,1.6,Obstetrics & Gynecology,40
7,2024-07-18,Morning,4,19.55,3.25,2024-07-18,6,2,0.6666666666666666,Obstetrics & Gynecology,40
7,2024-07-19,Afternoon,3,19.666666666666668,4.666666666666667,2024-07-19,6,1,0.5,Obstetrics & Gynecology,40
7,2024-07-19,Morning,6,22.349999999999998,3.3333333333333335,2024-07-19,5,2,1.2,Obstetrics & Gynecology,40
7,2024-07-20,Afternoon,3,22.066666666666666,5.0,2024-07-20,6,2,0.5,Obstetrics & Gynecology,40
7,2024-07-20,Morning,2,15.2,5.0,2024-07-20,6,2,0.3333333333333333,Obstetrics & Gynecology,40
7,2024-07-20,Night,2,16.9,4.5,2024-07-20,4,1,0.5,Obstetrics & Gynecology,40
7,2024-07-21,Afternoon,3,17.933333333333334,4.333333333333333,2024-07-21,5,2,0.6,Obstetrics & Gynecology,40
7,2024-07-21,Morning,5,29.120000000000005,4.0,2024-07-21,5,2,1.0,Obstetrics & Gynecology,40
7,2024-07-22,Afternoon,4,20.7,4.25,2024-07-22,4,2,1.0,Obstetrics & Gynecology,40
7,2024-07-22,Morning,3,25.03333333333333,4.333333333333333,2024-07-22,5,2,0.6,Obstetrics & Gynecology,40
7,2024-07-23,Afternoon,1,22.7,5.0,2024-07-23,6,1,0.16666666666666666,Obstetrics & Gynecology,40
7,2024-07-23,Morning,9,29.54444444444444,3.7777777777777777,2024-07-23,5,3,1.8,Obstetrics & Gynecology,40
7,2024-07-23,Night,2,19.5,3.5,2024-07-23,3,2,0.6666666666666666,Obstetrics & Gynecology,40
7,2024-07-24,Afternoon,5,20.6,3.8,2024-07-24,5,2,1.0,Obstetrics & Gynecology,40
7,2024-07-24,Morning,5,26.419999999999998,3.2,2024-07-24,6,2,0.8333333333333334,Obstetrics & Gynecology,40
7,2024-07-24,Night,1,21.4,5.0,2024-07-24,4,2,0.25,Obstetrics & Gynecology,40
7,2024-07-25,Afternoon,3,17.833333333333332,3.3333333333333335,2024-07-25,5,3,0.6,Obstetrics & Gynecology,40
7,2024-07-25,Morning,4,24.525,4.0,2024-07-25,5,2,0.8,Obstetrics & Gynecology,40
7,2024-07-26,Afternoon,7,25.385714285714283,3.7142857142857144,2024-07-26,6,3,1.1666666666666667,Obstetrics & Gynecology,40
7,2024-07-26,Morning,1,13.5,5.0,2024-07-26,5,2,0.2,Obstetrics & Gynecology,40
7,2024-07-26,Night,3,23.5,4.666666666666667,2024-07-26,3,1,1.0,Obstetrics & Gynecology,40
7,2024-07-27,Afternoon,4,20.3,3.5,2024-07-27,7,2,0.5714285714285714,Obstetrics & Gynecology,40
7,2024-07-27,Morning,3,16.433333333333334,4.333333333333333,2024-07-27,6,2,0.5,Obstetrics & Gynecology,40
7,2024-07-28,Afternoon,3,24.400000000000002,4.666666666666667,2024-07-28,5,3,0.6,Obstetrics & Gynecology,40
7,2024-07-28,Morning,3,21.400000000000002,4.333333333333333,2024-07-28,6,2,0.5,Obstetrics & Gynecology,40
7,2024-07-28,Night,1,21.0,4.0,2024-07-28,3,1,0.3333333333333333,Obstetrics & Gynecology,40
7,2024-07-29,Afternoon,6,26.233333333333334,3.6666666666666665,2024-07-29,4,2,1.5,Obstetrics & Gynecology,40
7,2024-07-29,Morning,1,18.6,3.0,2024-07-29,4,2,0.25,Obstetrics & Gynecology,40
7,2024-07-29,Night,1,13.3,4.0,2024-07-29,5,1,0.2,Obstetrics & Gynecology,40
7,2024-07-30,Afternoon,2,22.25,4.0,2024-07-30,6,2,0.3333333333333333,Obstetrics & Gynecology,40
7,2024-07-30,Morning,2,24.25,4.0,2024-07-30,4,2,0.5,Obstetrics & Gynecology,40
7,2024-07-30,Night,1,13.9,4.0,2024-07-30,3,1,0.3333333333333333,Obstetrics & Gynecology,40
7,2024-07-31,Afternoon,6,24.916666666666668,3.8333333333333335,2024-07-31,5,2,1.2,Obstetrics & Gynecology,40
7,2024-07-31,Morning,5,28.160000000000004,4.2,2024-07-31,4,2,1.25,Obstetrics & Gynecology,40
7,2024-07-31,Night,1,25.1,4.0,2024-07-31,3,1,0.3333333333333333,Obstetrics & Gynecology,40
7,2024-08-01,Afternoon,6,21.46666666666667,3.8333333333333335,2024-08-01,5,2,1.2,Obstetrics & Gynecology,40
7,2024-08-01,Morning,2,18.9,4.0,2024-08-01,5,2,0.4,Obstetrics & Gynecology,40
7,2024-08-02,Afternoon,5,23.56,3.4,2024-08-02,5,2,1.0,Obstetrics & Gynecology,40
7,2024-08-02,Morning,4,19.125,3.75,2024-08-02,5,2,0.8,Obstetrics & Gynecology,40
7,2024-08-02,Night,1,19.3,4.0,2024-08-02,4,1,0.25,Obstetrics & Gynecology,40
7,2024-08-03,Afternoon,2,16.4,3.5,2024-08-03,5,2,0.4,Obstetrics & Gynecology,40
7,2024-08-03,Morning,4,20.55,4.25,2024-08-03,5,2,0.8,Obstetrics & Gynecology,40
7,2024-08-04,Afternoon,4,18.825,4.5,2024-08-04,5,2,0.8,Obstetrics & Gynecology,40
7,2024-08-04,Morning,8,25.05,3.75,2024-08-04,6,2,1.3333333333333333,Obstetrics & Gynecology,40
7,2024-08-04,Night,2,20.5,3.5,2024-08-04,3,1,0.6666666666666666,Obstetrics & Gynecology,40
7,2024-08-05,Morning,5,25.919999999999998,3.8,2024-08-05,4,2,1.25,Obstetrics & Gynecology,40
7,2024-08-06,Afternoon,7,28.599999999999998,4.0,2024-08-06,4,2,1.75,Obstetrics & Gynecology,40
7,2024-08-06,Morning,2,19.65,3.5,2024-08-06,5,2,0.4,Obstetrics & Gynecology,40
7,2024-08-06,Night,2,21.25,5.0,2024-08-06,4,1,0.5,Obstetrics & Gynecology,40
7,2024-08-07,Afternoon,3,17.366666666666667,4.333333333333333,2024-08-07,5,2,0.6,Obstetrics & Gynecology,40
7,2024-08-07,Morning,4,26.275,4.25,2024-08-07,5,1,0.8,Obstetrics & Gynecology,40
7,2024-08-08,Afternoon,6,24.266666666666666,3.8333333333333335,2024-08-08,4,2,1.5,Obstetrics & Gynecology,40
7,2024-08-08,Morning,1,14.9,4.0,2024-08-08,5,2,0.2,Obstetrics & Gynecology,40
7,2024-08-08,Night,2,16.35,3.5,2024-08-08,4,1,0.5,Obstetrics & Gynecology,40
7,2024-08-09,Afternoon,3,25.099999999999998,3.6666666666666665,2024-08-09,4,2,0.75,Obstetrics & Gynecology,40
7,2024-08-09,Morning,3,25.46666666666667,4.333333333333333,2024-08-09,5,2,0.6,Obstetrics & Gynecology,40
7,2024-08-09,Night,1,29.5,4.0,2024-08-09,3,1,0.3333333333333333,Obstetrics & Gynecology,40
7,2024-08-10,Afternoon,5,20.72,3.6,2024-08-10,5,2,1.0,Obstetrics & Gynecology,40
7,2024-08-10,Morning,3,24.7,4.666666666666667,2024-08-10,5,2,0.6,Obstetrics & Gynecology,40
7,2024-08-10,Night,2,16.049999999999997,4.5,2024-08-10,4,1,0.5,Obstetrics & Gynecology,40
7,2024-08-11,Afternoon,2,21.7,4.0,2024-08-11,5,2,0.4,Obstetrics & Gynecology,40
7,2024-08-11,Morning,2,15.2,5.0,2024-08-11,5,1,0.4,Obstetrics & Gynecology,40
7,2024-08-12,Afternoon,3,19.166666666666668,3.6666666666666665,2024-08-12,6,2,0.5,Obstetrics & Gynecology,40
7,2024-08-12,Morning,2,22.4,3.0,2024-08-12,4,2,0.5,Obstetrics & Gynecology,40
7,2024-08-12,Night,2,14.799999999999999,3.5,2024-08-12,4,1,0.5,Obstetrics & Gynecology,40
7,2024-08-13,Afternoon,6,24.599999999999998,4.0,2024-08-13,6,2,1.0,Obstetrics & Gynecology,40
7,2024-08-13,Morning,2,16.75,5.0,2024-08-13,6,2,0.3333333333333333,Obstetrics & Gynecology,40
7,2024-08-13,Night,1,19.4,3.0,2024-08-13,3,1,0.3333333333333333,Obstetrics & Gynecology,40
7,2024-08-14,Afternoon,5,28.160000000000004,3.8,2024-08-14,4,2,1.25,Obstetrics & Gynecology,40
7,2024-08-14,Morning,4,23.675,4.0,2024-08-14,5,1,0.8,Obstetrics & Gynecology,40
7,2024-08-14,Night,1,12.9,4.0,2024-08-14,3,1,0.3333333333333333,Obstetrics & Gynecology,40
7,2024-08-15,Afternoon,4,25.325000000000003,4.0,2024-08-15,4,1,1.0,Obstetrics & Gynecology,40
7,2024-08-15,Morning,1,9.6,4.0,2024-08-15,6,2,0.16666666666666666,Obstetrics & Gynecology,40
7,2024-08-16,Afternoon,4,14.5,4.25,2024-08-16,6,2,0.6666666666666666,Obstetrics & Gynecology,40
7,2024-08-16,Morning,2,22.4,4.0,2024-08-16,4,2,0.5,Obstetrics & Gynecology,40
7,2024-08-16,Night,1,18.1,5.0,2024-08-16,3,1,0.3333333333333333,Obstetrics & Gynecology,40
7,2024-08-17,Afternoon,5,23.04,3.8,2024-08-17,5,3,1.0,Obstetrics & Gynecology,40
7,2024-08-17,Morning,2,16.9,4.5,2024-08-17,5,1,0.4,Obstetrics & Gynecology,40
7,2024-08-17,Night,1,23.2,3.0,2024-08-17,4,1,0.25,Obstetrics & Gynecology,40
7,2024-08-18,Afternoon,3,18.433333333333334,3.6666666666666665,2024-08-18,6,2,0.5,Obstetrics & Gynecology,40
7,2024-08-19,Afternoon,6,23.816666666666666,3.6666666666666665,2024-08-19,5,2,1.2,Obstetrics & Gynecology,40
7,2024-08-19,Morning,6,27.28333333333333,3.8333333333333335,2024-08-19,4,2,1.5,Obstetrics & Gynecology,40
7,2024-08-19,Night,1,6.6,4.0,2024-08-19,3,2,0.3333333333333333,Obstetrics & Gynecology,40
7,2024-08-20,Afternoon,3,20.966666666666665,4.666666666666667,2024-08-20,4,1,0.75,Obstetrics & Gynecology,40
7,2024-08-20,Morning,1,27.0,5.0,2024-08-20,5,2,0.2,Obstetrics & Gynecology,40
7,2024-08-21,Afternoon,9,35.12222222222223,3.4444444444444446,2024-08-21,4,2,2.25,Obstetrics & Gynecology,40
7,2024-08-21,Morning,2,11.55,4.0,2024-08-21,6,2,0.3333333333333333,Obstetrics & Gynecology,40
7,2024-08-22,Afternoon,1,17.6,4.0,2024-08-22,5,2,0.2,Obstetrics & Gynecology,40
7,2024-08-22,Morning,8,25.925,3.625,2024-08-22,6,2,1.3333333333333333,Obstetrics & Gynecology,40
7,2024-08-22,Night,1,18.5,2.0,2024-08-22,3,1,0.3333333333333333,Obstetrics & Gynecology,40
7,2024-08-23,Afternoon,6,23.316666666666666,3.5,2024-08-23,6,1,1.0,Obstetrics & Gynecology,40
7,2024-08-23,Morning,7,28.057142857142857,4.142857142857143,2024-08-23,4,2,1.75,Obstetrics & Gynecology,40
7,2024-08-23,Night,1,19.4,5.0,2024-08-23,2,1,0.5,Obstetrics & Gynecology,40
7,2024-08-24,Afternoon,4,17.225,3.75,2024-08-24,5,2,0.8,Obstetrics & Gynecology,40
7,2024-08-24,Morning,4,18.95,3.75,2024-08-24,6,2,0.6666666666666666,Obstetrics & Gynecology,40
7,2024-08-25,Afternoon,3,19.933333333333334,3.6666666666666665,2024-08-25,5,2,0.6,Obstetrics & Gynecology,40
7,2024-08-25,Morning,1,22.6,3.0,2024-08-25,5,2,0.2,Obstetrics & Gynecology,40
7,2024-08-26,Afternoon,7,23.82857142857143,3.7142857142857144,2024-08-26,5,2,1.4,Obstetrics & Gynecology,40
7,2024-08-26,Morning,7,24.1,3.7142857142857144,2024-08-26,5,2,1.4,Obstetrics & Gynecology,40
7,2024-08-26,Night,2,19.25,3.5,2024-08-26,3,1,0.6666666666666666,Obstetrics & Gynecology,40
7,2024-08-27,Afternoon,3,25.133333333333336,3.6666666666666665,2024-08-27,4,2,0.75,Obstetrics & Gynecology,40
7,2024-08-27,Morning,5,23.18,3.8,2024-08-27,5,2,1.0,Obstetrics & Gynecology,40
7,2024-08-27,Night,1,14.4,5.0,2024-08-27,2,1,0.5,Obstetrics & Gynecology,40
7,2024-08-28,Afternoon,7,26.971428571428568,4.142857142857143,2024-08-28,5,2,1.4,Obstetrics & Gynecology,40
7,2024-08-28,Morning,2,17.4,4.0,2024-08-28,5,3,0.4,Obstetrics & Gynecology,40
7,2024-08-28,Night,2,13.950000000000001,3.5,2024-08-28,3,1,0.6666666666666666,Obstetrics & Gynecology,40
7,2024-08-29,Afternoon,3,18.933333333333334,3.6666666666666665,2024-08-29,6,2,0.5,Obstetrics & Gynecology,40
7,2024-08-29,Morning,1,15.8,3.0,2024-08-29,6,2,0.16666666666666666,Obstetrics & Gynecology,40
7,2024-08-30,Afternoon,9,28.03333333333333,4.111111111111111,2024-08-30,5,3,1.8,Obstetrics & Gynecology,40
7,2024-08-30,Morning,5,24.2,3.8,2024-08-30,5,2,1.0,Obstetrics & Gynecology,40
7,2024-08-31,Afternoon,2,18.6,4.0,2024-08-31,6,3,0.3333333333333333,Obstetrics & Gynecology,40
7,2024-08-31,Morning,4,24.425,3.5,2024-08-31,5,2,0.8,Obstetrics & Gynecology,40
7,2024-08-31,Night,3,19.900000000000002,4.0,2024-08-31,4,1,0.75,Obstetrics & Gynecology,40
7,2024-09-01,Afternoon,4,21.275,3.75,2024-09-01,5,2,0.8,Obstetrics & Gynecology,40
7,2024-09-01,Night,1,20.5,4.0,2024-09-01,4,1,0.25,Obstetrics & Gynecology,40
7,2024-09-02,Afternoon,3,25.433333333333334,4.666666666666667,2024-09-02,4,2,0.75,Obstetrics & Gynecology,40
7,2024-09-02,Morning,3,21.599999999999998,4.666666666666667,2024-09-02,5,2,0.6,Obstetrics & Gynecology,40
7,2024-09-03,Afternoon,1,19.3,5.0,2024-09-03,5,2,0.2,Obstetrics & Gynecology,40
7,2024-09-03,Morning,4,25.575,4.5,2024-09-03,5,2,0.8,Obstetrics & Gynecology,40
7,2024-09-04,Afternoon,5,28.639999999999997,3.6,2024-09-04,4,2,1.25,Obstetrics & Gynecology,40
7,2024-09-04,Morning,6,23.016666666666666,3.3333333333333335,2024-09-04,5,2,1.2,Obstetrics & Gynecology,40
7,2024-09-04,Night,2,24.7,3.5,2024-09-04,3,1,0.6666666666666666,Obstetrics & Gynecology,40
7,2024-09-05,Afternoon,4,24.1,4.0,2024-09-05,5,2,0.8,Obstetrics & Gynecology,40
7,2024-09-05,Morning,7,27.728571428571428,3.857142857142857,2024-09-05,4,2,1.75,Obstetrics & Gynecology,40
7,2024-09-05,Night,1,14.9,4.0,2024-09-05,3,1,0.3333333333333333,Obstetrics & Gynecology,40
7,2024-09-06,Afternoon,9,31.122222222222224,3.7777777777777777,2024-09-06,4,2,2.25,Obstetrics & Gynecology,40
7,2024-09-06,Morning,2,19.0,3.0,2024-09-06,5,2,0.4,Obstetrics & Gynecology,40
7,2024-09-07,Afternoon,4,22.325,4.25,2024-09-07,6,2,0.6666666666666666,Obstetrics & Gynecology,40
7,2024-09-07,Morning,3,19.566666666666666,3.6666666666666665,2024-09-07,6,2,0.5,Obstetrics & Gynecology,40
7,2024-09-08,Afternoon,4,20.625,4.25,2024-09-08,4,2,1.0,Obstetrics & Gynecology,40
7,2024-09-08,Morning,2,16.7,3.5,2024-09-08,5,2,0.4,Obstetrics & Gynecology,40
7,2024-09-09,Afternoon,6,29.883333333333336,4.333333333333333,2024-09-09,5,2,1.2,Obstetrics & Gynecology,40
7,2024-09-09,Morning,4,20.575000000000003,3.75,2024-09-09,4,2,1.0,Obstetrics & Gynecology,40
7,2024-09-09,Night,1,12.7,4.0,2024-09-09,3,2,0.3333333333333333,Obstetrics & Gynecology,40
7,2024-09-10,Afternoon,2,17.05,4.5,2024-09-10,6,2,0.3333333333333333,Obstetrics & Gynecology,40
7,2024-09-10,Morning,5,23.36,3.4,2024-09-10,5,2,1.0,Obstetrics & Gynecology,40
7,2024-09-11,Afternoon,4,22.275,4.25,2024-09-11,5,2,0.8,Obstetrics & Gynecology,40
7,2024-09-11,Morning,4,19.425,4.25,2024-09-11,4,2,1.0,Obstetrics & Gynecology,40
7,2024-09-12,Afternoon,6,25.016666666666666,3.6666666666666665,2024-09-12,5,2,1.2,Obstetrics & Gynecology,40
7,2024-09-12,Morning,1,22.0,4.0,2024-09-12,6,2,0.16666666666666666,Obstetrics & Gynecology,40
7,2024-09-12,Night,2,22.799999999999997,3.0,2024-09-12,3,1,0.6666666666666666,Obstetrics & Gynecology,40
7,2024-09-13,Afternoon,5,25.14,4.0,2024-09-13,5,2,1.0,Obstetrics & Gynecology,40
7,2024-09-13,Morning,5,27.860000000000003,4.2,2024-09-13,5,2,1.0,Obstetrics & Gynecology,40
7,2024-09-13,Night,4,22.45,4.0,2024-09-13,4,1,1.0,Obstetrics & Gynecology,40
7,2024-09-14,Afternoon,4,20.450000000000003,4.0,2024-09-14,5,3,0.8,Obstetrics & Gynecology,40
7,2024-09-14,Morning,3,26.433333333333334,4.0,2024-09-14,4,2,0.75,Obstetrics & Gynecology,40
7,2024-09-14,Night,1,17.9,4.0,2024-09-14,4,2,0.25,Obstetrics & Gynecology,40
7,2024-09-15,Afternoon,5,25.919999999999998,3.6,2024-09-15,5,2,1.0,Obstetrics & Gynecology,40
7,2024-09-15,Morning,3,23.03333333333333,4.333333333333333,2024-09-15,5,3,0.6,Obstetrics & Gynecology,40
7,2024-09-15,Night,1,18.6,5.0,2024-09-15,3,1,0.3333333333333333,Obstetrics & Gynecology,40
7,2024-09-16,Afternoon,3,18.466666666666665,4.333333333333333,2024-09-16,5,3,0.6,Obstetrics & Gynecology,40
7,2024-09-16,Morning,5,25.96,4.0,2024-09-16,5,2,1.0,Obstetrics & Gynecology,40
7,2024-09-17,Afternoon,5,22.580000000000002,4.2,2024-09-17,4,1,1.25,Obstetrics & Gynecology,40
7,2024-09-17,Morning,4,15.399999999999999,4.25,2024-09-17,6,2,0.6666666666666666,Obstetrics & Gynecology,40
7,2024-09-18,Afternoon,3,26.766666666666666,4.0,2024-09-18,4,2,0.75,Obstetrics & Gynecology,40
7,2024-09-18,Morning,4,22.950000000000003,3.5,2024-09-18,4,2,1.0,Obstetrics & Gynecology,40
7,2024-09-18,Night,2,19.200000000000003,3.5,2024-09-18,3,1,0.6666666666666666,Obstetrics & Gynecology,40
7,2024-09-19,Afternoon,7,28.7,4.142857142857143,2024-09-19,4,2,1.75,Obstetrics & Gynecology,40
7,2024-09-19,Morning,4,18.0,4.5,2024-09-19,4,2,1.0,Obstetrics & Gynecology,40
7,2024-09-19,Night,1,24.0,5.0,2024-09-19,3,1,0.3333333333333333,Obstetrics & Gynecology,40
7,2024-09-20,Afternoon,7,26.885714285714283,3.4285714285714284,2024-09-20,5,2,1.4,Obstetrics & Gynecology,40
7,2024-09-20,Morning,7,25.571428571428573,4.142857142857143,2024-09-20,5,2,1.4,Obstetrics & Gynecology,40
7,2024-09-20,Night,1,12.6,4.0,2024-09-20,3,1,0.3333333333333333,Obstetrics & Gynecology,40
7,2024-09-21,Afternoon,3,16.433333333333334,4.0,2024-09-21,5,2,0.6,Obstetrics & Gynecology,40
7,2024-09-21,Morning,4,21.375,4.25,2024-09-21,5,2,0.8,Obstetrics & Gynecology,40
7,2024-09-21,Night,1,18.8,5.0,2024-09-21,4,2,0.25,Obstetrics & Gynecology,40
7,2024-09-22,Afternoon,2,17.45,4.5,2024-09-22,5,2,0.4,Obstetrics & Gynecology,40
7,2024-09-22,Morning,2,22.75,4.5,2024-09-22,5,3,0.4,Obstetrics & Gynecology,40
7,2024-09-23,Afternoon,4,18.525,3.25,2024-09-23,5,1,0.8,Obstetrics & Gynecology,40
7,2024-09-23,Morning,5,23.3,4.0,2024-09-23,5,2,1.0,Obstetrics & Gynecology,40
7,2024-09-23,Night,4,25.65,4.25,2024-09-23,4,1,1.0,Obstetrics & Gynecology,40
7,2024-09-24,Afternoon,1,15.9,3.0,2024-09-24,6,2,0.16666666666666666,Obstetrics & Gynecology,40
7,2024-09-24,Morning,11,33.74545454545454,3.4545454545454546,2024-09-24,5,2,2.2,Obstetrics & Gynecology,40
7,2024-09-24,Night,2,17.25,3.0,2024-09-24,3,2,0.6666666666666666,Obstetrics & Gynecology,40
7,2024-09-25,Afternoon,3,19.766666666666666,2.6666666666666665,2024-09-25,5,2,0.6,Obstetrics & Gynecology,40
7,2024-09-25,Morning,4,21.15,3.75,2024-09-25,6,2,0.6666666666666666,Obstetrics & Gynecology,40
7,2024-09-26,Afternoon,2,21.0,3.5,2024-09-26,5,2,0.4,Obstetrics & Gynecology,40
7,2024-09-26,Morning,4,24.0,4.75,2024-09-26,4,2,1.0,Obstetrics & Gynecology,40
7,2024-09-26,Night,1,9.2,4.0,2024-09-26,4,2,0.25,Obstetrics & Gynecology,40
7,2024-09-27,Afternoon,7,28.0,3.0,2024-09-27,4,2,1.75,Obstetrics & Gynecology,40
7,2024-09-27,Morning,6,21.150000000000002,4.5,2024-09-27,6,2,1.0,Obstetrics & Gynecology,40
7,2024-09-27,Night,3,24.96666666666667,4.0,2024-09-27,4,1,0.75,Obstetrics & Gynecology,40
7,2024-09-28,Afternoon,6,21.599999999999998,4.0,2024-09-28,5,2,1.2,Obstetrics & Gynecology,40
7,2024-09-28,Night,1,18.2,4.0,2024-09-28,4,2,0.25,Obstetrics & Gynecology,40
7,2024-09-29,Afternoon,1,20.6,4.0,2024-09-29,5,2,0.2,Obstetrics & Gynecology,40
7,2024-09-29,Morning,1,27.5,4.0,2024-09-29,4,2,0.25,Obstetrics & Gynecology,40
7,2024-09-29,Night,1,16.3,4.0,2024-09-29,3,1,0.3333333333333333,Obstetrics & Gynecology,40
7,2024-09-30,Afternoon,6,22.266666666666666,4.333333333333333,2024-09-30,6,2,1.0,Obstetrics & Gynecology,40
7,2024-09-30,Morning,6,23.683333333333334,3.6666666666666665,2024-09-30,4,2,1.5,Obstetrics & Gynecology,40
7,2024-09-30,Night,3,23.099999999999998,3.6666666666666665,2024-09-30,3,2,1.0,Obstetrics & Gynecology,40
7,2024-10-01,Afternoon,3,21.233333333333334,4.333333333333333,2024-10-01,6,2,0.5,Obstetrics & Gynecology,40
7,2024-10-01,Morning,3,17.766666666666666,4.0,2024-10-01,6,2,0.5,Obstetrics & Gynecology,40
7,2024-10-01,Night,2,17.2,4.5,2024-10-01,3,2,0.6666666666666666,Obstetrics & Gynecology,40
7,2024-10-02,Afternoon,5,21.240000000000002,3.6,2024-10-02,5,2,1.0,Obstetrics & Gynecology,40
7,2024-10-02,Morning,6,21.46666666666667,4.166666666666667,2024-10-02,6,2,1.0,Obstetrics & Gynecology,40
7,2024-10-02,Night,3,20.733333333333334,3.3333333333333335,2024-10-02,3,1,1.0,Obstetrics & Gynecology,40
7,2024-10-03,Afternoon,5,25.619999999999997,3.8,2024-10-03,4,2,1.25,Obstetrics & Gynecology,40
7,2024-10-03,Morning,4,19.225,3.75,2024-10-03,6,2,0.6666666666666666,Obstetrics & Gynecology,40
7,2024-10-03,Night,1,13.4,3.0,2024-10-03,4,2,0.25,Obstetrics & Gynecology,40
7,2024-10-04,Afternoon,6,23.833333333333332,4.0,2024-10-04,6,2,1.0,Obstetrics & Gynecology,40
7,2024-10-04,Morning,6,24.349999999999998,3.8333333333333335,2024-10-04,5,2,1.2,Obstetrics & Gynecology,40
7,2024-10-04,Night,4,24.5,4.0,2024-10-04,4,2,1.0,Obstetrics & Gynecology,40
7,2024-10-05,Afternoon,5,24.78,4.4,2024-10-05,5,2,1.0,Obstetrics & Gynecology,40
7,2024-10-05,Morning,3,18.03333333333333,3.6666666666666665,2024-10-05,6,1,0.5,Obstetrics & Gynecology,40
7,2024-10-05,Night,2,18.6,4.5,2024-10-05,3,1,0.6666666666666666,Obstetrics & Gynecology,40
7,2024-10-06,Afternoon,5,24.64,4.0,2024-10-06,5,2,1.0,Obstetrics & Gynecology,40
7,2024-10-06,Morning,3,17.7,4.333333333333333,2024-10-06,5,2,0.6,Obstetrics & Gynecology,40
7,2024-10-06,Night,1,16.9,5.0,2024-10-06,4,2,0.25,Obstetrics & Gynecology,40
7,2024-10-07,Afternoon,3,19.400000000000002,4.333333333333333,2024-10-07,4,2,0.75,Obstetrics & Gynecology,40
7,2024-10-07,Morning,6,24.666666666666668,4.0,2024-10-07,4,2,1.5,Obstetrics & Gynecology,40
7,2024-10-07,Night,2,22.5,5.0,2024-10-07,3,1,0.6666666666666666,Obstetrics & Gynecology,40
7,2024-10-08,Afternoon,2,18.85,5.0,2024-10-08,5,2,0.4,Obstetrics & Gynecology,40
7,2024-10-08,Morning,4,27.2,3.5,2024-10-08,4,2,1.0,Obstetrics & Gynecology,40
7,2024-10-08,Night,1,18.9,5.0,2024-10-08,3,1,0.3333333333333333,Obstetrics & Gynecology,40
7,2024-10-09,Afternoon,1,22.6,5.0,2024-10-09,5,2,0.2,Obstetrics & Gynecology,40
7,2024-10-09,Morning,5,24.580000000000002,4.0,2024-10-09,5,2,1.0,Obstetrics & Gynecology,40
7,2024-10-09,Night,1,17.9,5.0,2024-10-09,3,1,0.3333333333333333,Obstetrics & Gynecology,40
7,2024-10-10,Afternoon,3,20.7,4.0,2024-10-10,4,2,0.75,Obstetrics & Gynecology,40
7,2024-10-10,Morning,6,26.733333333333334,4.666666666666667,2024-10-10,4,1,1.5,Obstetrics & Gynecology,40
7,2024-10-10,Night,1,16.7,4.0,2024-10-10,3,2,0.3333333333333333,Obstetrics & Gynecology,40
7,2024-10-11,Afternoon,5,25.8,3.6,2024-10-11,4,2,1.25,Obstetrics & Gynecology,40
7,2024-10-11,Morning,3,21.066666666666666,4.333333333333333,2024-10-11,5,2,0.6,Obstetrics & Gynecology,40
7,2024-10-11,Night,2,20.299999999999997,4.5,2024-10-11,3,2,0.6666666666666666,Obstetrics & Gynecology,40
7,2024-10-12,Afternoon,5,25.06,4.0,2024-10-12,5,2,1.0,Obstetrics & Gynecology,40
7,2024-10-12,Morning,3,22.333333333333332,4.333333333333333,2024-10-12,5,2,0.6,Obstetrics & Gynecology,40
7,2024-10-12,Night,1,25.7,4.0,2024-10-12,3,2,0.3333333333333333,Obstetrics & Gynecology,40
7,2024-10-13,Morning,1,13.6,5.0,2024-10-13,5,1,0.2,Obstetrics & Gynecology,40
7,2024-10-13,Night,4,25.625,3.0,2024-10-13,3,1,1.3333333333333333,Obstetrics & Gynecology,40
7,2024-10-14,Afternoon,6,27.266666666666666,3.8333333333333335,2024-10-14,4,3,1.5,Obstetrics & Gynecology,40
7,2024-10-14,Morning,3,15.166666666666666,4.0,2024-10-14,5,2,0.6,Obstetrics & Gynecology,40
7,2024-10-14,Night,3,24.833333333333332,3.6666666666666665,2024-10-14,3,1,1.0,Obstetrics & Gynecology,40
7,2024-10-15,Afternoon,7,24.157142857142855,4.428571428571429,2024-10-15,6,1,1.1666666666666667,Obstetrics & Gynecology,40
7,2024-10-15,Morning,4,23.1,3.75,2024-10-15,4,2,1.0,Obstetrics & Gynecology,40
7,2024-10-16,Afternoon,2,16.35,4.0,2024-10-16,5,2,0.4,Obstetrics & Gynecology,40
7,2024-10-16,Morning,3,22.03333333333333,4.333333333333333,2024-10-16,4,2,0.75,Obstetrics & Gynecology,40
7,2024-10-16,Night,2,20.8,4.0,2024-10-16,3,2,0.6666666666666666,Obstetrics & Gynecology,40
7,2024-10-17,Afternoon,7,20.785714285714285,3.5714285714285716,2024-10-17,5,2,1.4,Obstetrics & Gynecology,40
7,2024-10-17,Morning,9,31.61111111111111,3.888888888888889,2024-10-17,5,1,1.8,Obstetrics & Gynecology,40
7,2024-10-18,Morning,3,18.533333333333335,4.0,2024-10-18,5,2,0.6,Obstetrics & Gynecology,40
7,2024-10-18,Night,2,21.05,4.5,2024-10-18,3,1,0.6666666666666666,Obstetrics & Gynecology,40
7,2024-10-19,Afternoon,4,25.299999999999997,4.25,2024-10-19,5,3,0.8,Obstetrics & Gynecology,40
7,2024-10-19,Morning,4,22.975,3.75,2024-10-19,5,2,0.8,Obstetrics & Gynecology,40
7,2024-10-19,Night,1,20.7,3.0,2024-10-19,3,2,0.3333333333333333,Obstetrics & Gynecology,40
7,2024-10-20,Afternoon,4,22.4,4.0,2024-10-20,5,2,0.8,Obstetrics & Gynecology,40
7,2024-10-20,Morning,2,19.7,4.0,2024-10-20,5,2,0.4,Obstetrics & Gynecology,40
7,2024-10-20,Night,1,8.2,5.0,2024-10-20,3,2,0.3333333333333333,Obstetrics & Gynecology,40
7,2024-10-21,Afternoon,4,20.275,4.5,2024-10-21,6,2,0.6666666666666666,Obstetrics & Gynecology,40
7,2024-10-21,Morning,4,23.725,3.75,2024-10-21,3,2,1.3333333333333333,Obstetrics & Gynecology,40
7,2024-10-21,Night,2,19.85,5.0,2024-10-21,3,1,0.6666666666666666,Obstetrics & Gynecology,40
7,2024-10-22,Afternoon,3,23.3,3.6666666666666665,2024-10-22,5,2,0.6,Obstetrics & Gynecology,40
7,2024-10-22,Morning,6,25.983333333333334,4.166666666666667,2024-10-22,4,2,1.5,Obstetrics & Gynecology,40
7,2024-10-22,Night,1,16.5,3.0,2024-10-22,4,1,0.25,Obstetrics & Gynecology,40
7,2024-10-23,Afternoon,5,23.0,4.2,2024-10-23,5,2,1.0,Obstetrics & Gynecology,40
7,2024-10-23,Morning,5,20.98,4.0,2024-10-23,5,2,1.0,Obstetrics & Gynecology,40
7,2024-10-23,Night,1,19.5,4.0,2024-10-23,3,1,0.3333333333333333,Obstetrics & Gynecology,40
7,2024-10-24,Afternoon,3,24.566666666666666,4.333333333333333,2024-10-24,5,2,0.6,Obstetrics & Gynecology,40
7,2024-10-24,Morning,3,21.0,4.333333333333333,2024-10-24,5,2,0.6,Obstetrics & Gynecology,40
7,2024-10-24,Night,2,22.3,4.5,2024-10-24,3,2,0.6666666666666666,Obstetrics & Gynecology,40
7,2024-10-25,Afternoon,5,21.86,4.2,2024-10-25,5,1,1.0,Obstetrics & Gynecology,40
7,2024-10-25,Morning,3,25.96666666666667,3.6666666666666665,2024-10-25,5,2,0.6,Obstetrics & Gynecology,40
7,2024-10-25,Night,1,26.9,5.0,2024-10-25,3,1,0.3333333333333333,Obstetrics & Gynecology,40
7,2024-10-26,Afternoon,2,18.7,3.5,2024-10-26,4,3,0.5,Obstetrics & Gynecology,40
7,2024-10-26,Morning,3,19.0,4.333333333333333,2024-10-26,5,2,0.6,Obstetrics & Gynecology,40
7,2024-10-26,Night,2,19.3,5.0,2024-10-26,4,1,0.5,Obstetrics & Gynecology,40
7,2024-10-27,Afternoon,3,25.46666666666667,3.6666666666666665,2024-10-27,4,2,0.75,Obstetrics & Gynecology,40
7,2024-10-28,Afternoon,2,11.2,4.0,2024-10-28,5,2,0.4,Obstetrics & Gynecology,40
7,2024-10-28,Night,2,25.549999999999997,4.5,2024-10-28,3,1,0.6666666666666666,Obstetrics & Gynecology,40
7,2024-10-29,Afternoon,4,23.6,4.0,2024-10-29,5,2,0.8,Obstetrics & Gynecology,40
7,2024-10-29,Morning,2,19.7,3.5,2024-10-29,6,2,0.3333333333333333,Obstetrics & Gynecology,40
7,2024-10-29,Night,1,6.4,5.0,2024-10-29,3,1,0.3333333333333333,Obstetrics & Gynecology,40
7,2024-10-30,Afternoon,5,26.419999999999998,4.0,2024-10-30,5,2,1.0,Obstetrics & Gynecology,40
7,2024-10-30,Morning,6,18.45,3.8333333333333335,2024-10-30,5,2,1.2,Obstetrics & Gynecology,40
7,2024-10-30,Night,2,22.0,4.5,2024-10-30,3,2,0.6666666666666666,Obstetrics & Gynecology,40
7,2024-10-31,Afternoon,2,18.9,4.0,2024-10-31,4,2,0.5,Obstetrics & Gynecology,40
7,2024-10-31,Morning,3,17.066666666666666,4.0,2024-10-31,6,2,0.5,Obstetrics & Gynecology,40
7,2024-10-31,Night,1,13.8,4.0,2024-10-31,4,1,0.25,Obstetrics & Gynecology,40
7,2024-11-01,Afternoon,8,34.199999999999996,3.75,2024-11-01,3,2,2.6666666666666665,Obstetrics & Gynecology,40
7,2024-11-01,Morning,6,24.583333333333332,3.3333333333333335,2024-11-01,3,3,2.0,Obstetrics & Gynecology,40
7,2024-11-01,Night,1,21.3,5.0,2024-11-01,3,1,0.3333333333333333,Obstetrics & Gynecology,40
7,2024-11-02,Afternoon,3,22.266666666666666,3.6666666666666665,2024-11-02,6,2,0.5,Obstetrics & Gynecology,40
7,2024-11-02,Morning,1,12.7,4.0,2024-11-02,6,2,0.16666666666666666,Obstetrics & Gynecology,40
7,2024-11-02,Night,1,17.3,4.0,2024-11-02,3,1,0.3333333333333333,Obstetrics & Gynecology,40
7,2024-11-03,Afternoon,5,23.34,3.8,2024-11-03,5,2,1.0,Obstetrics & Gynecology,40
7,2024-11-03,Morning,1,23.8,4.0,2024-11-03,6,2,0.16666666666666666,Obstetrics & Gynecology,40
7,2024-11-04,Afternoon,6,27.416666666666668,4.0,2024-11-04,4,2,1.5,Obstetrics & Gynecology,40
7,2024-11-04,Morning,4,26.925,3.75,2024-11-04,4,2,1.0,Obstetrics & Gynecology,40
7,2024-11-04,Night,1,14.2,3.0,2024-11-04,3,1,0.3333333333333333,Obstetrics & Gynecology,40
7,2024-11-05,Afternoon,5,24.419999999999998,3.8,2024-11-05,5,2,1.0,Obstetrics & Gynecology,40
7,2024-11-05,Morning,5,22.44,4.4,2024-11-05,5,2,1.0,Obstetrics & Gynecology,40
7,2024-11-06,Afternoon,5,20.919999999999998,4.0,2024-11-06,5,2,1.0,Obstetrics & Gynecology,40
7,2024-11-06,Morning,8,25.0625,3.25,2024-11-06,5,2,1.6,Obstetrics & Gynecology,40
7,2024-11-06,Night,2,21.35,4.0,2024-11-06,3,1,0.6666666666666666,Obstetrics & Gynecology,40
7,2024-11-07,Afternoon,5,22.8,4.0,2024-11-07,6,2,0.8333333333333334,Obstetrics & Gynecology,40
7,2024-11-07,Morning,3,17.766666666666666,4.0,2024-11-07,5,2,0.6,Obstetrics & Gynecology,40
7,2024-11-07,Night,1,22.4,4.0,2024-11-07,4,1,0.25,Obstetrics & Gynecology,40
7,2024-11-08,Afternoon,3,17.133333333333336,3.6666666666666665,2024-11-08,5,3,0.6,Obstetrics & Gynecology,40
7,2024-11-08,Morning,7,22.24285714285714,4.142857142857143,2024-11-08,5,2,1.4,Obstetrics & Gynecology,40
7,2024-11-09,Morning,4,21.2,4.5,2024-11-09,5,2,0.8,Obstetrics & Gynecology,40
7,2024-11-09,Night,3,21.8,3.6666666666666665,2024-11-09,3,1,1.0,Obstetrics & Gynecology,40
7,2024-11-10,Afternoon,4,20.275,3.75,2024-11-10,7,2,0.5714285714285714,Obstetrics & Gynecology,40
7,2024-11-10,Morning,3,20.400000000000002,4.0,2024-11-10,5,2,0.6,Obstetrics & Gynecology,40
7,2024-11-11,Afternoon,6,22.53333333333333,3.6666666666666665,2024-11-11,5,2,1.2,Obstetrics & Gynecology,40
7,2024-11-11,Morning,2,24.8,4.0,2024-11-11,2,2,1.0,Obstetrics & Gynecology,40
7,2024-11-12,Afternoon,7,25.785714285714285,3.857142857142857,2024-11-12,6,2,1.1666666666666667,Obstetrics & Gynecology,40
7,2024-11-12,Morning,5,22.96,4.2,2024-11-12,5,3,1.0,Obstetrics & Gynecology,40
7,2024-11-12,Night,1,24.7,5.0,2024-11-12,3,1,0.3333333333333333,Obstetrics & Gynecology,40
7,2024-11-13,Afternoon,6,27.599999999999998,3.8333333333333335,2024-11-13,4,2,1.5,Obstetrics & Gynecology,40
7,2024-11-13,Morning,5,21.72,4.0,2024-11-13,5,2,1.0,Obstetrics & Gynecology,40
7,2024-11-13,Night,3,21.566666666666666,4.333333333333333,2024-11-13,4,2,0.75,Obstetrics & Gynecology,40
7,2024-11-14,Afternoon,3,23.3,3.0,2024-11-14,5,2,0.6,Obstetrics & Gynecology,40
7,2024-11-14,Morning,2,13.899999999999999,4.5,2024-11-14,5,2,0.4,Obstetrics & Gynecology,40
7,2024-11-14,Night,1,15.2,3.0,2024-11-14,3,1,0.3333333333333333,Obstetrics & Gynecology,40
7,2024-11-15,Morning,3,17.033333333333335,4.0,2024-11-15,5,2,0.6,Obstetrics & Gynecology,40
7,2024-11-15,Night,1,16.2,5.0,2024-11-15,4,1,0.25,Obstetrics & Gynecology,40
7,2024-11-16,Afternoon,3,21.03333333333333,4.333333333333333,2024-11-16,6,2,0.5,Obstetrics & Gynecology,40
7,2024-11-16,Morning,4,19.825,4.0,2024-11-16,5,3,0.8,Obstetrics & Gynecology,40
7,2024-11-17,Afternoon,7,25.17142857142857,3.5714285714285716,2024-11-17,6,2,1.1666666666666667,Obstetrics & Gynecology,40
7,2024-11-17,Morning,1,16.2,2.0,2024-11-17,5,2,0.2,Obstetrics & Gynecology,40
7,2024-11-18,Afternoon,11,32.70909090909091,3.272727272727273,2024-11-18,5,2,2.2,Obstetrics & Gynecology,40
7,2024-11-18,Morning,6,26.233333333333334,4.166666666666667,2024-11-18,4,1,1.5,Obstetrics & Gynecology,40
7,2024-11-18,Night,1,22.5,4.0,2024-11-18,4,1,0.25,Obstetrics & Gynecology,40
7,2024-11-19,Afternoon,6,24.55,4.333333333333333,2024-11-19,5,2,1.2,Obstetrics & Gynecology,40
7,2024-11-19,Morning,8,28.025,4.125,2024-11-19,5,1,1.6,Obstetrics & Gynecology,40
7,2024-11-20,Afternoon,10,33.8,3.3,2024-11-20,4,2,2.5,Obstetrics & Gynecology,40
7,2024-11-20,Night,1,18.4,4.0,2024-11-20,3,1,0.3333333333333333,Obstetrics & Gynecology,40
7,2024-11-21,Afternoon,4,19.425,3.25,2024-11-21,5,2,0.8,Obstetrics & Gynecology,40
7,2024-11-21,Morning,5,24.14,3.6,2024-11-21,5,2,1.0,Obstetrics & Gynecology,40
7,2024-11-21,Night,3,23.96666666666667,4.0,2024-11-21,4,1,0.75,Obstetrics & Gynecology,40
7,2024-11-22,Afternoon,5,22.759999999999998,3.8,2024-11-22,4,2,1.25,Obstetrics & Gynecology,40
7,2024-11-22,Morning,6,23.766666666666666,3.8333333333333335,2024-11-22,5,1,1.2,Obstetrics & Gynecology,40
7,2024-11-22,Night,3,23.866666666666664,4.666666666666667,2024-11-22,3,1,1.0,Obstetrics & Gynecology,40
7,2024-11-23,Afternoon,1,9.7,4.0,2024-11-23,6,3,0.16666666666666666,Obstetrics & Gynecology,40
7,2024-11-23,Morning,2,21.4,3.5,2024-11-23,6,1,0.3333333333333333,Obstetrics & Gynecology,40
7,2024-11-23,Night,1,23.2,5.0,2024-11-23,3,1,0.3333333333333333,Obstetrics & Gynecology,40
7,2024-11-24,Morning,2,23.9,4.5,2024-11-24,5,2,0.4,Obstetrics & Gynecology,40
7,2024-11-24,Night,1,17.5,4.0,2024-11-24,3,2,0.3333333333333333,Obstetrics & Gynecology,40
7,2024-11-25,Afternoon,3,16.633333333333333,4.333333333333333,2024-11-25,6,3,0.5,Obstetrics & Gynecology,40
7,2024-11-25,Morning,3,16.3,4.333333333333333,2024-11-25,4,2,0.75,Obstetrics & Gynecology,40
7,2024-11-25,Night,1,21.8,4.0,2024-11-25,4,1,0.25,Obstetrics & Gynecology,40
7,2024-11-26,Afternoon,8,30.625,3.75,2024-11-26,4,2,2.0,Obstetrics & Gynecology,40
7,2024-11-26,Morning,4,24.65,3.5,2024-11-26,5,2,0.8,Obstetrics & Gynecology,40
7,2024-11-26,Night,1,16.6,5.0,2024-11-26,2,1,0.5,Obstetrics & Gynecology,40
7,2024-11-27,Afternoon,2,26.400000000000002,4.5,2024-11-27,6,2,0.3333333333333333,Obstetrics & Gynecology,40
7,2024-11-27,Morning,3,20.8,5.0,2024-11-27,5,2,0.6,Obstetrics & Gynecology,40
7,2024-11-28,Afternoon,11,28.663636363636364,3.727272727272727,2024-11-28,6,2,1.8333333333333333,Obstetrics & Gynecology,40
7,2024-11-28,Morning,5,22.7,4.0,2024-11-28,6,2,0.8333333333333334,Obstetrics & Gynecology,40
7,2024-11-28,Night,1,15.6,5.0,2024-11-28,3,2,0.3333333333333333,Obstetrics & Gynecology,40
7,2024-11-29,Afternoon,7,26.714285714285715,4.142857142857143,2024-11-29,5,2,1.4,Obstetrics & Gynecology,40
7,2024-11-29,Night,1,26.4,4.0,2024-11-29,2,1,0.5,Obstetrics & Gynecology,40
7,2024-11-30,Afternoon,4,17.4,4.0,2024-11-30,5,2,0.8,Obstetrics & Gynecology,40
7,2024-11-30,Morning,8,25.1125,3.625,2024-11-30,5,2,1.6,Obstetrics & Gynecology,40
7,2024-11-30,Night,2,20.549999999999997,3.5,2024-11-30,3,1,0.6666666666666666,Obstetrics & Gynecology,40
7,2024-12-01,Afternoon,7,26.285714285714285,3.857142857142857,2024-12-01,5,2,1.4,Obstetrics & Gynecology,40
7,2024-12-01,Morning,3,23.599999999999998,4.0,2024-12-01,4,2,0.75,Obstetrics & Gynecology,40
7,2024-12-01,Night,2,17.25,3.0,2024-12-01,3,1,0.6666666666666666,Obstetrics & Gynecology,40
7,2024-12-02,Afternoon,6,23.133333333333336,4.0,2024-12-02,5,2,1.2,Obstetrics & Gynecology,40
7,2024-12-02,Morning,3,21.099999999999998,3.6666666666666665,2024-12-02,3,2,1.0,Obstetrics & Gynecology,40
7,2024-12-02,Night,1,21.6,5.0,2024-12-02,4,1,0.25,Obstetrics & Gynecology,40
7,2024-12-03,Afternoon,4,25.5,3.5,2024-12-03,5,3,0.8,Obstetrics & Gynecology,40
7,2024-12-03,Morning,6,26.916666666666668,3.6666666666666665,2024-12-03,5,2,1.2,Obstetrics & Gynecology,40
7,2024-12-03,Night,2,23.85,4.0,2024-12-03,3,2,0.6666666666666666,Obstetrics & Gynecology,40
7,2024-12-04,Afternoon,7,28.571428571428573,4.142857142857143,2024-12-04,4,2,1.75,Obstetrics & Gynecology,40
7,2024-12-04,Morning,4,21.275,4.25,2024-12-04,6,2,0.6666666666666666,Obstetrics & Gynecology,40
7,2024-12-04,Night,1,15.5,3.0,2024-12-04,4,1,0.25,Obstetrics & Gynecology,40
7,2024-12-05,Afternoon,4,24.125,4.0,2024-12-05,6,2,0.6666666666666666,Obstetrics & Gynecology,40
7,2024-12-05,Morning,3,16.96666666666667,4.666666666666667,2024-12-05,5,3,0.6,Obstetrics & Gynecology,40
7,2024-12-06,Afternoon,5,25.860000000000003,3.6,2024-12-06,5,1,1.0,Obstetrics & Gynecology,40
7,2024-12-06,Morning,7,33.114285714285714,4.0,2024-12-06,4,2,1.75,Obstetrics & Gynecology,40
7,2024-12-06,Night,3,15.0,3.6666666666666665,2024-12-06,3,1,1.0,Obstetrics & Gynecology,40
7,2024-12-07,Afternoon,7,29.25714285714286,4.0,2024-12-07,5,2,1.4,Obstetrics & Gynecology,40
7,2024-12-07,Morning,1,17.7,3.0,2024-12-07,6,2,0.16666666666666666,Obstetrics & Gynecology,40
7,2024-12-07,Night,1,27.1,4.0,2024-12-07,3,1,0.3333333333333333,Obstetrics & Gynecology,40
7,2024-12-08,Afternoon,5,22.4,3.8,2024-12-08,5,2,1.0,Obstetrics & Gynecology,40
7,2024-12-08,Morning,6,25.55,3.5,2024-12-08,6,2,1.0,Obstetrics & Gynecology,40
7,2024-12-09,Afternoon,2,21.5,4.0,2024-12-09,5,2,0.4,Obstetrics & Gynecology,40
7,2024-12-09,Morning,6,27.400000000000002,4.0,2024-12-09,4,3,1.5,Obstetrics & Gynecology,40
7,2024-12-10,Afternoon,7,29.62857142857143,4.0,2024-12-10,5,3,1.4,Obstetrics & Gynecology,40
7,2024-12-10,Morning,8,25.6875,3.75,2024-12-10,7,2,1.1428571428571428,Obstetrics & Gynecology,40
7,2024-12-10,Night,2,25.65,3.5,2024-12-10,3,1,0.6666666666666666,Obstetrics & Gynecology,40
7,2024-12-11,Afternoon,5,23.740000000000002,4.0,2024-12-11,4,2,1.25,Obstetrics & Gynecology,40
7,2024-12-11,Morning,3,23.96666666666667,4.0,2024-12-11,5,2,0.6,Obstetrics & Gynecology,40
7,2024-12-12,Afternoon,9,28.966666666666665,3.888888888888889,2024-12-12,5,2,1.8,Obstetrics & Gynecology,40
7,2024-12-12,Morning,4,21.25,3.5,2024-12-12,5,2,0.8,Obstetrics & Gynecology,40
7,2024-12-13,Afternoon,3,20.366666666666667,4.666666666666667,2024-12-13,4,2,0.75,Obstetrics & Gynecology,40
7,2024-12-13,Morning,4,23.225,3.75,2024-12-13,4,2,1.0,Obstetrics & Gynecology,40
7,2024-12-13,Night,1,23.6,4.0,2024-12-13,2,1,0.5,Obstetrics & Gynecology,40
7,2024-12-14,Afternoon,4,22.4,3.75,2024-12-14,7,2,0.5714285714285714,Obstetrics & Gynecology,40
7,2024-12-14,Night,2,24.1,3.0,2024-12-14,3,1,0.6666666666666666,Obstetrics & Gynecology,40
7,2024-12-15,Afternoon,1,15.9,4.0,2024-12-15,5,2,0.2,Obstetrics & Gynecology,40
7,2024-12-16,Afternoon,1,17.8,4.0,2024-12-16,6,3,0.16666666666666666,Obstetrics & Gynecology,40
7,2024-12-16,Morning,8,39.525,3.5,2024-12-16,3,2,2.6666666666666665,Obstetrics & Gynecology,40
7,2024-12-16,Night,3,21.933333333333334,4.666666666666667,2024-12-16,3,1,1.0,Obstetrics & Gynecology,40
7,2024-12-17,Afternoon,5,21.98,4.2,2024-12-17,6,2,0.8333333333333334,Obstetrics & Gynecology,40
7,2024-12-17,Morning,5,22.619999999999997,4.6,2024-12-17,5,3,1.0,Obstetrics & Gynecology,40
7,2024-12-17,Night,3,19.3,3.6666666666666665,2024-12-17,3,1,1.0,Obstetrics & Gynecology,40
7,2024-12-18,Afternoon,5,21.18,4.0,2024-12-18,5,1,1.0,Obstetrics & Gynecology,40
7,2024-12-18,Morning,7,26.485714285714288,4.142857142857143,2024-12-18,5,2,1.4,Obstetrics & Gynecology,40
7,2024-12-18,Night,6,39.56666666666666,4.0,2024-12-18,2,1,3.0,Obstetrics & Gynecology,40
7,2024-12-19,Afternoon,3,18.833333333333332,4.333333333333333,2024-12-19,5,2,0.6,Obstetrics & Gynecology,40
7,2024-12-19,Morning,4,23.5,3.75,2024-12-19,5,1,0.8,Obstetrics & Gynecology,40
7,2024-12-19,Night,2,23.9,4.0,2024-12-19,3,1,0.6666666666666666,Obstetrics & Gynecology,40
7,2024-12-20,Afternoon,6,23.083333333333332,3.8333333333333335,2024-12-20,6,2,1.0,Obstetrics & Gynecology,40
7,2024-12-20,Morning,5,22.080000000000002,3.6,2024-12-20,4,2,1.25,Obstetrics & Gynecology,40
7,2024-12-21,Afternoon,4,17.075,4.0,2024-12-21,6,2,0.6666666666666666,Obstetrics & Gynecology,40
7,2024-12-21,Morning,5,22.72,4.0,2024-12-21,5,2,1.0,Obstetrics & Gynecology,40
7,2024-12-21,Night,1,22.1,4.0,2024-12-21,4,1,0.25,Obstetrics & Gynecology,40
7,2024-12-22,Afternoon,4,24.625,4.25,2024-12-22,6,2,0.6666666666666666,Obstetrics & Gynecology,40
7,2024-12-22,Morning,1,13.0,3.0,2024-12-22,7,3,0.14285714285714285,Obstetrics & Gynecology,40
7,2024-12-23,Afternoon,2,26.25,3.5,2024-12-23,5,2,0.4,Obstetrics & Gynecology,40
7,2024-12-23,Morning,3,21.2,4.666666666666667,2024-12-23,3,2,1.0,Obstetrics & Gynecology,40
7,2024-12-24,Afternoon,7,28.12857142857143,3.857142857142857,2024-12-24,5,2,1.4,Obstetrics & Gynecology,40
7,2024-12-24,Morning,5,22.580000000000002,4.0,2024-12-24,5,1,1.0,Obstetrics & Gynecology,40
7,2024-12-25,Afternoon,11,30.61818181818182,3.727272727272727,2024-12-25,6,2,1.8333333333333333,Obstetrics & Gynecology,40
7,2024-12-25,Morning,6,26.03333333333333,3.6666666666666665,2024-12-25,5,1,1.2,Obstetrics & Gynecology,40
7,2024-12-26,Afternoon,5,19.56,4.2,2024-12-26,6,2,0.8333333333333334,Obstetrics & Gynecology,40
7,2024-12-26,Morning,7,24.099999999999998,4.142857142857143,2024-12-26,5,2,1.4,Obstetrics & Gynecology,40
7,2024-12-27,Afternoon,4,22.375,4.25,2024-12-27,6,2,0.6666666666666666,Obstetrics & Gynecology,40
7,2024-12-27,Morning,2,16.4,4.5,2024-12-27,5,2,0.4,Obstetrics & Gynecology,40
7,2024-12-27,Night,1,26.5,4.0,2024-12-27,3,1,0.3333333333333333,Obstetrics & Gynecology,40
7,2024-12-28,Afternoon,5,27.74,3.6,2024-12-28,4,2,1.25,Obstetrics & Gynecology,40
7,2024-12-28,Morning,4,22.8,4.5,2024-12-28,5,1,0.8,Obstetrics & Gynecology,40
7,2024-12-28,Night,1,13.9,4.0,2024-12-28,3,1,0.3333333333333333,Obstetrics & Gynecology,40
7,2024-12-29,Afternoon,6,19.633333333333333,4.0,2024-12-29,6,2,1.0,Obstetrics & Gynecology,40
7,2024-12-29,Morning,3,21.0,5.0,2024-12-29,6,2,0.5,Obstetrics & Gynecology,40
7,2024-12-30,Afternoon,8,25.7875,3.875,2024-12-30,6,2,1.3333333333333333,Obstetrics & Gynecology,40
7,2024-12-30,Morning,4,26.175,4.25,2024-12-30,4,2,1.0,Obstetrics & Gynecology,40
7,2024-12-30,Night,1,17.1,5.0,2024-12-30,2,2,0.5,Obstetrics & Gynecology,40
7,2024-12-31,Afternoon,4,18.825,4.0,2024-12-31,5,2,0.8,Obstetrics & Gynecology,40
7,2024-12-31,Morning,7,27.17142857142857,3.7142857142857144,2024-12-31,5,2,1.4,Obstetrics & Gynecology,40
7,2024-12-31,Night,2,20.549999999999997,4.0,2024-12-31,3,1,0.6666666666666666,Obstetrics & Gynecology,40
8,2024-01-01,Afternoon,4,28.475,3.5,2024-01-01,5,1,0.8,Neurology,50
8,2024-01-01,Morning,2,20.049999999999997,4.0,2024-01-01,4,2,0.5,Neurology,50
8,2024-01-02,Afternoon,3,28.53333333333333,4.333333333333333,2024-01-02,4,2,0.75,Neurology,50
8,2024-01-02,Morning,2,26.2,3.5,2024-01-02,3,2,0.6666666666666666,Neurology,50
8,2024-01-02,Night,2,27.35,3.5,2024-01-02,3,2,0.6666666666666666,Neurology,50
8,2024-01-03,Afternoon,2,24.6,5.0,2024-01-03,5,2,0.4,Neurology,50
8,2024-01-03,Morning,4,30.700000000000003,4.0,2024-01-03,4,2,1.0,Neurology,50
8,2024-01-04,Afternoon,6,27.516666666666666,4.0,2024-01-04,5,2,1.2,Neurology,50
8,2024-01-04,Morning,6,26.333333333333332,4.166666666666667,2024-01-04,5,3,1.2,Neurology,50
8,2024-01-04,Night,1,14.9,4.0,2024-01-04,2,1,0.5,Neurology,50
8,2024-01-05,Afternoon,4,20.1,3.5,2024-01-05,5,2,0.8,Neurology,50
8,2024-01-05,Morning,6,31.566666666666663,3.6666666666666665,2024-01-05,4,2,1.5,Neurology,50
8,2024-01-05,Night,2,24.6,3.0,2024-01-05,3,1,0.6666666666666666,Neurology,50
8,2024-01-06,Morning,3,25.900000000000002,4.0,2024-01-06,5,2,0.6,Neurology,50
8,2024-01-06,Night,1,17.7,4.0,2024-01-06,3,1,0.3333333333333333,Neurology,50
8,2024-01-07,Afternoon,2,28.549999999999997,4.0,2024-01-07,3,2,0.6666666666666666,Neurology,50
8,2024-01-07,Morning,4,25.7,3.75,2024-01-07,4,2,1.0,Neurology,50
8,2024-01-07,Night,1,27.4,4.0,2024-01-07,2,1,0.5,Neurology,50
8,2024-01-08,Afternoon,7,33.18571428571429,3.7142857142857144,2024-01-08,4,2,1.75,Neurology,50
8,2024-01-08,Morning,2,25.200000000000003,4.0,2024-01-08,4,2,0.5,Neurology,50
8,2024-01-08,Night,1,18.2,4.0,2024-01-08,3,1,0.3333333333333333,Neurology,50
8,2024-01-09,Afternoon,5,30.0,4.0,2024-01-09,4,3,1.25,Neurology,50
8,2024-01-09,Morning,6,30.016666666666666,3.8333333333333335,2024-01-09,4,2,1.5,Neurology,50
8,2024-01-09,Night,3,27.766666666666666,4.0,2024-01-09,3,1,1.0,Neurology,50
8,2024-01-10,Afternoon,6,28.483333333333334,4.0,2024-01-10,5,2,1.2,Neurology,50
8,2024-01-10,Morning,4,23.0,4.5,2024-01-10,5,2,0.8,Neurology,50
8,2024-01-10,Night,2,28.5,4.0,2024-01-10,3,1,0.6666666666666666,Neurology,50
8,2024-01-11,Afternoon,3,21.933333333333334,3.6666666666666665,2024-01-11,4,2,0.75,Neurology,50
8,2024-01-11,Morning,5,24.52,4.4,2024-01-11,4,1,1.25,Neurology,50
8,2024-01-12,Afternoon,5,28.6,3.6,2024-01-12,4,2,1.25,Neurology,50
8,2024-01-12,Morning,3,23.099999999999998,4.333333333333333,2024-01-12,4,2,0.75,Neurology,50
8,2024-01-12,Night,1,18.9,4.0,2024-01-12,3,1,0.3333333333333333,Neurology,50
8,2024-01-13,Afternoon,4,27.075,3.75,2024-01-13,6,2,0.6666666666666666,Neurology,50
8,2024-01-13,Morning,3,28.833333333333332,4.333333333333333,2024-01-13,4,2,0.75,Neurology,50
8,2024-01-13,Night,2,22.049999999999997,4.0,2024-01-13,2,1,1.0,Neurology,50
8,2024-01-14,Afternoon,3,31.133333333333336,4.333333333333333,2024-01-14,4,2,0.75,Neurology,50
8,2024-01-14,Morning,3,24.433333333333334,3.0,2024-01-14,5,2,0.6,Neurology,50
8,2024-01-15,Afternoon,4,24.175,3.75,2024-01-15,4,2,1.0,Neurology,50
8,2024-01-15,Morning,5,28.1,3.8,2024-01-15,5,1,1.0,Neurology,50
8,2024-01-16,Afternoon,4,28.925,3.75,2024-01-16,3,2,1.3333333333333333,Neurology,50
8,2024-01-16,Morning,3,24.099999999999998,4.0,2024-01-16,4,1,0.75,Neurology,50
8,2024-01-16,Night,3,30.73333333333333,3.0,2024-01-16,2,1,1.5,Neurology,50
8,2024-01-17,Afternoon,6,29.45,3.8333333333333335,2024-01-17,4,2,1.5,Neurology,50
8,2024-01-17,Morning,2,20.950000000000003,4.0,2024-01-17,4,2,0.5,Neurology,50
8,2024-01-17,Night,1,22.5,4.0,2024-01-17,3,1,0.3333333333333333,Neurology,50
8,2024-01-18,Morning,2,19.1,4.0,2024-01-18,4,2,0.5,Neurology,50
8,2024-01-18,Night,2,30.05,4.5,2024-01-18,3,1,0.6666666666666666,Neurology,50
8,2024-01-19,Afternoon,6,28.916666666666668,3.6666666666666665,2024-01-19,5,2,1.2,Neurology,50
8,2024-01-19,Morning,2,24.15,5.0,2024-01-19,4,2,0.5,Neurology,50
8,2024-01-19,Night,1,19.9,4.0,2024-01-19,3,1,0.3333333333333333,Neurology,50
8,2024-01-20,Afternoon,6,29.883333333333336,3.6666666666666665,2024-01-20,4,2,1.5,Neurology,50
8,2024-01-20,Morning,4,26.05,3.75,2024-01-20,4,3,1.0,Neurology,50
8,2024-01-21,Afternoon,6,26.0,3.5,2024-01-21,5,2,1.2,Neurology,50
8,2024-01-21,Morning,2,23.7,4.0,2024-01-21,4,2,0.5,Neurology,50
8,2024-01-21,Night,1,23.0,4.0,2024-01-21,3,2,0.3333333333333333,Neurology,50
8,2024-01-22,Afternoon,3,26.03333333333333,4.0,2024-01-22,4,2,0.75,Neurology,50
8,2024-01-22,Night,1,23.9,2.0,2024-01-22,3,1,0.3333333333333333,Neurology,50
8,2024-01-23,Afternoon,3,29.53333333333333,4.0,2024-01-23,3,2,1.0,Neurology,50
8,2024-01-23,Morning,7,27.957142857142856,3.857142857142857,2024-01-23,5,2,1.4,Neurology,50
8,2024-01-23,Night,1,20.1,4.0,2024-01-23,3,1,0.3333333333333333,Neurology,50
8,2024-01-24,Afternoon,2,22.5,4.5,2024-01-24,4,2,0.5,Neurology,50
8,2024-01-24,Morning,3,26.333333333333332,4.333333333333333,2024-01-24,3,2,1.0,Neurology,50
8,2024-01-25,Afternoon,7,31.642857142857142,4.571428571428571,2024-01-25,5,1,1.4,Neurology,50
8,2024-01-25,Morning,1,25.5,4.0,2024-01-25,4,3,0.25,Neurology,50
8,2024-01-25,Night,1,21.7,4.0,2024-01-25,2,1,0.5,Neurology,50
8,2024-01-26,Afternoon,6,29.61666666666667,4.166666666666667,2024-01-26,4,2,1.5,Neurology,50
8,2024-01-26,Morning,4,30.225,3.75,2024-01-26,4,2,1.0,Neurology,50
8,2024-01-27,Afternoon,3,20.266666666666666,4.0,2024-01-27,4,2,0.75,Neurology,50
8,2024-01-27,Morning,2,24.799999999999997,4.0,2024-01-27,4,1,0.5,Neurology,50
8,2024-01-28,Afternoon,3,23.333333333333332,4.0,2024-01-28,3,2,1.0,Neurology,50
8,2024-01-28,Morning,2,35.35,4.0,2024-01-28,3,2,0.6666666666666666,Neurology,50
8,2024-01-28,Night,1,30.1,3.0,2024-01-28,2,1,0.5,Neurology,50
8,2024-01-29,Afternoon,9,35.48888888888889,3.888888888888889,2024-01-29,4,3,2.25,Neurology,50
8,2024-01-29,Morning,4,33.475,3.75,2024-01-29,3,2,1.3333333333333333,Neurology,50
8,2024-01-29,Night,1,28.3,4.0,2024-01-29,2,1,0.5,Neurology,50
8,2024-01-30,Afternoon,6,33.300000000000004,4.0,2024-01-30,3,2,2.0,Neurology,50
8,2024-01-30,Morning,6,31.45,4.166666666666667,2024-01-30,4,3,1.5,Neurology,50
8,2024-01-30,Night,1,18.5,4.0,2024-01-30,3,2,0.3333333333333333,Neurology,50
8,2024-01-31,Afternoon,3,23.2,3.3333333333333335,2024-01-31,4,3,0.75,Neurology,50
8,2024-01-31,Morning,6,33.0,3.8333333333333335,2024-01-31,5,2,1.2,Neurology,50
8,2024-01-31,Night,2,29.7,4.0,2024-01-31,3,2,0.6666666666666666,Neurology,50
8,2024-02-01,Afternoon,7,33.142857142857146,4.0,2024-02-01,4,2,1.75,Neurology,50
8,2024-02-01,Morning,4,23.325,3.75,2024-02-01,4,2,1.0,Neurology,50
8,2024-02-01,Night,2,25.6,4.5,2024-02-01,2,1,1.0,Neurology,50
8,2024-02-02,Afternoon,4,27.5,3.75,2024-02-02,4,2,1.0,Neurology,50
8,2024-02-02,Morning,5,33.8,3.8,2024-02-02,3,2,1.6666666666666667,Neurology,50
8,2024-02-03,Afternoon,2,28.7,4.0,2024-02-03,4,2,0.5,Neurology,50
8,2024-02-03,Morning,3,26.8,3.0,2024-02-03,4,2,0.75,Neurology,50
8,2024-02-04,Afternoon,3,21.666666666666668,4.0,2024-02-04,4,2,0.75,Neurology,50
8,2024-02-04,Morning,6,29.766666666666666,3.8333333333333335,2024-02-04,4,1,1.5,Neurology,50
8,2024-02-04,Night,2,28.75,5.0,2024-02-04,3,2,0.6666666666666666,Neurology,50
8,2024-02-05,Afternoon,6,34.1,3.5,2024-02-05,3,2,2.0,Neurology,50
8,2024-02-05,Morning,2,31.450000000000003,4.5,2024-02-05,3,2,0.6666666666666666,Neurology,50
8,2024-02-06,Afternoon,7,30.185714285714287,3.857142857142857,2024-02-06,4,2,1.75,Neurology,50
8,2024-02-06,Morning,6,33.71666666666667,4.0,2024-02-06,3,2,2.0,Neurology,50
8,2024-02-06,Night,2,27.0,5.0,2024-02-06,3,1,0.6666666666666666,Neurology,50
8,2024-02-07,Afternoon,4,23.675,4.0,2024-02-07,5,2,0.8,Neurology,50
8,2024-02-07,Morning,5,28.3,3.6,2024-02-07,4,3,1.25,Neurology,50
8,2024-02-08,Afternoon,6,28.900000000000002,3.8333333333333335,2024-02-08,4,3,1.5,Neurology,50
8,2024-02-08,Morning,6,31.5,3.6666666666666665,2024-02-08,4,2,1.5,Neurology,50
8,2024-02-08,Night,1,23.8,5.0,2024-02-08,3,1,0.3333333333333333,Neurology,50
8,2024-02-09,Afternoon,2,21.1,4.5,2024-02-09,3,1,0.6666666666666666,Neurology,50
8,2024-02-09,Morning,4,32.7,4.0,2024-02-09,4,3,1.0,Neurology,50
8,2024-02-09,Night,1,21.0,4.0,2024-02-09,2,2,0.5,Neurology,50
8,2024-02-10,Afternoon,6,32.550000000000004,3.6666666666666665,2024-02-10,4,2,1.5,Neurology,50
8,2024-02-10,Morning,5,33.760000000000005,4.0,2024-02-10,4,2,1.25,Neurology,50
8,2024-02-11,Afternoon,4,27.325000000000003,4.0,2024-02-11,4,2,1.0,Neurology,50
8,2024-02-11,Morning,5,30.68,3.6,2024-02-11,4,2,1.25,Neurology,50
8,2024-02-11,Night,1,17.3,4.0,2024-02-11,2,1,0.5,Neurology,50
8,2024-02-12,Afternoon,3,26.666666666666668,4.0,2024-02-12,4,2,0.75,Neurology,50
8,2024-02-12,Morning,8,37.2125,3.625,2024-02-12,4,2,2.0,Neurology,50
8,2024-02-12,Night,2,29.25,3.0,2024-02-12,3,1,0.6666666666666666,Neurology,50
8,2024-02-13,Afternoon,5,27.5,4.6,2024-02-13,4,3,1.25,Neurology,50
8,2024-02-13,Morning,2,23.6,4.0,2024-02-13,4,2,0.5,Neurology,50
8,2024-02-14,Afternoon,6,30.183333333333334,3.5,2024-02-14,4,2,1.5,Neurology,50
8,2024-02-14,Morning,6,32.63333333333333,4.0,2024-02-14,5,2,1.2,Neurology,50
8,2024-02-15,Afternoon,5,28.080000000000002,4.2,2024-02-15,5,2,1.0,Neurology,50
8,2024-02-15,Morning,1,16.2,5.0,2024-02-15,5,2,0.2,Neurology,50
8,2024-02-15,Night,2,28.3,3.5,2024-02-15,3,1,0.6666666666666666,Neurology,50
8,2024-02-16,Afternoon,1,18.4,4.0,2024-02-16,4,2,0.25,Neurology,50
8,2024-02-16,Morning,2,19.55,4.5,2024-02-16,4,2,0.5,Neurology,50
8,2024-02-17,Afternoon,2,27.85,4.0,2024-02-17,4,3,0.5,Neurology,50
8,2024-02-17,Night,1,18.2,3.0,2024-02-17,3,1,0.3333333333333333,Neurology,50
8,2024-02-18,Afternoon,3,28.366666666666664,4.666666666666667,2024-02-18,3,2,1.0,Neurology,50
8,2024-02-18,Morning,4,30.675,3.75,2024-02-18,3,2,1.3333333333333333,Neurology,50
8,2024-02-19,Afternoon,4,27.575,4.25,2024-02-19,4,1,1.0,Neurology,50
8,2024-02-19,Morning,4,26.925,3.75,2024-02-19,3,3,1.3333333333333333,Neurology,50
8,2024-02-20,Afternoon,4,25.5,4.0,2024-02-20,3,2,1.3333333333333333,Neurology,50
8,2024-02-20,Morning,2,24.049999999999997,4.0,2024-02-20,5,3,0.4,Neurology,50
8,2024-02-20,Night,4,26.875,4.0,2024-02-20,3,1,1.3333333333333333,Neurology,50
8,2024-02-21,Afternoon,8,34.8375,3.75,2024-02-21,4,2,2.0,Neurology,50
8,2024-02-21,Morning,1,27.6,4.0,2024-02-21,3,2,0.3333333333333333,Neurology,50
8,2024-02-21,Night,1,17.6,4.0,2024-02-21,2,1,0.5,Neurology,50
8,2024-02-22,Afternoon,5,28.860000000000003,4.2,2024-02-22,4,2,1.25,Neurology,50
8,2024-02-22,Morning,2,24.05,4.0,2024-02-22,4,2,0.5,Neurology,50
8,2024-02-22,Night,2,22.75,4.0,2024-02-22,3,1,0.6666666666666666,Neurology,50
8,2024-02-23,Afternoon,2,26.4,4.0,2024-02-23,4,2,0.5,Neurology,50
8,2024-02-23,Morning,3,19.666666666666668,4.0,2024-02-23,4,2,0.75,Neurology,50
8,2024-02-24,Afternoon,2,22.9,4.0,2024-02-24,4,2,0.5,Neurology,50
8,2024-02-24,Morning,2,18.5,4.5,2024-02-24,4,3,0.5,Neurology,50
8,2024-02-24,Night,1,26.6,5.0,2024-02-24,3,1,0.3333333333333333,Neurology,50
8,2024-02-25,Afternoon,1,22.9,4.0,2024-02-25,5,2,0.2,Neurology,50
8,2024-02-25,Morning,2,21.15,4.5,2024-02-25,5,2,0.4,Neurology,50
8,2024-02-25,Night,4,31.25,3.25,2024-02-25,2,2,2.0,Neurology,50
8,2024-02-26,Afternoon,6,27.266666666666666,3.6666666666666665,2024-02-26,5,2,1.2,Neurology,50
8,2024-02-26,Morning,9,42.13333333333333,3.7777777777777777,2024-02-26,3,3,3.0,Neurology,50
8,2024-02-26,Night,1,22.7,4.0,2024-02-26,3,1,0.3333333333333333,Neurology,50
8,2024-02-27,Afternoon,6,32.5,4.166666666666667,2024-02-27,4,2,1.5,Neurology,50
8,2024-02-27,Morning,5,28.48,4.0,2024-02-27,4,2,1.25,Neurology,50
8,2024-02-27,Night,1,16.9,5.0,2024-02-27,3,1,0.3333333333333333,Neurology,50
8,2024-02-28,Afternoon,7,30.442857142857147,4.142857142857143,2024-02-28,4,2,1.75,Neurology,50
8,2024-02-28,Morning,2,19.950000000000003,4.0,2024-02-28,5,2,0.4,Neurology,50
8,2024-02-28,Night,1,32.0,4.0,2024-02-28,2,2,0.5,Neurology,50
8,2024-02-29,Afternoon,7,37.199999999999996,4.0,2024-02-29,3,2,2.3333333333333335,Neurology,50
8,2024-02-29,Morning,4,29.125,4.25,2024-02-29,3,2,1.3333333333333333,Neurology,50
8,2024-02-29,Night,1,25.9,5.0,2024-02-29,2,2,0.5,Neurology,50
8,2024-03-01,Afternoon,6,31.21666666666667,4.166666666666667,2024-03-01,4,2,1.5,Neurology,50
8,2024-03-01,Morning,4,23.375,4.0,2024-03-01,4,2,1.0,Neurology,50
8,2024-03-02,Afternoon,2,19.85,4.0,2024-03-02,4,2,0.5,Neurology,50
8,2024-03-02,Morning,2,21.1,4.0,2024-03-02,5,2,0.4,Neurology,50
8,2024-03-03,Afternoon,3,21.066666666666666,4.0,2024-03-03,5,2,0.6,Neurology,50
8,2024-03-03,Morning,2,30.7,4.0,2024-03-03,4,1,0.5,Neurology,50
8,2024-03-04,Afternoon,7,34.285714285714285,3.857142857142857,2024-03-04,4,2,1.75,Neurology,50
8,2024-03-04,Morning,3,23.233333333333334,4.0,2024-03-04,3,2,1.0,Neurology,50
8,2024-03-05,Afternoon,1,21.7,4.0,2024-03-05,4,2,0.25,Neurology,50
8,2024-03-05,Morning,4,28.424999999999997,4.0,2024-03-05,4,2,1.0,Neurology,50
8,2024-03-05,Night,1,34.0,4.0,2024-03-05,3,1,0.3333333333333333,Neurology,50
8,2024-03-06,Afternoon,5,25.32,4.2,2024-03-06,5,2,1.0,Neurology,50
8,2024-03-06,Morning,2,18.3,3.0,2024-03-06,5,2,0.4,Neurology,50
8,2024-03-07,Afternoon,2,29.2,5.0,2024-03-07,4,2,0.5,Neurology,50
8,2024-03-07,Morning,5,29.28,4.0,2024-03-07,4,2,1.25,Neurology,50
8,2024-03-07,Night,2,26.45,4.0,2024-03-07,3,1,0.6666666666666666,Neurology,50
8,2024-03-08,Afternoon,2,29.65,4.0,2024-03-08,3,2,0.6666666666666666,Neurology,50
8,2024-03-08,Morning,3,31.400000000000002,4.0,2024-03-08,3,2,1.0,Neurology,50
8,2024-03-09,Afternoon,2,21.450000000000003,4.0,2024-03-09,4,1,0.5,Neurology,50
8,2024-03-09,Morning,2,21.5,4.0,2024-03-09,4,2,0.5,Neurology,50
8,2024-03-10,Afternoon,4,27.175,4.0,2024-03-10,4,2,1.0,Neurology,50
8,2024-03-10,Morning,3,26.233333333333334,3.3333333333333335,2024-03-10,5,2,0.6,Neurology,50
8,2024-03-11,Afternoon,2,18.6,4.0,2024-03-11,4,2,0.5,Neurology,50
8,2024-03-11,Morning,1,21.6,4.0,2024-03-11,4,3,0.25,Neurology,50
8,2024-03-12,Afternoon,3,24.46666666666667,4.333333333333333,2024-03-12,4,2,0.75,Neurology,50
8,2024-03-12,Morning,6,29.8,3.8333333333333335,2024-03-12,4,3,1.5,Neurology,50
8,2024-03-12,Night,1,25.3,4.0,2024-03-12,4,1,0.25,Neurology,50
8,2024-03-13,Afternoon,6,36.18333333333333,3.8333333333333335,2024-03-13,3,2,2.0,Neurology,50
8,2024-03-13,Morning,2,29.15,3.0,2024-03-13,5,1,0.4,Neurology,50
8,2024-03-13,Night,2,20.799999999999997,3.5,2024-03-13,3,2,0.6666666666666666,Neurology,50
8,2024-03-14,Afternoon,3,27.53333333333333,4.0,2024-03-14,5,2,0.6,Neurology,50
8,2024-03-14,Morning,4,32.775,4.0,2024-03-14,3,1,1.3333333333333333,Neurology,50
8,2024-03-15,Afternoon,4,29.700000000000003,4.5,2024-03-15,4,2,1.0,Neurology,50
8,2024-03-15,Morning,3,23.96666666666667,5.0,2024-03-15,5,2,0.6,Neurology,50
8,2024-03-15,Night,3,24.566666666666666,3.6666666666666665,2024-03-15,4,1,0.75,Neurology,50
8,2024-03-16,Afternoon,4,23.15,3.75,2024-03-16,4,2,1.0,Neurology,50
8,2024-03-16,Morning,3,22.933333333333334,4.0,2024-03-16,5,2,0.6,Neurology,50
8,2024-03-16,Night,1,30.4,4.0,2024-03-16,2,2,0.5,Neurology,50
8,2024-03-17,Afternoon,6,28.133333333333336,3.6666666666666665,2024-03-17,4,2,1.5,Neurology,50
8,2024-03-17,Morning,1,24.6,3.0,2024-03-17,4,2,0.25,Neurology,50
8,2024-03-18,Afternoon,2,32.65,4.5,2024-03-18,4,2,0.5,Neurology,50
8,2024-03-18,Morning,1,18.3,4.0,2024-03-18,3,2,0.3333333333333333,Neurology,50
8,2024-03-19,Afternoon,4,27.4,3.5,2024-03-19,4,3,1.0,Neurology,50
8,2024-03-19,Morning,3,25.633333333333336,3.6666666666666665,2024-03-19,4,2,0.75,Neurology,50
8,2024-03-19,Night,2,30.3,4.0,2024-03-19,4,1,0.5,Neurology,50
8,2024-03-20,Afternoon,7,31.585714285714285,4.0,2024-03-20,4,2,1.75,Neurology,50
8,2024-03-20,Morning,7,34.285714285714285,3.857142857142857,2024-03-20,4,2,1.75,Neurology,50
8,2024-03-20,Night,1,30.6,4.0,2024-03-20,2,1,0.5,Neurology,50
8,2024-03-21,Afternoon,4,30.4,3.25,2024-03-21,4,2,1.0,Neurology,50
8,2024-03-21,Morning,3,25.433333333333334,4.666666666666667,2024-03-21,4,2,0.75,Neurology,50
8,2024-03-22,Afternoon,2,19.9,4.0,2024-03-22,5,2,0.4,Neurology,50
8,2024-03-22,Morning,4,26.375,3.75,2024-03-22,4,3,1.0,Neurology,50
8,2024-03-23,Afternoon,4,21.875,4.25,2024-03-23,4,1,1.0,Neurology,50
8,2024-03-23,Morning,5,30.5,3.4,2024-03-23,4,2,1.25,Neurology,50
8,2024-03-24,Morning,1,25.8,4.0,2024-03-24,4,2,0.25,Neurology,50
8,2024-03-24,Night,1,24.8,4.0,2024-03-24,3,2,0.3333333333333333,Neurology,50
8,2024-03-25,Afternoon,3,18.966666666666665,4.333333333333333,2024-03-25,4,2,0.75,Neurology,50
8,2024-03-25,Morning,4,25.85,3.25,2024-03-25,4,2,1.0,Neurology,50
8,2024-03-26,Afternoon,4,23.025,4.0,2024-03-26,6,2,0.6666666666666666,Neurology,50
8,2024-03-26,Morning,7,34.94285714285714,4.0,2024-03-26,4,2,1.75,Neurology,50
8,2024-03-26,Night,3,23.96666666666667,3.6666666666666665,2024-03-26,4,1,0.75,Neurology,50
8,2024-03-27,Afternoon,6,33.983333333333334,4.0,2024-03-27,3,2,2.0,Neurology,50
8,2024-03-27,Morning,3,25.599999999999998,4.333333333333333,2024-03-27,4,2,0.75,Neurology,50
8,2024-03-28,Afternoon,1,13.8,4.0,2024-03-28,4,2,0.25,Neurology,50
8,2024-03-28,Morning,2,19.45,4.0,2024-03-28,4,2,0.5,Neurology,50
8,2024-03-29,Afternoon,5,22.04,3.6,2024-03-29,5,2,1.0,Neurology,50
8,2024-03-29,Morning,3,20.966666666666665,3.6666666666666665,2024-03-29,4,3,0.75,Neurology,50
8,2024-03-29,Night,1,19.5,4.0,2024-03-29,3,1,0.3333333333333333,Neurology,50
8,2024-03-30,Afternoon,5,32.519999999999996,4.2,2024-03-30,4,2,1.25,Neurology,50
8,2024-03-30,Morning,5,25.46,4.2,2024-03-30,5,2,1.0,Neurology,50
8,2024-03-30,Night,1,25.8,5.0,2024-03-30,3,1,0.3333333333333333,Neurology,50
8,2024-03-31,Afternoon,7,29.3,3.5714285714285716,2024-03-31,4,2,1.75,Neurology,50
8,2024-03-31,Morning,5,29.880000000000003,3.6,2024-03-31,4,2,1.25,Neurology,50
8,2024-04-01,Afternoon,6,26.28333333333333,3.8333333333333335,2024-04-01,5,2,1.2,Neurology,50
8,2024-04-01,Morning,5,28.939999999999998,3.8,2024-04-01,4,2,1.25,Neurology,50
8,2024-04-01,Night,2,24.7,4.0,2024-04-01,3,1,0.6666666666666666,Neurology,50
8,2024-04-02,Afternoon,5,24.72,3.6,2024-04-02,4,2,1.25,Neurology,50
8,2024-04-02,Morning,3,27.633333333333336,4.0,2024-04-02,3,2,1.0,Neurology,50
8,2024-04-03,Afternoon,3,25.2,3.6666666666666665,2024-04-03,4,1,0.75,Neurology,50
8,2024-04-03,Morning,1,17.2,3.0,2024-04-03,4,2,0.25,Neurology,50
8,2024-04-03,Night,2,29.6,4.0,2024-04-03,2,1,1.0,Neurology,50
8,2024-04-04,Afternoon,4,25.75,3.75,2024-04-04,5,2,0.8,Neurology,50
8,2024-04-04,Morning,3,20.5,4.333333333333333,2024-04-04,5,2,0.6,Neurology,50
8,2024-04-04,Night,1,23.8,3.0,2024-04-04,2,1,0.5,Neurology,50
8,2024-04-05,Afternoon,3,28.866666666666664,3.6666666666666665,2024-04-05,5,2,0.6,Neurology,50
8,2024-04-05,Morning,6,26.766666666666666,3.3333333333333335,2024-04-05,4,2,1.5,Neurology,50
8,2024-04-05,Night,1,20.5,4.0,2024-04-05,2,2,0.5,Neurology,50
8,2024-04-06,Afternoon,4,27.55,4.0,2024-04-06,4,2,1.0,Neurology,50
8,2024-04-06,Morning,5,22.52,4.0,2024-04-06,4,3,1.25,Neurology,50
8,2024-04-07,Morning,3,25.166666666666668,4.0,2024-04-07,3,1,1.0,Neurology,50
8,2024-04-07,Night,1,13.0,4.0,2024-04-07,2,1,0.5,Neurology,50
8,2024-04-08,Afternoon,7,32.17142857142857,3.857142857142857,2024-04-08,4,2,1.75,Neurology,50
8,2024-04-08,Morning,2,20.8,4.0,2024-04-08,3,2,0.6666666666666666,Neurology,50
8,2024-04-09,Afternoon,8,33.9875,4.0,2024-04-09,4,2,2.0,Neurology,50
8,2024-04-09,Night,1,25.0,3.0,2024-04-09,2,1,0.5,Neurology,50
8,2024-04-10,Afternoon,4,26.525,4.0,2024-04-10,4,2,1.0,Neurology,50
8,2024-04-10,Morning,2,21.95,5.0,2024-04-10,4,2,0.5,Neurology,50
8,2024-04-10,Night,1,19.5,4.0,2024-04-10,3,2,0.3333333333333333,Neurology,50
8,2024-04-11,Afternoon,4,23.725,4.0,2024-04-11,4,2,1.0,Neurology,50
8,2024-04-11,Morning,1,25.9,4.0,2024-04-11,3,2,0.3333333333333333,Neurology,50
8,2024-04-11,Night,2,30.6,5.0,2024-04-11,2,1,1.0,Neurology,50
8,2024-04-12,Afternoon,5,25.98,3.6,2024-04-12,5,2,1.0,Neurology,50
8,2024-04-12,Morning,3,26.8,4.333333333333333,2024-04-12,3,2,1.0,Neurology,50
8,2024-04-13,Afternoon,6,31.116666666666664,4.0,2024-04-13,4,1,1.5,Neurology,50
8,2024-04-13,Morning,1,15.0,4.0,2024-04-13,4,2,0.25,Neurology,50
8,2024-04-13,Night,1,20.6,5.0,2024-04-13,3,1,0.3333333333333333,Neurology,50
8,2024-04-14,Afternoon,2,30.8,4.5,2024-04-14,3,1,0.6666666666666666,Neurology,50
8,2024-04-14,Morning,6,31.866666666666664,4.5,2024-04-14,4,2,1.5,Neurology,50
8,2024-04-15,Afternoon,1,18.9,4.0,2024-04-15,4,2,0.25,Neurology,50
8,2024-04-15,Morning,2,25.2,4.5,2024-04-15,4,2,0.5,Neurology,50
8,2024-04-15,Night,1,31.7,4.0,2024-04-15,3,2,0.3333333333333333,Neurology,50
8,2024-04-16,Afternoon,4,20.55,3.5,2024-04-16,4,2,1.0,Neurology,50
8,2024-04-16,Morning,1,19.6,3.0,2024-04-16,4,2,0.25,Neurology,50
8,2024-04-17,Afternoon,1,23.0,4.0,2024-04-17,5,2,0.2,Neurology,50
8,2024-04-17,Morning,3,25.133333333333336,4.0,2024-04-17,4,2,0.75,Neurology,50
8,2024-04-18,Afternoon,2,25.55,4.5,2024-04-18,4,1,0.5,Neurology,50
8,2024-04-18,Morning,3,29.5,4.333333333333333,2024-04-18,3,3,1.0,Neurology,50
8,2024-04-18,Night,1,18.4,4.0,2024-04-18,2,2,0.5,Neurology,50
8,2024-04-19,Afternoon,4,29.5,3.75,2024-04-19,4,2,1.0,Neurology,50
8,2024-04-19,Night,1,18.3,4.0,2024-04-19,3,1,0.3333333333333333,Neurology,50
8,2024-04-20,Afternoon,3,26.366666666666664,3.3333333333333335,2024-04-20,4,3,0.75,Neurology,50
8,2024-04-20,Morning,2,25.299999999999997,4.5,2024-04-20,5,1,0.4,Neurology,50
8,2024-04-21,Afternoon,1,24.7,5.0,2024-04-21,4,2,0.25,Neurology,50
8,2024-04-21,Morning,4,26.450000000000003,3.75,2024-04-21,5,2,0.8,Neurology,50
8,2024-04-21,Night,2,28.9,4.5,2024-04-21,2,1,1.0,Neurology,50
8,2024-04-22,Afternoon,7,35.128571428571426,3.5714285714285716,2024-04-22,4,2,1.75,Neurology,50
8,2024-04-22,Morning,2,19.1,4.0,2024-04-22,4,2,0.5,Neurology,50
8,2024-04-22,Night,1,13.5,4.0,2024-04-22,2,1,0.5,Neurology,50
8,2024-04-23,Afternoon,7,31.157142857142855,4.428571428571429,2024-04-23,5,2,1.4,Neurology,50
8,2024-04-23,Morning,5,30.26,3.8,2024-04-23,4,2,1.25,Neurology,50
8,2024-04-24,Afternoon,4,27.5,3.75,2024-04-24,3,2,1.3333333333333333,Neurology,50
8,2024-04-24,Morning,3,19.333333333333332,3.3333333333333335,2024-04-24,5,2,0.6,Neurology,50
8,2024-04-24,Night,2,22.25,3.5,2024-04-24,3,1,0.6666666666666666,Neurology,50
8,2024-04-25,Afternoon,1,20.6,3.0,2024-04-25,4,1,0.25,Neurology,50
8,2024-04-25,Morning,3,36.1,3.6666666666666665,2024-04-25,3,2,1.0,Neurology,50
8,2024-04-25,Night,2,27.3,4.0,2024-04-25,2,2,1.0,Neurology,50
8,2024-04-26,Afternoon,4,28.375,4.0,2024-04-26,5,2,0.8,Neurology,50
8,2024-04-26,Morning,2,21.6,4.0,2024-04-26,4,3,0.5,Neurology,50
8,2024-04-26,Night,1,16.2,4.0,2024-04-26,3,1,0.3333333333333333,Neurology,50
8,2024-04-27,Afternoon,1,28.0,4.0,2024-04-27,4,2,0.25,Neurology,50
8,2024-04-27,Morning,4,25.475,4.25,2024-04-27,4,2,1.0,Neurology,50
8,2024-04-28,Afternoon,5,32.2,4.2,2024-04-28,3,3,1.6666666666666667,Neurology,50
8,2024-04-28,Morning,2,22.299999999999997,5.0,2024-04-28,5,2,0.4,Neurology,50
8,2024-04-29,Afternoon,4,21.1,4.25,2024-04-29,6,2,0.6666666666666666,Neurology,50
8,2024-04-29,Morning,5,32.58,3.6,2024-04-29,3,2,1.6666666666666667,Neurology,50
8,2024-04-29,Night,3,31.53333333333333,4.333333333333333,2024-04-29,2,2,1.5,Neurology,50
8,2024-04-30,Afternoon,3,23.566666666666666,4.0,2024-04-30,4,2,0.75,Neurology,50
8,2024-04-30,Morning,3,23.866666666666664,3.6666666666666665,2024-04-30,4,2,0.75,Neurology,50
8,2024-04-30,Night,1,13.7,5.0,2024-04-30,3,1,0.3333333333333333,Neurology,50
8,2024-05-01,Afternoon,1,27.1,3.0,2024-05-01,4,2,0.25,Neurology,50
8,2024-05-01,Morning,2,21.2,4.0,2024-05-01,4,2,0.5,Neurology,50
8,2024-05-01,Night,1,20.4,4.0,2024-05-01,4,1,0.25,Neurology,50
8,2024-05-02,Afternoon,7,32.25714285714286,4.0,2024-05-02,4,3,1.75,Neurology,50
8,2024-05-02,Morning,3,21.833333333333332,4.333333333333333,2024-05-02,6,2,0.5,Neurology,50
8,2024-05-03,Afternoon,7,30.97142857142857,4.0,2024-05-03,4,1,1.75,Neurology,50
8,2024-05-03,Morning,6,33.38333333333333,3.8333333333333335,2024-05-03,3,2,2.0,Neurology,50
8,2024-05-04,Afternoon,5,25.98,3.8,2024-05-04,5,2,1.0,Neurology,50
8,2024-05-04,Morning,3,21.233333333333334,4.0,2024-05-04,4,2,0.75,Neurology,50
8,2024-05-05,Afternoon,1,26.6,3.0,2024-05-05,5,1,0.2,Neurology,50
8,2024-05-05,Morning,5,30.939999999999998,4.0,2024-05-05,3,2,1.6666666666666667,Neurology,50
8,2024-05-05,Night,1,19.0,4.0,2024-05-05,3,1,0.3333333333333333,Neurology,50
8,2024-05-06,Afternoon,4,27.325,4.5,2024-05-06,3,2,1.3333333333333333,Neurology,50
8,2024-05-06,Morning,4,26.55,4.25,2024-05-06,4,2,1.0,Neurology,50
8,2024-05-06,Night,2,22.299999999999997,4.0,2024-05-06,3,1,0.6666666666666666,Neurology,50
8,2024-05-07,Afternoon,2,23.75,4.0,2024-05-07,4,2,0.5,Neurology,50
8,2024-05-07,Morning,5,29.640000000000004,3.2,2024-05-07,3,2,1.6666666666666667,Neurology,50
8,2024-05-08,Afternoon,8,41.525,3.75,2024-05-08,3,3,2.6666666666666665,Neurology,50
8,2024-05-08,Morning,4,27.075000000000003,4.25,2024-05-08,4,2,1.0,Neurology,50
8,2024-05-08,Night,2,24.65,3.5,2024-05-08,2,1,1.0,Neurology,50
8,2024-05-09,Afternoon,2,23.450000000000003,4.5,2024-05-09,4,2,0.5,Neurology,50
8,2024-05-09,Morning,3,28.3,4.666666666666667,2024-05-09,4,2,0.75,Neurology,50
8,2024-05-10,Afternoon,6,36.98333333333333,4.0,2024-05-10,3,2,2.0,Neurology,50
8,2024-05-10,Night,1,25.3,5.0,2024-05-10,3,2,0.3333333333333333,Neurology,50
8,2024-05-11,Afternoon,1,19.7,3.0,2024-05-11,4,2,0.25,Neurology,50
8,2024-05-11,Morning,3,25.766666666666666,4.0,2024-05-11,4,2,0.75,Neurology,50
8,2024-05-12,Afternoon,6,30.883333333333336,3.5,2024-05-12,5,2,1.2,Neurology,50
8,2024-05-12,Morning,2,25.9,5.0,2024-05-12,4,2,0.5,Neurology,50
8,2024-05-13,Afternoon,5,29.18,4.4,2024-05-13,5,2,1.0,Neurology,50
8,2024-05-13,Morning,8,39.375,3.625,2024-05-13,3,2,2.6666666666666665,Neurology,50
8,2024-05-14,Afternoon,2,28.7,4.0,2024-05-14,4,2,0.5,Neurology,50
8,2024-05-14,Morning,5,23.04,3.6,2024-05-14,5,2,1.0,Neurology,50
8,2024-05-14,Night,2,27.35,4.0,2024-05-14,3,1,0.6666666666666666,Neurology,50
8,2024-05-15,Afternoon,2,20.8,4.5,2024-05-15,4,3,0.5,Neurology,50
8,2024-05-15,Morning,2,23.1,4.0,2024-05-15,4,2,0.5,Neurology,50
8,2024-05-16,Afternoon,4,22.6,4.5,2024-05-16,5,2,0.8,Neurology,50
8,2024-05-16,Morning,6,26.916666666666668,4.166666666666667,2024-05-16,5,1,1.2,Neurology,50
8,2024-05-16,Night,1,24.0,4.0,2024-05-16,4,1,0.25,Neurology,50
8,2024-05-17,Afternoon,5,30.04,4.2,2024-05-17,5,2,1.0,Neurology,50
8,2024-05-17,Morning,1,26.3,5.0,2024-05-17,5,2,0.2,Neurology,50
8,2024-05-17,Night,2,23.0,4.0,2024-05-17,2,2,1.0,Neurology,50
8,2024-05-18,Afternoon,3,24.233333333333334,4.333333333333333,2024-05-18,4,2,0.75,Neurology,50
8,2024-05-18,Morning,3,21.933333333333334,4.0,2024-05-18,5,2,0.6,Neurology,50
8,2024-05-19,Afternoon,3,22.733333333333334,3.6666666666666665,2024-05-19,4,2,0.75,Neurology,50
8,2024-05-19,Morning,4,27.475,3.75,2024-05-19,3,2,1.3333333333333333,Neurology,50
8,2024-05-19,Night,1,19.6,4.0,2024-05-19,2,1,0.5,Neurology,50
8,2024-05-20,Afternoon,8,30.3125,3.5,2024-05-20,4,3,2.0,Neurology,50
8,2024-05-20,Morning,5,37.3,3.6,2024-05-20,3,2,1.6666666666666667,Neurology,50
8,2024-05-20,Night,1,27.7,5.0,2024-05-20,2,1,0.5,Neurology,50
8,2024-05-21,Afternoon,3,27.400000000000002,4.0,2024-05-21,4,1,0.75,Neurology,50
8,2024-05-21,Morning,4,25.125,4.0,2024-05-21,3,2,1.3333333333333333,Neurology,50
8,2024-05-22,Afternoon,3,27.266666666666666,4.0,2024-05-22,4,2,0.75,Neurology,50
8,2024-05-22,Morning,3,27.399999999999995,3.6666666666666665,2024-05-22,4,2,0.75,Neurology,50
8,2024-05-22,Night,1,26.8,4.0,2024-05-22,3,2,0.3333333333333333,Neurology,50
8,2024-05-23,Afternoon,4,28.25,4.0,2024-05-23,4,2,1.0,Neurology,50
8,2024-05-23,Morning,1,20.9,4.0,2024-05-23,5,2,0.2,Neurology,50
8,2024-05-23,Night,2,23.95,4.0,2024-05-23,3,1,0.6666666666666666,Neurology,50
8,2024-05-24,Afternoon,6,30.483333333333334,3.5,2024-05-24,4,2,1.5,Neurology,50
8,2024-05-24,Morning,4,22.875,4.0,2024-05-24,5,2,0.8,Neurology,50
8,2024-05-25,Afternoon,2,22.049999999999997,4.0,2024-05-25,5,2,0.4,Neurology,50
8,2024-05-25,Morning,7,33.5,3.5714285714285716,2024-05-25,4,2,1.75,Neurology,50
8,2024-05-26,Afternoon,3,25.53333333333333,4.666666666666667,2024-05-26,4,2,0.75,Neurology,50
8,2024-05-26,Morning,1,16.9,4.0,2024-05-26,4,2,0.25,Neurology,50
8,2024-05-27,Afternoon,7,33.05714285714286,3.2857142857142856,2024-05-27,4,2,1.75,Neurology,50
8,2024-05-27,Morning,5,27.3,4.0,2024-05-27,3,2,1.6666666666666667,Neurology,50
8,2024-05-27,Night,3,31.900000000000002,3.6666666666666665,2024-05-27,2,1,1.5,Neurology,50
8,2024-05-28,Afternoon,6,30.133333333333336,4.333333333333333,2024-05-28,4,2,1.5,Neurology,50
8,2024-05-28,Morning,2,27.4,4.5,2024-05-28,3,2,0.6666666666666666,Neurology,50
8,2024-05-28,Night,1,20.6,4.0,2024-05-28,3,2,0.3333333333333333,Neurology,50
8,2024-05-29,Afternoon,3,22.099999999999998,4.333333333333333,2024-05-29,3,2,1.0,Neurology,50
8,2024-05-29,Morning,4,23.025,3.75,2024-05-29,4,2,1.0,Neurology,50
8,2024-05-30,Afternoon,3,23.733333333333334,4.0,2024-05-30,4,2,0.75,Neurology,50
8,2024-05-30,Morning,3,19.733333333333334,3.0,2024-05-30,5,2,0.6,Neurology,50
8,2024-05-31,Afternoon,5,26.52,3.8,2024-05-31,4,2,1.25,Neurology,50
8,2024-05-31,Morning,3,24.03333333333333,4.0,2024-05-31,4,2,0.75,Neurology,50
8,2024-05-31,Night,2,36.3,4.5,2024-05-31,2,1,1.0,Neurology,50
8,2024-06-01,Afternoon,3,25.333333333333332,4.333333333333333,2024-06-01,4,2,0.75,Neurology,50
8,2024-06-01,Morning,2,22.8,4.0,2024-06-01,4,2,0.5,Neurology,50
8,2024-06-02,Afternoon,2,24.5,4.0,2024-06-02,4,2,0.5,Neurology,50
8,2024-06-02,Morning,3,21.3,4.333333333333333,2024-06-02,4,2,0.75,Neurology,50
8,2024-06-03,Afternoon,6,27.583333333333332,4.666666666666667,2024-06-03,5,2,1.2,Neurology,50
8,2024-06-03,Morning,2,28.55,4.5,2024-06-03,3,2,0.6666666666666666,Neurology,50
8,2024-06-04,Afternoon,2,25.5,4.0,2024-06-04,6,2,0.3333333333333333,Neurology,50
8,2024-06-04,Morning,4,23.275,4.25,2024-06-04,5,2,0.8,Neurology,50
8,2024-06-05,Afternoon,1,14.5,3.0,2024-06-05,3,3,0.3333333333333333,Neurology,50
8,2024-06-05,Morning,1,28.1,4.0,2024-06-05,4,2,0.25,Neurology,50
8,2024-06-05,Night,1,13.2,3.0,2024-06-05,3,1,0.3333333333333333,Neurology,50
8,2024-06-06,Afternoon,4,21.975,4.0,2024-06-06,5,2,0.8,Neurology,50
8,2024-06-06,Morning,4,30.175,3.5,2024-06-06,4,2,1.0,Neurology,50
8,2024-06-06,Night,3,27.166666666666668,4.0,2024-06-06,3,1,1.0,Neurology,50
8,2024-06-07,Afternoon,3,26.7,4.333333333333333,2024-06-07,4,2,0.75,Neurology,50
8,2024-06-07,Morning,2,22.65,4.5,2024-06-07,4,1,0.5,Neurology,50
8,2024-06-08,Afternoon,3,24.099999999999998,3.6666666666666665,2024-06-08,5,2,0.6,Neurology,50
8,2024-06-08,Morning,6,31.116666666666664,4.0,2024-06-08,4,3,1.5,Neurology,50
8,2024-06-08,Night,1,21.0,3.0,2024-06-08,3,1,0.3333333333333333,Neurology,50
8,2024-06-09,Afternoon,4,29.45,3.75,2024-06-09,5,2,0.8,Neurology,50
8,2024-06-09,Morning,2,20.75,4.0,2024-06-09,4,2,0.5,Neurology,50
8,2024-06-09,Night,1,23.1,5.0,2024-06-09,4,1,0.25,Neurology,50
8,2024-06-10,Afternoon,3,25.03333333333333,4.333333333333333,2024-06-10,5,2,0.6,Neurology,50
8,2024-06-10,Morning,3,29.366666666666664,4.666666666666667,2024-06-10,2,2,1.5,Neurology,50
8,2024-06-10,Night,1,26.9,4.0,2024-06-10,3,1,0.3333333333333333,Neurology,50
8,2024-06-11,Afternoon,5,30.28,4.0,2024-06-11,4,2,1.25,Neurology,50
8,2024-06-11,Morning,6,30.183333333333334,3.6666666666666665,2024-06-11,4,3,1.5,Neurology,50
8,2024-06-11,Night,4,35.65,3.75,2024-06-11,2,1,2.0,Neurology,50
8,2024-06-12,Afternoon,1,34.8,5.0,2024-06-12,4,2,0.25,Neurology,50
8,2024-06-12,Morning,7,28.457142857142856,4.285714285714286,2024-06-12,4,3,1.75,Neurology,50
8,2024-06-13,Afternoon,4,27.9,4.25,2024-06-13,4,2,1.0,Neurology,50
8,2024-06-13,Morning,6,30.883333333333336,3.6666666666666665,2024-06-13,4,2,1.5,Neurology,50
8,2024-06-14,Afternoon,3,20.5,3.3333333333333335,2024-06-14,5,1,0.6,Neurology,50
8,2024-06-14,Morning,5,31.380000000000003,3.8,2024-06-14,3,2,1.6666666666666667,Neurology,50
8,2024-06-15,Afternoon,4,25.9,4.5,2024-06-15,4,1,1.0,Neurology,50
8,2024-06-15,Morning,5,27.8,4.0,2024-06-15,4,2,1.25,Neurology,50
8,2024-06-16,Afternoon,2,20.85,3.0,2024-06-16,4,2,0.5,Neurology,50
8,2024-06-16,Morning,2,17.85,4.5,2024-06-16,5,3,0.4,Neurology,50
8,2024-06-16,Night,1,29.5,5.0,2024-06-16,2,1,0.5,Neurology,50
8,2024-06-17,Afternoon,4,30.65,3.75,2024-06-17,3,2,1.3333333333333333,Neurology,50
8,2024-06-17,Morning,6,29.233333333333334,3.8333333333333335,2024-06-17,4,2,1.5,Neurology,50
8,2024-06-18,Afternoon,6,33.25,3.3333333333333335,2024-06-18,4,1,1.5,Neurology,50
8,2024-06-18,Morning,10,42.269999999999996,3.9,2024-06-18,3,2,3.3333333333333335,Neurology,50
8,2024-06-19,Afternoon,4,27.85,4.25,2024-06-19,4,2,1.0,Neurology,50
8,2024-06-19,Morning,4,26.275,4.0,2024-06-19,4,2,1.0,Neurology,50
8,2024-06-19,Night,1,23.2,4.0,2024-06-19,4,1,0.25,Neurology,50
8,2024-06-20,Afternoon,5,26.78,3.2,2024-06-20,3,2,1.6666666666666667,Neurology,50
8,2024-06-20,Morning,6,32.9,4.333333333333333,2024-06-20,3,2,2.0,Neurology,50
8,2024-06-20,Night,1,20.5,5.0,2024-06-20,2,1,0.5,Neurology,50
8,2024-06-21,Afternoon,3,21.066666666666666,4.333333333333333,2024-06-21,4,2,0.75,Neurology,50
8,2024-06-21,Morning,6,26.95,3.5,2024-06-21,4,2,1.5,Neurology,50
8,2024-06-22,Afternoon,5,29.96,3.6,2024-06-22,4,2,1.25,Neurology,50
8,2024-06-22,Morning,4,25.275,4.0,2024-06-22,5,2,0.8,Neurology,50
8,2024-06-22,Night,2,25.15,2.5,2024-06-22,3,1,0.6666666666666666,Neurology,50
8,2024-06-23,Afternoon,3,25.2,3.6666666666666665,2024-06-23,5,1,0.6,Neurology,50
8,2024-06-23,Morning,5,28.26,4.0,2024-06-23,5,2,1.0,Neurology,50
8,2024-06-23,Night,2,28.2,4.0,2024-06-23,4,1,0.5,Neurology,50
8,2024-06-24,Afternoon,5,26.139999999999997,3.6,2024-06-24,5,2,1.0,Neurology,50
8,2024-06-24,Morning,4,27.1,3.5,2024-06-24,3,2,1.3333333333333333,Neurology,50
8,2024-06-24,Night,1,21.5,4.0,2024-06-24,2,2,0.5,Neurology,50
8,2024-06-25,Afternoon,4,24.9,4.0,2024-06-25,4,2,1.0,Neurology,50
8,2024-06-25,Morning,5,26.2,3.6,2024-06-25,4,1,1.25,Neurology,50
8,2024-06-25,Night,1,20.8,3.0,2024-06-25,2,2,0.5,Neurology,50
8,2024-06-26,Afternoon,3,24.96666666666667,4.333333333333333,2024-06-26,5,2,0.6,Neurology,50
8,2024-06-26,Morning,3,27.733333333333334,4.666666666666667,2024-06-26,5,3,0.6,Neurology,50
8,2024-06-26,Night,2,28.8,3.5,2024-06-26,4,1,0.5,Neurology,50
8,2024-06-27,Afternoon,5,32.12,3.6,2024-06-27,3,2,1.6666666666666667,Neurology,50
8,2024-06-27,Morning,4,33.85,3.5,2024-06-27,3,2,1.3333333333333333,Neurology,50
8,2024-06-28,Afternoon,5,28.3,3.8,2024-06-28,4,2,1.25,Neurology,50
8,2024-06-28,Morning,1,9.6,5.0,2024-06-28,4,2,0.25,Neurology,50
8,2024-06-28,Night,1,22.0,4.0,2024-06-28,3,1,0.3333333333333333,Neurology,50
8,2024-06-29,Morning,4,30.475,3.5,2024-06-29,4,1,1.0,Neurology,50
8,2024-06-29,Night,1,23.0,4.0,2024-06-29,2,1,0.5,Neurology,50
8,2024-06-30,Afternoon,2,26.549999999999997,4.0,2024-06-30,5,2,0.4,Neurology,50
8,2024-06-30,Morning,8,35.6875,3.5,2024-06-30,4,2,2.0,Neurology,50
8,2024-06-30,Night,2,24.299999999999997,4.0,2024-06-30,4,1,0.5,Neurology,50
8,2024-07-01,Afternoon,4,29.3,3.25,2024-07-01,4,2,1.0,Neurology,50
8,2024-07-01,Morning,4,23.8,3.75,2024-07-01,5,2,0.8,Neurology,50
8,2024-07-01,Night,1,33.1,5.0,2024-07-01,2,1,0.5,Neurology,50
8,2024-07-02,Afternoon,5,27.160000000000004,3.8,2024-07-02,5,2,1.0,Neurology,50
8,2024-07-02,Night,1,13.7,4.0,2024-07-02,3,1,0.3333333333333333,Neurology,50
8,2024-07-03,Afternoon,1,8.9,4.0,2024-07-03,4,2,0.25,Neurology,50
8,2024-07-03,Morning,3,26.5,3.6666666666666665,2024-07-03,4,2,0.75,Neurology,50
8,2024-07-03,Night,3,20.7,3.3333333333333335,2024-07-03,3,1,1.0,Neurology,50
8,2024-07-04,Afternoon,2,24.2,3.5,2024-07-04,4,2,0.5,Neurology,50
8,2024-07-04,Morning,6,30.083333333333332,4.166666666666667,2024-07-04,4,3,1.5,Neurology,50
8,2024-07-05,Afternoon,5,29.860000000000003,3.8,2024-07-05,4,2,1.25,Neurology,50
8,2024-07-05,Morning,4,26.075,4.0,2024-07-05,4,3,1.0,Neurology,50
8,2024-07-06,Afternoon,5,28.22,3.8,2024-07-06,4,2,1.25,Neurology,50
8,2024-07-06,Morning,2,22.65,4.0,2024-07-06,5,2,0.4,Neurology,50
8,2024-07-06,Night,1,26.3,5.0,2024-07-06,3,2,0.3333333333333333,Neurology,50
8,2024-07-07,Afternoon,3,24.5,4.666666666666667,2024-07-07,4,2,0.75,Neurology,50
8,2024-07-07,Morning,1,19.9,3.0,2024-07-07,5,2,0.2,Neurology,50
8,2024-07-08,Afternoon,4,20.675,4.25,2024-07-08,5,2,0.8,Neurology,50
8,2024-07-08,Morning,2,25.1,4.0,2024-07-08,4,1,0.5,Neurology,50
8,2024-07-08,Night,2,26.15,4.5,2024-07-08,4,1,0.5,Neurology,50
8,2024-07-09,Afternoon,5,29.560000000000002,4.0,2024-07-09,4,2,1.25,Neurology,50
8,2024-07-09,Morning,1,22.8,4.0,2024-07-09,4,1,0.25,Neurology,50
8,2024-07-09,Night,1,23.1,5.0,2024-07-09,2,2,0.5,Neurology,50
8,2024-07-10,Afternoon,3,26.766666666666666,3.3333333333333335,2024-07-10,3,3,1.0,Neurology,50
8,2024-07-10,Morning,4,24.35,3.75,2024-07-10,5,2,0.8,Neurology,50
8,2024-07-10,Night,1,29.3,4.0,2024-07-10,2,1,0.5,Neurology,50
8,2024-07-11,Afternoon,3,23.433333333333334,4.333333333333333,2024-07-11,4,2,0.75,Neurology,50
8,2024-07-11,Morning,6,30.3,3.6666666666666665,2024-07-11,4,2,1.5,Neurology,50
8,2024-07-11,Night,2,23.55,3.0,2024-07-11,2,1,1.0,Neurology,50
8,2024-07-12,Afternoon,6,29.98333333333333,4.166666666666667,2024-07-12,4,3,1.5,Neurology,50
8,2024-07-12,Morning,5,27.839999999999996,3.8,2024-07-12,5,2,1.0,Neurology,50
8,2024-07-13,Afternoon,2,20.85,4.0,2024-07-13,4,2,0.5,Neurology,50
8,2024-07-13,Morning,1,16.5,4.0,2024-07-13,4,2,0.25,Neurology,50
8,2024-07-14,Afternoon,2,26.85,4.5,2024-07-14,3,2,0.6666666666666666,Neurology,50
8,2024-07-14,Morning,1,23.6,4.0,2024-07-14,3,2,0.3333333333333333,Neurology,50
8,2024-07-14,Night,1,26.4,4.0,2024-07-14,4,1,0.25,Neurology,50
8,2024-07-15,Afternoon,3,24.333333333333332,4.0,2024-07-15,4,2,0.75,Neurology,50
8,2024-07-15,Morning,4,26.45,3.5,2024-07-15,3,3,1.3333333333333333,Neurology,50
8,2024-07-15,Night,3,24.566666666666666,4.333333333333333,2024-07-15,3,1,1.0,Neurology,50
8,2024-07-16,Morning,4,28.85,3.75,2024-07-16,4,2,1.0,Neurology,50
8,2024-07-16,Night,1,25.9,3.0,2024-07-16,3,1,0.3333333333333333,Neurology,50
8,2024-07-17,Afternoon,5,31.160000000000004,4.0,2024-07-17,4,2,1.25,Neurology,50
8,2024-07-17,Morning,4,28.65,4.75,2024-07-17,3,1,1.3333333333333333,Neurology,50
8,2024-07-18,Afternoon,1,20.6,5.0,2024-07-18,4,3,0.25,Neurology,50
8,2024-07-18,Morning,3,25.2,4.666666666666667,2024-07-18,4,2,0.75,Neurology,50
8,2024-07-18,Night,1,15.4,5.0,2024-07-18,3,1,0.3333333333333333,Neurology,50
8,2024-07-19,Afternoon,2,24.4,4.5,2024-07-19,3,3,0.6666666666666666,Neurology,50
8,2024-07-19,Morning,6,30.133333333333336,4.0,2024-07-19,4,2,1.5,Neurology,50
8,2024-07-20,Afternoon,3,27.133333333333336,4.333333333333333,2024-07-20,4,2,0.75,Neurology,50
8,2024-07-20,Morning,3,27.099999999999998,4.333333333333333,2024-07-20,5,2,0.6,Neurology,50
8,2024-07-20,Night,1,21.5,4.0,2024-07-20,3,1,0.3333333333333333,Neurology,50
8,2024-07-21,Afternoon,1,21.6,4.0,2024-07-21,4,2,0.25,Neurology,50
8,2024-07-21,Morning,2,17.65,4.5,2024-07-21,5,2,0.4,Neurology,50
8,2024-07-22,Afternoon,5,31.919999999999998,4.4,2024-07-22,4,2,1.25,Neurology,50
8,2024-07-22,Morning,2,30.05,4.0,2024-07-22,2,2,1.0,Neurology,50
8,2024-07-22,Night,2,28.7,4.0,2024-07-22,3,1,0.6666666666666666,Neurology,50
8,2024-07-23,Afternoon,4,26.175,3.5,2024-07-23,3,2,1.3333333333333333,Neurology,50
8,2024-07-23,Morning,1,25.6,4.0,2024-07-23,5,2,0.2,Neurology,50
8,2024-07-23,Night,1,30.5,4.0,2024-07-23,3,1,0.3333333333333333,Neurology,50
8,2024-07-24,Afternoon,2,28.3,4.5,2024-07-24,4,2,0.5,Neurology,50
8,2024-07-24,Morning,3,24.866666666666664,4.333333333333333,2024-07-24,4,1,0.75,Neurology,50
8,2024-07-25,Afternoon,2,21.9,4.0,2024-07-25,5,1,0.4,Neurology,50
8,2024-07-25,Morning,3,27.933333333333334,4.0,2024-07-25,3,2,1.0,Neurology,50
8,2024-07-26,Afternoon,1,21.6,3.0,2024-07-26,3,2,0.3333333333333333,Neurology,50
8,2024-07-26,Morning,4,30.125,4.0,2024-07-26,4,2,1.0,Neurology,50
8,2024-07-26,Night,2,19.9,4.5,2024-07-26,3,1,0.6666666666666666,Neurology,50
8,2024-07-27,Afternoon,2,21.3,4.0,2024-07-27,4,2,0.5,Neurology,50
8,2024-07-27,Morning,1,13.6,5.0,2024-07-27,4,3,0.25,Neurology,50
8,2024-07-27,Night,1,19.5,3.0,2024-07-27,4,1,0.25,Neurology,50
8,2024-07-28,Afternoon,3,25.96666666666667,4.333333333333333,2024-07-28,4,2,0.75,Neurology,50
8,2024-07-28,Morning,6,33.1,3.8333333333333335,2024-07-28,5,3,1.2,Neurology,50
8,2024-07-29,Afternoon,4,26.625,3.75,2024-07-29,3,2,1.3333333333333333,Neurology,50
8,2024-07-29,Morning,4,26.075,4.0,2024-07-29,3,2,1.3333333333333333,Neurology,50
8,2024-07-29,Night,1,24.8,4.0,2024-07-29,3,1,0.3333333333333333,Neurology,50
8,2024-07-30,Afternoon,2,19.9,3.5,2024-07-30,4,2,0.5,Neurology,50
8,2024-07-30,Morning,5,34.519999999999996,4.0,2024-07-30,3,2,1.6666666666666667,Neurology,50
8,2024-07-30,Night,2,26.700000000000003,4.5,2024-07-30,3,1,0.6666666666666666,Neurology,50
8,2024-07-31,Afternoon,3,21.566666666666666,4.333333333333333,2024-07-31,5,1,0.6,Neurology,50
8,2024-07-31,Morning,1,23.0,5.0,2024-07-31,3,2,0.3333333333333333,Neurology,50
8,2024-07-31,Night,1,14.9,4.0,2024-07-31,2,1,0.5,Neurology,50
8,2024-08-01,Afternoon,3,30.100000000000005,4.333333333333333,2024-08-01,5,2,0.6,Neurology,50
8,2024-08-01,Morning,4,24.875,4.0,2024-08-01,4,2,1.0,Neurology,50
8,2024-08-01,Night,1,28.1,4.0,2024-08-01,3,1,0.3333333333333333,Neurology,50
8,2024-08-02,Afternoon,5,35.32,3.2,2024-08-02,3,2,1.6666666666666667,Neurology,50
8,2024-08-02,Morning,3,21.766666666666666,4.333333333333333,2024-08-02,4,1,0.75,Neurology,50
8,2024-08-03,Afternoon,6,31.46666666666667,3.5,2024-08-03,4,2,1.5,Neurology,50
8,2024-08-03,Morning,3,21.333333333333332,3.3333333333333335,2024-08-03,4,2,0.75,Neurology,50
8,2024-08-04,Afternoon,3,26.53333333333333,4.0,2024-08-04,4,1,0.75,Neurology,50
8,2024-08-04,Morning,4,24.5,3.5,2024-08-04,4,2,1.0,Neurology,50
8,2024-08-04,Night,2,25.0,4.5,2024-08-04,4,2,0.5,Neurology,50
8,2024-08-05,Afternoon,3,28.233333333333334,3.6666666666666665,2024-08-05,4,2,0.75,Neurology,50
8,2024-08-05,Morning,2,28.950000000000003,4.0,2024-08-05,3,2,0.6666666666666666,Neurology,50
8,2024-08-05,Night,2,28.25,4.0,2024-08-05,3,1,0.6666666666666666,Neurology,50
8,2024-08-06,Afternoon,7,31.24285714285714,4.571428571428571,2024-08-06,5,2,1.4,Neurology,50
8,2024-08-06,Morning,2,24.65,4.0,2024-08-06,3,2,0.6666666666666666,Neurology,50
8,2024-08-07,Afternoon,2,21.6,4.5,2024-08-07,4,2,0.5,Neurology,50
8,2024-08-07,Morning,4,33.1,4.25,2024-08-07,3,2,1.3333333333333333,Neurology,50
8,2024-08-08,Afternoon,5,24.94,3.4,2024-08-08,5,3,1.0,Neurology,50
8,2024-08-08,Morning,1,20.8,3.0,2024-08-08,4,2,0.25,Neurology,50
8,2024-08-08,Night,1,28.2,5.0,2024-08-08,2,1,0.5,Neurology,50
8,2024-08-09,Afternoon,3,22.833333333333332,4.333333333333333,2024-08-09,4,2,0.75,Neurology,50
8,2024-08-09,Morning,4,26.925,4.25,2024-08-09,3,2,1.3333333333333333,Neurology,50
8,2024-08-09,Night,1,26.7,4.0,2024-08-09,3,1,0.3333333333333333,Neurology,50
8,2024-08-10,Afternoon,3,24.400000000000002,3.3333333333333335,2024-08-10,5,2,0.6,Neurology,50
8,2024-08-10,Night,2,24.25,3.0,2024-08-10,4,1,0.5,Neurology,50
8,2024-08-11,Afternoon,3,28.433333333333334,3.6666666666666665,2024-08-11,4,1,0.75,Neurology,50
8,2024-08-11,Morning,1,29.1,4.0,2024-08-11,4,2,0.25,Neurology,50
8,2024-08-12,Afternoon,3,29.166666666666668,4.0,2024-08-12,4,2,0.75,Neurology,50
8,2024-08-12,Morning,4,25.95,3.75,2024-08-12,4,2,1.0,Neurology,50
8,2024-08-12,Night,2,24.049999999999997,4.5,2024-08-12,3,1,0.6666666666666666,Neurology,50
8,2024-08-13,Afternoon,2,19.45,3.5,2024-08-13,4,2,0.5,Neurology,50
8,2024-08-13,Morning,2,21.799999999999997,4.0,2024-08-13,4,2,0.5,Neurology,50
8,2024-08-13,Night,1,26.6,4.0,2024-08-13,3,1,0.3333333333333333,Neurology,50
8,2024-08-14,Afternoon,4,28.025,4.0,2024-08-14,5,3,0.8,Neurology,50
8,2024-08-14,Morning,3,27.0,4.333333333333333,2024-08-14,4,1,0.75,Neurology,50
8,2024-08-14,Night,2,23.6,4.0,2024-08-14,3,1,0.6666666666666666,Neurology,50
8,2024-08-15,Afternoon,4,30.625,3.75,2024-08-15,3,2,1.3333333333333333,Neurology,50
8,2024-08-15,Morning,1,25.9,4.0,2024-08-15,4,2,0.25,Neurology,50
8,2024-08-15,Night,1,25.4,3.0,2024-08-15,2,1,0.5,Neurology,50
8,2024-08-16,Afternoon,2,23.5,4.5,2024-08-16,4,1,0.5,Neurology,50
8,2024-08-16,Morning,3,25.566666666666666,4.0,2024-08-16,4,2,0.75,Neurology,50
8,2024-08-17,Afternoon,1,26.5,3.0,2024-08-17,4,3,0.25,Neurology,50
8,2024-08-17,Morning,3,23.3,4.333333333333333,2024-08-17,5,1,0.6,Neurology,50
8,2024-08-18,Afternoon,1,29.4,3.0,2024-08-18,4,2,0.25,Neurology,50
8,2024-08-18,Morning,5,22.76,3.8,2024-08-18,5,2,1.0,Neurology,50
8,2024-08-18,Night,1,26.1,4.0,2024-08-18,2,1,0.5,Neurology,50
8,2024-08-19,Afternoon,3,25.366666666666664,3.3333333333333335,2024-08-19,5,2,0.6,Neurology,50
8,2024-08-19,Morning,2,25.4,4.0,2024-08-19,3,2,0.6666666666666666,Neurology,50
8,2024-08-19,Night,2,25.45,4.0,2024-08-19,3,2,0.6666666666666666,Neurology,50
8,2024-08-20,Afternoon,2,16.1,4.0,2024-08-20,4,2,0.5,Neurology,50
8,2024-08-20,Morning,3,27.166666666666668,3.6666666666666665,2024-08-20,4,2,0.75,Neurology,50
8,2024-08-20,Night,2,22.950000000000003,4.0,2024-08-20,4,1,0.5,Neurology,50
8,2024-08-21,Afternoon,7,33.028571428571425,3.857142857142857,2024-08-21,4,2,1.75,Neurology,50
8,2024-08-21,Morning,1,30.2,5.0,2024-08-21,5,3,0.2,Neurology,50
8,2024-08-21,Night,1,17.2,4.0,2024-08-21,3,1,0.3333333333333333,Neurology,50
8,2024-08-22,Afternoon,6,33.15,3.5,2024-08-22,3,2,2.0,Neurology,50
8,2024-08-23,Afternoon,2,24.1,5.0,2024-08-23,3,2,0.6666666666666666,Neurology,50
8,2024-08-23,Morning,1,21.6,5.0,2024-08-23,3,2,0.3333333333333333,Neurology,50
8,2024-08-23,Night,2,20.25,4.5,2024-08-23,3,1,0.6666666666666666,Neurology,50
8,2024-08-24,Afternoon,3,23.03333333333333,4.0,2024-08-24,5,2,0.6,Neurology,50
8,2024-08-24,Morning,4,25.675,3.75,2024-08-24,4,2,1.0,Neurology,50
8,2024-08-24,Night,1,23.5,5.0,2024-08-24,3,1,0.3333333333333333,Neurology,50
8,2024-08-25,Afternoon,4,28.25,3.75,2024-08-25,3,2,1.3333333333333333,Neurology,50
8,2024-08-25,Morning,2,21.05,3.5,2024-08-25,4,2,0.5,Neurology,50
8,2024-08-25,Night,2,24.15,4.5,2024-08-25,2,1,1.0,Neurology,50
8,2024-08-26,Afternoon,3,23.766666666666666,4.333333333333333,2024-08-26,4,2,0.75,Neurology,50
8,2024-08-26,Morning,3,24.400000000000002,3.3333333333333335,2024-08-26,4,2,0.75,Neurology,50
8,2024-08-26,Night,1,21.1,4.0,2024-08-26,3,1,0.3333333333333333,Neurology,50
8,2024-08-27,Afternoon,2,21.65,4.5,2024-08-27,3,2,0.6666666666666666,Neurology,50
8,2024-08-27,Morning,4,23.125,4.25,2024-08-27,4,2,1.0,Neurology,50
8,2024-08-27,Night,1,19.9,3.0,2024-08-27,2,2,0.5,Neurology,50
8,2024-08-28,Afternoon,3,24.666666666666668,4.333333333333333,2024-08-28,4,2,0.75,Neurology,50
8,2024-08-28,Morning,8,41.3375,3.75,2024-08-28,3,2,2.6666666666666665,Neurology,50
8,2024-08-28,Night,2,30.950000000000003,3.5,2024-08-28,2,1,1.0,Neurology,50
8,2024-08-29,Afternoon,6,28.483333333333334,4.333333333333333,2024-08-29,6,2,1.0,Neurology,50
8,2024-08-29,Morning,3,27.7,4.0,2024-08-29,4,2,0.75,Neurology,50
8,2024-08-30,Afternoon,3,29.566666666666666,4.333333333333333,2024-08-30,4,2,0.75,Neurology,50
8,2024-08-30,Morning,2,29.700000000000003,3.5,2024-08-30,3,2,0.6666666666666666,Neurology,50
8,2024-08-30,Night,1,16.3,4.0,2024-08-30,3,1,0.3333333333333333,Neurology,50
8,2024-08-31,Morning,4,27.825,4.25,2024-08-31,4,2,1.0,Neurology,50
8,2024-08-31,Night,1,16.4,4.0,2024-08-31,3,1,0.3333333333333333,Neurology,50
8,2024-09-01,Afternoon,1,19.7,5.0,2024-09-01,3,2,0.3333333333333333,Neurology,50
8,2024-09-01,Morning,3,28.399999999999995,3.3333333333333335,2024-09-01,4,2,0.75,Neurology,50
8,2024-09-01,Night,1,17.3,4.0,2024-09-01,3,2,0.3333333333333333,Neurology,50
8,2024-09-02,Afternoon,6,29.116666666666664,3.8333333333333335,2024-09-02,5,2,1.2,Neurology,50
8,2024-09-02,Morning,3,22.2,4.333333333333333,2024-09-02,4,2,0.75,Neurology,50
8,2024-09-02,Night,1,23.7,3.0,2024-09-02,2,1,0.5,Neurology,50
8,2024-09-03,Afternoon,2,21.6,3.0,2024-09-03,4,2,0.5,Neurology,50
8,2024-09-03,Morning,3,21.900000000000002,4.0,2024-09-03,4,2,0.75,Neurology,50
8,2024-09-03,Night,2,19.5,4.0,2024-09-03,3,1,0.6666666666666666,Neurology,50
8,2024-09-04,Afternoon,8,31.6875,3.875,2024-09-04,4,2,2.0,Neurology,50
8,2024-09-04,Morning,7,33.3,3.857142857142857,2024-09-04,4,1,1.75,Neurology,50
8,2024-09-04,Night,3,23.400000000000002,3.3333333333333335,2024-09-04,4,1,0.75,Neurology,50
8,2024-09-05,Afternoon,4,29.325000000000003,3.25,2024-09-05,4,2,1.0,Neurology,50
8,2024-09-05,Morning,3,29.566666666666666,4.333333333333333,2024-09-05,4,2,0.75,Neurology,50
8,2024-09-05,Night,1,12.9,5.0,2024-09-05,2,1,0.5,Neurology,50
8,2024-09-06,Afternoon,4,25.225,4.25,2024-09-06,4,1,1.0,Neurology,50
8,2024-09-06,Morning,3,26.8,3.0,2024-09-06,5,2,0.6,Neurology,50
8,2024-09-07,Afternoon,4,24.675,4.25,2024-09-07,5,1,0.8,Neurology,50
8,2024-09-07,Morning,2,21.65,4.5,2024-09-07,4,2,0.5,Neurology,50
8,2024-09-07,Night,1,23.9,5.0,2024-09-07,3,1,0.3333333333333333,Neurology,50
8,2024-09-08,Afternoon,3,21.566666666666666,4.333333333333333,2024-09-08,5,2,0.6,Neurology,50
8,2024-09-08,Morning,2,22.65,4.0,2024-09-08,5,2,0.4,Neurology,50
8,2024-09-08,Night,1,22.5,4.0,2024-09-08,3,1,0.3333333333333333,Neurology,50
8,2024-09-09,Afternoon,6,26.45,4.166666666666667,2024-09-09,4,2,1.5,Neurology,50
8,2024-09-09,Morning,7,36.385714285714286,3.5714285714285716,2024-09-09,3,2,2.3333333333333335,Neurology,50
8,2024-09-09,Night,1,22.8,4.0,2024-09-09,3,1,0.3333333333333333,Neurology,50
8,2024-09-10,Afternoon,5,30.52,4.0,2024-09-10,4,3,1.25,Neurology,50
8,2024-09-10,Morning,7,28.857142857142858,3.7142857142857144,2024-09-10,4,2,1.75,Neurology,50
8,2024-09-11,Afternoon,4,26.975,3.5,2024-09-11,5,2,0.8,Neurology,50
8,2024-09-11,Morning,5,27.26,4.0,2024-09-11,4,2,1.25,Neurology,50
8,2024-09-12,Afternoon,6,26.03333333333333,4.0,2024-09-12,5,2,1.2,Neurology,50
8,2024-09-12,Morning,2,24.3,4.0,2024-09-12,4,2,0.5,Neurology,50
8,2024-09-13,Afternoon,8,36.5875,4.125,2024-09-13,4,3,2.0,Neurology,50
8,2024-09-13,Morning,3,25.566666666666666,4.333333333333333,2024-09-13,4,2,0.75,Neurology,50
8,2024-09-14,Afternoon,3,21.0,3.6666666666666665,2024-09-14,4,2,0.75,Neurology,50
8,2024-09-14,Morning,4,27.5,4.25,2024-09-14,5,2,0.8,Neurology,50
8,2024-09-15,Afternoon,1,20.0,4.0,2024-09-15,4,3,0.25,Neurology,50
8,2024-09-15,Morning,5,26.339999999999996,4.2,2024-09-15,4,2,1.25,Neurology,50
8,2024-09-15,Night,2,19.4,4.0,2024-09-15,4,1,0.5,Neurology,50
8,2024-09-16,Afternoon,2,25.9,4.5,2024-09-16,3,2,0.6666666666666666,Neurology,50
8,2024-09-16,Night,1,23.0,4.0,2024-09-16,2,1,0.5,Neurology,50
8,2024-09-17,Afternoon,4,21.575,4.25,2024-09-17,5,2,0.8,Neurology,50
8,2024-09-17,Morning,1,20.4,4.0,2024-09-17,3,2,0.3333333333333333,Neurology,50
8,2024-09-17,Night,2,26.1,3.5,2024-09-17,2,1,1.0,Neurology,50
8,2024-09-18,Afternoon,2,27.25,4.0,2024-09-18,4,2,0.5,Neurology,50
8,2024-09-18,Morning,3,28.133333333333336,3.3333333333333335,2024-09-18,4,2,0.75,Neurology,50
8,2024-09-19,Morning,3,28.233333333333334,3.6666666666666665,2024-09-19,4,2,0.75,Neurology,50
8,2024-09-20,Afternoon,2,20.299999999999997,4.5,2024-09-20,4,1,0.5,Neurology,50
8,2024-09-20,Morning,6,31.53333333333333,3.8333333333333335,2024-09-20,4,2,1.5,Neurology,50
8,2024-09-20,Night,2,19.0,4.0,2024-09-20,3,1,0.6666666666666666,Neurology,50
8,2024-09-21,Afternoon,9,30.299999999999997,3.5555555555555554,2024-09-21,5,2,1.8,Neurology,50
8,2024-09-21,Morning,3,26.633333333333336,4.0,2024-09-21,3,3,1.0,Neurology,50
8,2024-09-21,Night,1,27.1,4.0,2024-09-21,3,1,0.3333333333333333,Neurology,50
8,2024-09-22,Afternoon,5,27.3,3.8,2024-09-22,4,3,1.25,Neurology,50
8,2024-09-22,Morning,2,25.1,3.5,2024-09-22,4,2,0.5,Neurology,50
8,2024-09-23,Afternoon,7,28.785714285714285,4.142857142857143,2024-09-23,5,2,1.4,Neurology,50
8,2024-09-23,Morning,2,25.75,4.0,2024-09-23,4,2,0.5,Neurology,50
8,2024-09-24,Afternoon,4,28.925,4.0,2024-09-24,4,1,1.0,Neurology,50
8,2024-09-24,Morning,3,27.133333333333336,4.0,2024-09-24,3,2,1.0,Neurology,50
8,2024-09-25,Afternoon,4,27.95,4.5,2024-09-25,4,2,1.0,Neurology,50
8,2024-09-25,Morning,6,29.083333333333332,4.0,2024-09-25,5,2,1.2,Neurology,50
8,2024-09-25,Night,2,26.5,3.0,2024-09-25,2,1,1.0,Neurology,50
8,2024-09-26,Afternoon,2,21.7,4.5,2024-09-26,3,2,0.6666666666666666,Neurology,50
8,2024-09-26,Morning,5,27.839999999999996,4.4,2024-09-26,4,2,1.25,Neurology,50
8,2024-09-26,Night,1,15.6,5.0,2024-09-26,4,2,0.25,Neurology,50
8,2024-09-27,Afternoon,4,26.8,4.5,2024-09-27,4,2,1.0,Neurology,50
8,2024-09-27,Morning,4,27.275,4.25,2024-09-27,4,2,1.0,Neurology,50
8,2024-09-27,Night,1,20.9,5.0,2024-09-27,4,1,0.25,Neurology,50
8,2024-09-28,Afternoon,4,27.75,4.25,2024-09-28,5,3,0.8,Neurology,50
8,2024-09-28,Morning,4,28.3,4.25,2024-09-28,3,2,1.3333333333333333,Neurology,50
8,2024-09-28,Night,2,25.6,4.5,2024-09-28,3,2,0.6666666666666666,Neurology,50
8,2024-09-29,Afternoon,5,29.3,4.0,2024-09-29,4,2,1.25,Neurology,50
8,2024-09-29,Morning,4,31.475,4.25,2024-09-29,4,3,1.0,Neurology,50
8,2024-09-29,Night,2,24.45,3.5,2024-09-29,3,2,0.6666666666666666,Neurology,50
8,2024-09-30,Afternoon,3,23.099999999999998,3.6666666666666665,2024-09-30,5,3,0.6,Neurology,50
8,2024-09-30,Morning,4,29.275,3.5,2024-09-30,4,2,1.0,Neurology,50
8,2024-09-30,Night,2,21.700000000000003,4.0,2024-09-30,3,1,0.6666666666666666,Neurology,50
8,2024-10-01,Afternoon,4,22.025,3.5,2024-10-01,5,2,0.8,Neurology,50
8,2024-10-01,Morning,5,25.54,3.6,2024-10-01,5,3,1.0,Neurology,50
8,2024-10-02,Afternoon,7,34.800000000000004,3.7142857142857144,2024-10-02,4,2,1.75,Neurology,50
8,2024-10-03,Afternoon,6,29.483333333333334,4.166666666666667,2024-10-03,4,2,1.5,Neurology,50
8,2024-10-03,Morning,7,31.2,3.5714285714285716,2024-10-03,4,2,1.75,Neurology,50
8,2024-10-03,Night,2,25.15,3.5,2024-10-03,3,1,0.6666666666666666,Neurology,50
8,2024-10-04,Afternoon,3,25.433333333333334,3.6666666666666665,2024-10-04,4,2,0.75,Neurology,50
8,2024-10-04,Morning,3,27.733333333333334,4.0,2024-10-04,4,2,0.75,Neurology,50
8,2024-10-05,Afternoon,9,30.666666666666668,3.5555555555555554,2024-10-05,5,2,1.8,Neurology,50
8,2024-10-05,Morning,1,17.7,3.0,2024-10-05,4,2,0.25,Neurology,50
8,2024-10-06,Afternoon,6,27.400000000000002,4.333333333333333,2024-10-06,5,2,1.2,Neurology,50
8,2024-10-06,Morning,3,24.599999999999998,3.3333333333333335,2024-10-06,4,2,0.75,Neurology,50
8,2024-10-07,Afternoon,5,26.32,4.2,2024-10-07,4,2,1.25,Neurology,50
8,2024-10-07,Morning,5,32.62,3.6,2024-10-07,3,2,1.6666666666666667,Neurology,50
8,2024-10-07,Night,1,24.6,4.0,2024-10-07,4,1,0.25,Neurology,50
8,2024-10-08,Afternoon,4,29.05,4.25,2024-10-08,5,1,0.8,Neurology,50
8,2024-10-08,Morning,3,21.833333333333332,3.6666666666666665,2024-10-08,5,2,0.6,Neurology,50
8,2024-10-08,Night,2,27.25,4.5,2024-10-08,4,1,0.5,Neurology,50
8,2024-10-09,Afternoon,4,27.525,4.0,2024-10-09,4,2,1.0,Neurology,50
8,2024-10-09,Morning,1,24.4,4.0,2024-10-09,4,2,0.25,Neurology,50
8,2024-10-09,Night,1,22.0,5.0,2024-10-09,3,1,0.3333333333333333,Neurology,50
8,2024-10-10,Afternoon,5,27.52,3.6,2024-10-10,4,2,1.25,Neurology,50
8,2024-10-10,Morning,5,28.919999999999998,3.8,2024-10-10,5,2,1.0,Neurology,50
8,2024-10-10,Night,2,29.6,4.0,2024-10-10,2,1,1.0,Neurology,50
8,2024-10-11,Afternoon,6,30.28333333333333,3.5,2024-10-11,4,3,1.5,Neurology,50
8,2024-10-11,Morning,3,27.833333333333332,4.0,2024-10-11,3,2,1.0,Neurology,50
8,2024-10-11,Night,4,31.15,3.75,2024-10-11,2,1,2.0,Neurology,50
8,2024-10-12,Afternoon,4,27.775,3.75,2024-10-12,4,2,1.0,Neurology,50
8,2024-10-12,Morning,4,28.200000000000003,4.0,2024-10-12,5,2,0.8,Neurology,50
8,2024-10-13,Afternoon,2,28.0,5.0,2024-10-13,4,2,0.5,Neurology,50
8,2024-10-13,Morning,2,21.4,4.5,2024-10-13,5,2,0.4,Neurology,50
8,2024-10-13,Night,1,17.4,5.0,2024-10-13,2,2,0.5,Neurology,50
8,2024-10-14,Afternoon,6,35.949999999999996,3.5,2024-10-14,3,2,2.0,Neurology,50
8,2024-10-14,Morning,3,22.433333333333334,4.0,2024-10-14,4,2,0.75,Neurology,50
8,2024-10-15,Afternoon,3,25.96666666666667,3.6666666666666665,2024-10-15,4,2,0.75,Neurology,50
8,2024-10-15,Morning,3,27.399999999999995,3.6666666666666665,2024-10-15,4,2,0.75,Neurology,50
8,2024-10-15,Night,2,25.25,3.5,2024-10-15,2,1,1.0,Neurology,50
8,2024-10-16,Afternoon,6,34.28333333333333,3.5,2024-10-16,4,3,1.5,Neurology,50
8,2024-10-16,Morning,4,34.15,4.0,2024-10-16,3,2,1.3333333333333333,Neurology,50
8,2024-10-17,Afternoon,3,27.96666666666667,4.0,2024-10-17,4,2,0.75,Neurology,50
8,2024-10-17,Morning,3,24.733333333333334,4.0,2024-10-17,4,2,0.75,Neurology,50
8,2024-10-17,Night,1,21.9,3.0,2024-10-17,3,1,0.3333333333333333,Neurology,50
8,2024-10-18,Morning,4,24.45,3.75,2024-10-18,3,2,1.3333333333333333,Neurology,50
8,2024-10-19,Afternoon,2,29.55,4.0,2024-10-19,3,2,0.6666666666666666,Neurology,50
8,2024-10-19,Morning,2,26.45,3.5,2024-10-19,3,2,0.6666666666666666,Neurology,50
8,2024-10-20,Afternoon,1,20.6,4.0,2024-10-20,5,2,0.2,Neurology,50
8,2024-10-20,Morning,6,33.9,3.0,2024-10-20,3,2,2.0,Neurology,50
8,2024-10-21,Afternoon,4,24.275,3.5,2024-10-21,4,2,1.0,Neurology,50
8,2024-10-21,Morning,1,28.9,4.0,2024-10-21,2,2,0.5,Neurology,50
8,2024-10-21,Night,1,26.4,4.0,2024-10-21,3,2,0.3333333333333333,Neurology,50
8,2024-10-22,Afternoon,1,29.5,3.0,2024-10-22,4,2,0.25,Neurology,50
8,2024-10-22,Morning,6,29.116666666666664,4.333333333333333,2024-10-22,5,2,1.2,Neurology,50
8,2024-10-23,Afternoon,3,20.433333333333334,3.0,2024-10-23,5,2,0.6,Neurology,50
8,2024-10-23,Morning,5,30.4,4.0,2024-10-23,5,2,1.0,Neurology,50
8,2024-10-23,Night,2,23.700000000000003,5.0,2024-10-23,3,2,0.6666666666666666,Neurology,50
8,2024-10-24,Afternoon,3,24.566666666666666,4.0,2024-10-24,4,3,0.75,Neurology,50
8,2024-10-25,Afternoon,3,25.066666666666666,4.333333333333333,2024-10-25,3,2,1.0,Neurology,50
8,2024-10-25,Morning,6,31.46666666666667,4.166666666666667,2024-10-25,4,1,1.5,Neurology,50
8,2024-10-25,Night,2,28.65,4.0,2024-10-25,3,1,0.6666666666666666,Neurology,50
8,2024-10-26,Afternoon,3,29.900000000000002,4.333333333333333,2024-10-26,4,2,0.75,Neurology,50
8,2024-10-26,Morning,5,30.660000000000004,4.4,2024-10-26,4,2,1.25,Neurology,50
8,2024-10-27,Afternoon,1,17.4,4.0,2024-10-27,4,2,0.25,Neurology,50
8,2024-10-27,Morning,2,24.450000000000003,3.5,2024-10-27,4,2,0.5,Neurology,50
8,2024-10-28,Afternoon,2,22.65,4.0,2024-10-28,3,2,0.6666666666666666,Neurology,50
8,2024-10-28,Morning,4,25.75,3.75,2024-10-28,4,1,1.0,Neurology,50
8,2024-10-28,Night,3,28.599999999999998,3.3333333333333335,2024-10-28,3,2,1.0,Neurology,50
8,2024-10-29,Afternoon,4,26.25,3.75,2024-10-29,5,2,0.8,Neurology,50
8,2024-10-29,Morning,1,22.1,4.0,2024-10-29,4,2,0.25,Neurology,50
8,2024-10-30,Afternoon,2,13.35,4.0,2024-10-30,4,2,0.5,Neurology,50
8,2024-10-30,Morning,2,26.700000000000003,4.0,2024-10-30,4,2,0.5,Neurology,50
8,2024-10-31,Afternoon,7,27.657142857142855,4.0,2024-10-31,5,2,1.4,Neurology,50
8,2024-10-31,Morning,4,28.075,3.75,2024-10-31,3,3,1.3333333333333333,Neurology,50
8,2024-11-01,Afternoon,7,28.585714285714285,3.5714285714285716,2024-11-01,5,2,1.4,Neurology,50
8,2024-11-01,Morning,5,30.74,3.6,2024-11-01,3,2,1.6666666666666667,Neurology,50
8,2024-11-01,Night,1,24.9,5.0,2024-11-01,2,1,0.5,Neurology,50
8,2024-11-02,Afternoon,3,24.766666666666666,4.0,2024-11-02,4,2,0.75,Neurology,50
8,2024-11-02,Morning,1,20.0,4.0,2024-11-02,4,2,0.25,Neurology,50
8,2024-11-02,Night,1,22.3,4.0,2024-11-02,4,1,0.25,Neurology,50
8,2024-11-03,Afternoon,3,26.900000000000002,4.0,2024-11-03,4,2,0.75,Neurology,50
8,2024-11-03,Morning,3,22.23333333333333,4.0,2024-11-03,5,2,0.6,Neurology,50
8,2024-11-04,Afternoon,7,28.7,4.142857142857143,2024-11-04,4,3,1.75,Neurology,50
8,2024-11-04,Morning,1,24.7,4.0,2024-11-04,4,2,0.25,Neurology,50
8,2024-11-05,Afternoon,4,24.95,4.0,2024-11-05,4,2,1.0,Neurology,50
8,2024-11-05,Morning,2,19.4,3.5,2024-11-05,3,2,0.6666666666666666,Neurology,50
8,2024-11-05,Night,2,31.35,4.0,2024-11-05,2,1,1.0,Neurology,50
8,2024-11-06,Afternoon,8,28.825000000000003,3.5,2024-11-06,5,3,1.6,Neurology,50
8,2024-11-06,Morning,5,27.580000000000002,4.6,2024-11-06,4,2,1.25,Neurology,50
8,2024-11-07,Afternoon,7,34.614285714285714,4.142857142857143,2024-11-07,3,1,2.3333333333333335,Neurology,50
8,2024-11-07,Morning,5,26.78,3.6,2024-11-07,5,2,1.0,Neurology,50
8,2024-11-07,Night,1,23.6,4.0,2024-11-07,3,1,0.3333333333333333,Neurology,50
8,2024-11-08,Afternoon,1,26.1,4.0,2024-11-08,4,2,0.25,Neurology,50
8,2024-11-08,Morning,9,34.68888888888889,3.888888888888889,2024-11-08,4,2,2.25,Neurology,50
8,2024-11-09,Afternoon,1,21.9,5.0,2024-11-09,4,2,0.25,Neurology,50
8,2024-11-09,Morning,5,28.98,4.4,2024-11-09,4,2,1.25,Neurology,50
8,2024-11-10,Afternoon,5,29.619999999999997,4.2,2024-11-10,4,2,1.25,Neurology,50
8,2024-11-10,Morning,5,26.860000000000003,4.0,2024-11-10,5,2,1.0,Neurology,50
8,2024-11-10,Night,2,21.549999999999997,4.5,2024-11-10,3,1,0.6666666666666666,Neurology,50
8,2024-11-11,Afternoon,4,25.25,4.5,2024-11-11,4,3,1.0,Neurology,50
8,2024-11-11,Morning,1,31.6,4.0,2024-11-11,4,2,0.25,Neurology,50
8,2024-11-11,Night,1,17.7,4.0,2024-11-11,2,1,0.5,Neurology,50
8,2024-11-12,Afternoon,2,26.75,3.5,2024-11-12,5,2,0.4,Neurology,50
8,2024-11-12,Morning,8,37.2625,3.375,2024-11-12,3,2,2.6666666666666665,Neurology,50
8,2024-11-12,Night,2,29.85,4.5,2024-11-12,2,1,1.0,Neurology,50
8,2024-11-13,Afternoon,6,31.516666666666666,3.8333333333333335,2024-11-13,4,2,1.5,Neurology,50
8,2024-11-13,Morning,5,25.54,3.6,2024-11-13,4,2,1.25,Neurology,50
8,2024-11-13,Night,1,33.6,3.0,2024-11-13,2,1,0.5,Neurology,50
8,2024-11-14,Afternoon,2,29.8,4.5,2024-11-14,3,2,0.6666666666666666,Neurology,50
8,2024-11-14,Morning,2,28.0,3.5,2024-11-14,3,2,0.6666666666666666,Neurology,50
8,2024-11-14,Night,1,29.9,4.0,2024-11-14,2,1,0.5,Neurology,50
8,2024-11-15,Afternoon,4,29.85,3.5,2024-11-15,5,2,0.8,Neurology,50
8,2024-11-15,Morning,3,27.766666666666666,4.333333333333333,2024-11-15,3,2,1.0,Neurology,50
8,2024-11-15,Night,1,23.5,4.0,2024-11-15,2,1,0.5,Neurology,50
8,2024-11-16,Afternoon,3,23.566666666666666,3.3333333333333335,2024-11-16,4,2,0.75,Neurology,50
8,2024-11-16,Morning,6,29.733333333333334,3.8333333333333335,2024-11-16,4,2,1.5,Neurology,50
8,2024-11-16,Night,2,25.6,4.5,2024-11-16,3,1,0.6666666666666666,Neurology,50
8,2024-11-17,Morning,2,25.700000000000003,4.0,2024-11-17,4,2,0.5,Neurology,50
8,2024-11-18,Afternoon,5,31.46,4.0,2024-11-18,3,2,1.6666666666666667,Neurology,50
8,2024-11-18,Morning,4,28.775,4.0,2024-11-18,4,2,1.0,Neurology,50
8,2024-11-18,Night,2,28.15,4.0,2024-11-18,3,2,0.6666666666666666,Neurology,50
8,2024-11-19,Afternoon,3,29.133333333333336,4.0,2024-11-19,4,3,0.75,Neurology,50
8,2024-11-19,Morning,2,23.5,3.5,2024-11-19,5,2,0.4,Neurology,50
8,2024-11-19,Night,3,23.066666666666666,4.0,2024-11-19,3,1,1.0,Neurology,50
8,2024-11-20,Afternoon,6,36.05,4.0,2024-11-20,3,3,2.0,Neurology,50
8,2024-11-20,Morning,1,26.1,5.0,2024-11-20,4,2,0.25,Neurology,50
8,2024-11-20,Night,2,16.3,3.5,2024-11-20,3,1,0.6666666666666666,Neurology,50
8,2024-11-21,Afternoon,6,30.05,3.6666666666666665,2024-11-21,4,2,1.5,Neurology,50
8,2024-11-21,Morning,2,25.950000000000003,5.0,2024-11-21,4,2,0.5,Neurology,50
8,2024-11-21,Night,2,23.950000000000003,4.0,2024-11-21,2,1,1.0,Neurology,50
8,2024-11-22,Afternoon,4,24.975,4.25,2024-11-22,4,2,1.0,Neurology,50
8,2024-11-22,Morning,1,21.5,5.0,2024-11-22,5,3,0.2,Neurology,50
8,2024-11-22,Night,1,22.9,3.0,2024-11-22,2,1,0.5,Neurology,50
8,2024-11-23,Afternoon,2,20.950000000000003,4.5,2024-11-23,4,2,0.5,Neurology,50
8,2024-11-23,Morning,2,21.65,4.0,2024-11-23,4,2,0.5,Neurology,50
8,2024-11-24,Afternoon,2,19.7,4.0,2024-11-24,5,2,0.4,Neurology,50
8,2024-11-24,Morning,2,14.6,4.0,2024-11-24,4,2,0.5,Neurology,50
8,2024-11-24,Night,2,31.700000000000003,4.5,2024-11-24,2,1,1.0,Neurology,50
8,2024-11-25,Afternoon,2,18.7,5.0,2024-11-25,4,2,0.5,Neurology,50
8,2024-11-25,Morning,6,34.71666666666667,3.5,2024-11-25,3,2,2.0,Neurology,50
8,2024-11-26,Afternoon,6,32.199999999999996,3.5,2024-11-26,4,2,1.5,Neurology,50
8,2024-11-26,Morning,7,35.15714285714286,3.0,2024-11-26,3,2,2.3333333333333335,Neurology,50
8,2024-11-27,Afternoon,6,29.099999999999998,3.5,2024-11-27,3,2,2.0,Neurology,50
8,2024-11-27,Morning,3,24.566666666666666,4.333333333333333,2024-11-27,3,2,1.0,Neurology,50
8,2024-11-27,Night,1,22.5,5.0,2024-11-27,3,1,0.3333333333333333,Neurology,50
8,2024-11-28,Afternoon,7,35.128571428571426,3.7142857142857144,2024-11-28,4,2,1.75,Neurology,50
8,2024-11-28,Morning,4,29.1,3.25,2024-11-28,3,2,1.3333333333333333,Neurology,50
8,2024-11-28,Night,2,22.2,4.0,2024-11-28,4,1,0.5,Neurology,50
8,2024-11-29,Afternoon,1,17.4,4.0,2024-11-29,4,2,0.25,Neurology,50
8,2024-11-29,Morning,3,27.5,4.333333333333333,2024-11-29,4,2,0.75,Neurology,50
8,2024-11-29,Night,1,24.7,4.0,2024-11-29,3,1,0.3333333333333333,Neurology,50
8,2024-11-30,Afternoon,6,30.3,3.1666666666666665,2024-11-30,4,2,1.5,Neurology,50
8,2024-11-30,Morning,2,24.15,3.0,2024-11-30,4,2,0.5,Neurology,50
8,2024-11-30,Night,1,15.2,3.0,2024-11-30,3,1,0.3333333333333333,Neurology,50
8,2024-12-01,Afternoon,2,26.9,4.0,2024-12-01,4,3,0.5,Neurology,50
8,2024-12-01,Morning,3,28.833333333333332,3.6666666666666665,2024-12-01,4,2,0.75,Neurology,50
8,2024-12-02,Afternoon,4,27.925,4.25,2024-12-02,4,2,1.0,Neurology,50
8,2024-12-02,Morning,2,18.6,3.0,2024-12-02,4,2,0.5,Neurology,50
8,2024-12-02,Night,1,27.6,4.0,2024-12-02,2,2,0.5,Neurology,50
8,2024-12-03,Afternoon,6,31.95,3.8333333333333335,2024-12-03,4,2,1.5,Neurology,50
8,2024-12-03,Morning,6,31.45,3.5,2024-12-03,4,2,1.5,Neurology,50
8,2024-12-04,Afternoon,2,24.05,4.5,2024-12-04,5,2,0.4,Neurology,50
8,2024-12-04,Morning,1,31.1,4.0,2024-12-04,4,2,0.25,Neurology,50
8,2024-12-04,Night,4,34.825,3.75,2024-12-04,2,1,2.0,Neurology,50
8,2024-12-05,Afternoon,6,30.416666666666668,4.0,2024-12-05,5,2,1.2,Neurology,50
8,2024-12-05,Morning,4,32.05,3.75,2024-12-05,3,2,1.3333333333333333,Neurology,50
8,2024-12-06,Afternoon,5,23.84,3.6,2024-12-06,4,2,1.25,Neurology,50
8,2024-12-06,Morning,3,21.833333333333332,5.0,2024-12-06,3,1,1.0,Neurology,50
8,2024-12-06,Night,1,20.9,4.0,2024-12-06,3,1,0.3333333333333333,Neurology,50
8,2024-12-07,Afternoon,5,28.4,4.0,2024-12-07,4,2,1.25,Neurology,50
8,2024-12-07,Morning,1,14.6,5.0,2024-12-07,4,2,0.25,Neurology,50
8,2024-12-08,Afternoon,3,18.866666666666667,3.6666666666666665,2024-12-08,5,2,0.6,Neurology,50
8,2024-12-08,Morning,2,23.45,4.5,2024-12-08,5,2,0.4,Neurology,50
8,2024-12-08,Night,1,17.3,4.0,2024-12-08,3,1,0.3333333333333333,Neurology,50
8,2024-12-09,Afternoon,6,33.28333333333333,4.166666666666667,2024-12-09,3,2,2.0,Neurology,50
8,2024-12-09,Morning,4,30.549999999999997,4.0,2024-12-09,3,3,1.3333333333333333,Neurology,50
8,2024-12-10,Afternoon,3,29.53333333333333,4.0,2024-12-10,4,2,0.75,Neurology,50
8,2024-12-10,Morning,7,33.68571428571429,4.0,2024-12-10,4,2,1.75,Neurology,50
8,2024-12-11,Afternoon,8,34.775,4.0,2024-12-11,4,1,2.0,Neurology,50
8,2024-12-11,Morning,2,21.8,4.5,2024-12-11,4,2,0.5,Neurology,50
8,2024-12-11,Night,1,26.1,4.0,2024-12-11,3,1,0.3333333333333333,Neurology,50
8,2024-12-12,Afternoon,7,30.271428571428572,4.285714285714286,2024-12-12,5,2,1.4,Neurology,50
8,2024-12-12,Morning,2,22.65,3.5,2024-12-12,4,2,0.5,Neurology,50
8,2024-12-12,Night,1,21.4,4.0,2024-12-12,3,1,0.3333333333333333,Neurology,50
8,2024-12-13,Afternoon,3,26.433333333333334,3.6666666666666665,2024-12-13,4,2,0.75,Neurology,50
8,2024-12-13,Morning,4,28.424999999999997,3.75,2024-12-13,4,2,1.0,Neurology,50
8,2024-12-13,Night,1,18.4,4.0,2024-12-13,3,1,0.3333333333333333,Neurology,50
8,2024-12-14,Afternoon,2,22.65,4.0,2024-12-14,4,2,0.5,Neurology,50
8,2024-12-14,Morning,5,29.040000000000003,4.4,2024-12-14,5,3,1.0,Neurology,50
8,2024-12-15,Afternoon,1,29.6,4.0,2024-12-15,4,1,0.25,Neurology,50
8,2024-12-15,Morning,2,19.0,4.5,2024-12-15,4,2,0.5,Neurology,50
8,2024-12-15,Night,1,22.3,4.0,2024-12-15,3,1,0.3333333333333333,Neurology,50
8,2024-12-16,Afternoon,3,23.333333333333332,3.0,2024-12-16,4,2,0.75,Neurology,50
8,2024-12-16,Morning,1,19.4,4.0,2024-12-16,3,2,0.3333333333333333,Neurology,50
8,2024-12-16,Night,1,18.8,4.0,2024-12-16,3,1,0.3333333333333333,Neurology,50
8,2024-12-17,Afternoon,5,33.08,3.4,2024-12-17,4,2,1.25,Neurology,50
8,2024-12-17,Morning,4,33.075,3.75,2024-12-17,4,2,1.0,Neurology,50
8,2024-12-18,Afternoon,4,28.825000000000003,4.0,2024-12-18,4,2,1.0,Neurology,50
8,2024-12-18,Morning,4,34.85,4.25,2024-12-18,3,3,1.3333333333333333,Neurology,50
8,2024-12-19,Afternoon,5,31.48,4.0,2024-12-19,4,2,1.25,Neurology,50
8,2024-12-19,Morning,2,19.700000000000003,4.5,2024-12-19,4,1,0.5,Neurology,50
8,2024-12-19,Night,1,27.2,3.0,2024-12-19,3,1,0.3333333333333333,Neurology,50
8,2024-12-20,Afternoon,4,25.55,4.25,2024-12-20,4,2,1.0,Neurology,50
8,2024-12-20,Morning,1,21.6,4.0,2024-12-20,5,3,0.2,Neurology,50
8,2024-12-20,Night,2,24.4,4.0,2024-12-20,2,2,1.0,Neurology,50
8,2024-12-21,Morning,3,24.833333333333332,3.6666666666666665,2024-12-21,4,2,0.75,Neurology,50
8,2024-12-22,Afternoon,4,23.675,3.75,2024-12-22,5,2,0.8,Neurology,50
8,2024-12-22,Morning,2,25.55,4.0,2024-12-22,3,2,0.6666666666666666,Neurology,50
8,2024-12-22,Night,1,25.7,4.0,2024-12-22,3,2,0.3333333333333333,Neurology,50
8,2024-12-23,Afternoon,1,19.7,4.0,2024-12-23,3,2,0.3333333333333333,Neurology,50
8,2024-12-23,Morning,4,21.875,4.75,2024-12-23,4,2,1.0,Neurology,50
8,2024-12-24,Afternoon,4,26.65,4.0,2024-12-24,5,2,0.8,Neurology,50
8,2024-12-24,Morning,2,8.25,5.0,2024-12-24,4,2,0.5,Neurology,50
8,2024-12-24,Night,2,29.049999999999997,3.5,2024-12-24,2,1,1.0,Neurology,50
8,2024-12-25,Afternoon,3,23.566666666666666,3.3333333333333335,2024-12-25,4,3,0.75,Neurology,50
8,2024-12-25,Morning,3,18.166666666666668,4.0,2024-12-25,5,2,0.6,Neurology,50
8,2024-12-25,Night,1,23.7,3.0,2024-12-25,2,1,0.5,Neurology,50
8,2024-12-26,Afternoon,4,30.775,4.25,2024-12-26,4,2,1.0,Neurology,50
8,2024-12-26,Morning,6,29.78333333333333,4.166666666666667,2024-12-26,4,2,1.5,Neurology,50
8,2024-12-26,Night,3,28.066666666666666,4.333333333333333,2024-12-26,3,1,1.0,Neurology,50
8,2024-12-27,Afternoon,2,17.6,4.0,2024-12-27,4,2,0.5,Neurology,50
8,2024-12-27,Morning,5,28.82,3.8,2024-12-27,4,2,1.25,Neurology,50
8,2024-12-27,Night,1,22.7,5.0,2024-12-27,4,2,0.25,Neurology,50
8,2024-12-28,Afternoon,2,24.200000000000003,4.5,2024-12-28,5,2,0.4,Neurology,50
8,2024-12-28,Morning,4,29.5,3.75,2024-12-28,4,2,1.0,Neurology,50
8,2024-12-28,Night,1,27.1,2.0,2024-12-28,3,1,0.3333333333333333,Neurology,50
8,2024-12-29,Afternoon,5,28.560000000000002,4.2,2024-12-29,5,2,1.0,Neurology,50
8,2024-12-29,Morning,4,24.7,3.5,2024-12-29,5,2,0.8,Neurology,50
8,2024-12-30,Afternoon,2,25.15,3.5,2024-12-30,3,2,0.6666666666666666,Neurology,50
8,2024-12-30,Morning,2,24.95,4.5,2024-12-30,4,2,0.5,Neurology,50
8,2024-12-30,Night,3,36.800000000000004,4.0,2024-12-30,2,2,1.5,Neurology,50
8,2024-12-31,Afternoon,5,28.860000000000003,4.0,2024-12-31,3,2,1.6666666666666667,Neurology,50
8,2024-12-31,Morning,5,30.560000000000002,4.0,2024-12-31,3,2,1.6666666666666667,Neurology,50
8,2024-12-31,Night,1,12.7,4.0,2024-12-31,3,1,0.3333333333333333,Neurology,50
